area_code	kabupaten	kecamatan	kelurahan_desa	source_sheet	kecamatan_source_row	kelurahan_source_row
AREA 12	Kota Jambi	ALAM BARAJO	Rawa Sari	Kota Jambi	18	21
AREA 21	Kota Jambi	ALAM BARAJO	Kenali Besar	Kota Jambi	18	22
AREA 22	Kota Jambi	ALAM BARAJO	Mayang Mangurai	Kota Jambi	18	23
AREA 23	Kota Jambi	ALAM BARAJO	Bagan Pete	Kota Jambi	18	24
AREA 24	Kota Jambi	ALAM BARAJO	Beliung	Kota Jambi	18	25
AREA 28	Kota Jambi	ALAM BARAJO	Simpang Rimbo	Kota Jambi	18	26
AREA 29	Kota Jambi	ALAM BARAJO	Pinang Merah	Kota Jambi	18	27
AREA 25	Kota Jambi	DANAU SIPIN	Selamat	Kota Jambi	30	33
AREA 3	Kota Jambi	DANAU SIPIN	Murni	Kota Jambi	30	34
AREA 4	Kota Jambi	DANAU SIPIN	Legok	Kota Jambi	30	35
AREA 5	Kota Jambi	DANAU SIPIN	Solok Sipin	Kota Jambi	30	36
AREA 6	Kota Jambi	DANAU SIPIN	Sungai Putri	Kota Jambi	30	37
AREA 65	Kota Jambi	DANAU TELUK	Ulu Gedong	Kota Jambi	40	43
AREA 66	Kota Jambi	DANAU TELUK	Olak Kemang	Kota Jambi	40	44
AREA 67	Kota Jambi	DANAU TELUK	Tanjung Pasir	Kota Jambi	40	45
AREA 68	Kota Jambi	DANAU TELUK	Tanjung Raden	Kota Jambi	40	46
AREA 69	Kota Jambi	DANAU TELUK	Pasir Panjang	Kota Jambi	40	47
AREA 30	Kota Jambi	JAMBI SELATAN	Wijaya Pura	Kota Jambi	50	53
AREA 31	Kota Jambi	JAMBI SELATAN	Pakuan Baru	Kota Jambi	50	54
AREA 41	Kota Jambi	JAMBI SELATAN	The hok	Kota Jambi	50	55
AREA 46	Kota Jambi	JAMBI SELATAN	Pasir Putih	Kota Jambi	50	56
AREA 47	Kota Jambi	JAMBI SELATAN	Tambak Sari	Kota Jambi	50	57
AREA 49	Kota Jambi	JAMBI TIMUR	Kasang Jaya	Kota Jambi	60	63
AREA 50	Kota Jambi	JAMBI TIMUR	Kasang	Kota Jambi	60	64
AREA 51	Kota Jambi	JAMBI TIMUR	Talang Banjar	Kota Jambi	60	65
AREA 52	Kota Jambi	JAMBI TIMUR	Rajawali	Kota Jambi	60	66
AREA 53	Kota Jambi	JAMBI TIMUR	Sulanjana	Kota Jambi	60	67
AREA 54	Kota Jambi	JAMBI TIMUR	Budiman	Kota Jambi	60	68
AREA 55	Kota Jambi	JAMBI TIMUR	Tanjung Pinang	Kota Jambi	60	69
AREA 56	Kota Jambi	JAMBI TIMUR	Tanjung Sari	Kota Jambi	60	70
AREA 58	Kota Jambi	JAMBI TIMUR	Sejinjang	Kota Jambi	60	71
AREA 33	Kota Jambi	JELUTUNG	Talang Jauh	Kota Jambi	74	77
AREA 35	Kota Jambi	JELUTUNG	Cempaka Putih	Kota Jambi	74	78
AREA 36	Kota Jambi	JELUTUNG	Lebak Bandung	Kota Jambi	74	79
AREA 37	Kota Jambi	JELUTUNG	Payo Lebar	Kota Jambi	74	80
AREA 38	Kota Jambi	JELUTUNG	Jelutung	Kota Jambi	74	81
AREA 39	Kota Jambi	JELUTUNG	Kebun Handil	Kota Jambi	74	82
AREA 40	Kota Jambi	JELUTUNG	Handil Jaya	Kota Jambi	74	83
AREA 14	Kota Jambi	KOTA BARU	Simpang III Sipin	Kota Jambi	86	89
AREA 15	Kota Jambi	KOTA BARU	Sukakarya	Kota Jambi	86	90
AREA 16	Kota Jambi	KOTA BARU	Paal Lima	Kota Jambi	86	91
AREA 17	Kota Jambi	KOTA BARU	Kenali Asam Bawah	Kota Jambi	86	92
AREA 18	Kota Jambi	KOTA BARU	Kenali Asam Atas	Kota Jambi	86	93
AREA 19	Kota Jambi	KOTA BARU	Talang Gulo	Kota Jambi	86	94
AREA 20	Kota Jambi	KOTA BARU	Kenali Asam	Kota Jambi	86	95
AREA 42	Kota Jambi	PAAL MERAH	Talang Bakung	Kota Jambi	98	101
AREA 43	Kota Jambi	PAAL MERAH	Eka Jaya	Kota Jambi	98	102
AREA 44	Kota Jambi	PAAL MERAH	Lingkar Selatan	Kota Jambi	98	103
AREA 45	Kota Jambi	PAAL MERAH	Paal Merah	Kota Jambi	98	104
AREA 48	Kota Jambi	PAAL MERAH	Bakung Jaya	Kota Jambi	98	105
AREA 57	Kota Jambi	PAAL MERAH	Payo Selincah	Kota Jambi	98	106
AREA 1	Kota Jambi	PASAR JAMBI	Orang Kayo Hitam	Kota Jambi	109	112
AREA 2	Kota Jambi	PASAR JAMBI	Beringin	Kota Jambi	109	113
AREA 32	Kota Jambi	PASAR JAMBI	Pasar Jambi	Kota Jambi	109	114
AREA 34	Kota Jambi	PASAR JAMBI	Sungai Asam	Kota Jambi	109	115
AREA 59	Kota Jambi	PELAYANGAN	Arab Melayu	Kota Jambi	118	121
AREA 60	Kota Jambi	PELAYANGAN	Jelmu	Kota Jambi	118	122
AREA 61	Kota Jambi	PELAYANGAN	Mudung Laut	Kota Jambi	118	123
AREA 62	Kota Jambi	PELAYANGAN	Tengah	Kota Jambi	118	124
AREA 63	Kota Jambi	PELAYANGAN	Tahtul Yaman	Kota Jambi	118	125
AREA 64	Kota Jambi	PELAYANGAN	Tanjung Johor	Kota Jambi	118	126
AREA 10	Kota Jambi	TELANAIPURA	Simpang Empat Sipin	Kota Jambi	129	132
AREA 11	Kota Jambi	TELANAIPURA	Penyengat Rendah	Kota Jambi	129	133
AREA 26	Kota Jambi	TELANAIPURA	Pematang Sulur	Kota Jambi	129	134
AREA 27	Kota Jambi	TELANAIPURA	Aur Kenali	Kota Jambi	129	135
AREA 7	Kota Jambi	TELANAIPURA	Telanai pura	Kota Jambi	129	136
AREA 8	Kota Jambi	TELANAIPURA	Buluran Kenali	Kota Jambi	129	137
AREA 9	Kota Jambi	TELANAIPURA	Teluk Kenali	Kota Jambi	129	138
AREA 129	Ma. Jambi	BAHAR SELATAN	Bukit Subur	Ma. Jambi	18	21
AREA 130	Ma. Jambi	BAHAR SELATAN	Tri Jaya	Ma. Jambi	18	22
AREA 131	Ma. Jambi	BAHAR SELATAN	Mekar Jaya	Ma. Jambi	18	23
AREA 132	Ma. Jambi	BAHAR SELATAN	Ujung Tanjung	Ma. Jambi	18	24
AREA 133	Ma. Jambi	BAHAR SELATAN	Tanjung Baru	Ma. Jambi	18	25
AREA 134	Ma. Jambi	BAHAR SELATAN	Tanjung Mulya	Ma. Jambi	18	26
AREA 135	Ma. Jambi	BAHAR SELATAN	Adipura Kencana	Ma. Jambi	18	27
AREA 136	Ma. Jambi	BAHAR SELATAN	Bukit Jaya	Ma. Jambi	18	28
AREA 137	Ma. Jambi	BAHAR SELATAN	Tanjung Sari	Ma. Jambi	18	29
AREA 138	Ma. Jambi	BAHAR SELATAN	Tanjung Lebar	Ma. Jambi	18	30
AREA 149	Ma. Jambi	BAHAR UTARA	Bahar Mulya	Ma. Jambi	33	36
AREA 144	Ma. Jambi	BAHAR UTARA	Bukit Mulya	Ma. Jambi	33	37
AREA 147	Ma. Jambi	BAHAR UTARA	Markanding	Ma. Jambi	33	38
AREA 143	Ma. Jambi	BAHAR UTARA	Matra Manunggal	Ma. Jambi	33	39
AREA 142	Ma. Jambi	BAHAR UTARA	Mulya Jaya	Ma. Jambi	33	40
AREA 146	Ma. Jambi	BAHAR UTARA	Pinang Tinggi	Ma. Jambi	33	41
AREA 145	Ma. Jambi	BAHAR UTARA	Sumber Jaya	Ma. Jambi	33	42
AREA 141	Ma. Jambi	BAHAR UTARA	Sumber Mulya	Ma. Jambi	33	43
AREA 148	Ma. Jambi	BAHAR UTARA	Sungai Dayo	Ma. Jambi	33	44
AREA 139	Ma. Jambi	BAHAR UTARA	Talang Bukit	Ma. Jambi	33	45
AREA 140	Ma. Jambi	BAHAR UTARA	Talang Datar	Ma. Jambi	33	46
AREA 83	Ma. Jambi	JAMBI LUAR KOTA	Danau Sarang Elang	Ma. Jambi	49	52
AREA 87	Ma. Jambi	JAMBI LUAR KOTA	Kedemangan	Ma. Jambi	49	53
AREA 202	Ma. Jambi	JAMBI LUAR KOTA	Maro Sebo	Ma. Jambi	49	54
AREA 74	Ma. Jambi	JAMBI LUAR KOTA	Mendalo Darat	Ma. Jambi	49	55
AREA 85	Ma. Jambi	JAMBI LUAR KOTA	Mendalo Indah	Ma. Jambi	49	56
AREA 77	Ma. Jambi	JAMBI LUAR KOTA	Mendalo Laut	Ma. Jambi	49	57
AREA 82	Ma. Jambi	JAMBI LUAR KOTA	Muhajirin	Ma. Jambi	49	58
AREA 86	Ma. Jambi	JAMBI LUAR KOTA	Pematang Gajah	Ma. Jambi	49	59
AREA 72	Ma. Jambi	JAMBI LUAR KOTA	Pematang Jering	Ma. Jambi	49	60
AREA 80	Ma. Jambi	JAMBI LUAR KOTA	Penyengat Olak	Ma. Jambi	49	61
AREA 70	Ma. Jambi	JAMBI LUAR KOTA	Pijoan	Ma. Jambi	49	62
AREA 75	Ma. Jambi	JAMBI LUAR KOTA	Rengas Bandung	Ma. Jambi	49	63
AREA 76	Ma. Jambi	JAMBI LUAR KOTA	Sarang Burung	Ma. Jambi	49	64
AREA 78	Ma. Jambi	JAMBI LUAR KOTA	Sembubuk	Ma. Jambi	49	65
AREA 79	Ma. Jambi	JAMBI LUAR KOTA	Senaung	Ma. Jambi	49	66
AREA 84	Ma. Jambi	JAMBI LUAR KOTA	Simpang Limo	Ma. Jambi	49	67
AREA 81	Ma. Jambi	JAMBI LUAR KOTA	Simpang Sungai Duren	Ma. Jambi	49	68
AREA 71	Ma. Jambi	JAMBI LUAR KOTA	Sungai Bertam	Ma. Jambi	49	69
AREA 73	Ma. Jambi	JAMBI LUAR KOTA	Sungai Duren	Ma. Jambi	49	70
AREA 150	Ma. Jambi	KUMPEH	Tanjung	Ma. Jambi	73	76
AREA 151	Ma. Jambi	KUMPEH	Rantau Panjang	Ma. Jambi	73	77
AREA 152	Ma. Jambi	KUMPEH	Mekar Sari	Ma. Jambi	73	78
AREA 153	Ma. Jambi	KUMPEH	Puding	Ma. Jambi	73	79
AREA 154	Ma. Jambi	KUMPEH	Pulau Mentaro	Ma. Jambi	73	80
AREA 155	Ma. Jambi	KUMPEH	Betung	Ma. Jambi	73	81
AREA 156	Ma. Jambi	KUMPEH	Pematang Raman	Ma. Jambi	73	82
AREA 157	Ma. Jambi	KUMPEH	Sungai Bungur	Ma. Jambi	73	83
AREA 158	Ma. Jambi	KUMPEH	Seponjen	Ma. Jambi	73	84
AREA 159	Ma. Jambi	KUMPEH	Sogo	Ma. Jambi	73	85
AREA 160	Ma. Jambi	KUMPEH	Sungai Aur	Ma. Jambi	73	86
AREA 161	Ma. Jambi	KUMPEH	Jebus	Ma. Jambi	73	87
AREA 162	Ma. Jambi	KUMPEH	Gedong Karya	Ma. Jambi	73	88
AREA 163	Ma. Jambi	KUMPEH	Londerang	Ma. Jambi	73	89
AREA 164	Ma. Jambi	KUMPEH	Petanang	Ma. Jambi	73	90
AREA 165	Ma. Jambi	KUMPEH	Rondang	Ma. Jambi	73	91
AREA 166	Ma. Jambi	KUMPEH	Maju Jaya	Ma. Jambi	73	92
AREA 167	Ma. Jambi	KUMPEH ULU	SungaI terap	Ma. Jambi	95	98
AREA 168	Ma. Jambi	KUMPEH ULU	Pudak	Ma. Jambi	95	99
AREA 169	Ma. Jambi	KUMPEH ULU	Muara Kumpeh	Ma. Jambi	95	100
AREA 170	Ma. Jambi	KUMPEH ULU	Koto Karang	Ma. Jambi	95	101
AREA 171	Ma. Jambi	KUMPEH ULU	Kasang Lopak Alai	Ma. Jambi	95	102
AREA 172	Ma. Jambi	KUMPEH ULU	Kasang Pudak	Ma. Jambi	95	103
AREA 173	Ma. Jambi	KUMPEH ULU	Solok	Ma. Jambi	95	104
AREA 174	Ma. Jambi	KUMPEH ULU	Sakean	Ma. Jambi	95	105
AREA 175	Ma. Jambi	KUMPEH ULU	Lopak Alai	Ma. Jambi	95	106
AREA 176	Ma. Jambi	KUMPEH ULU	Tarikan	Ma. Jambi	95	107
AREA 177	Ma. Jambi	KUMPEH ULU	Ramin	Ma. Jambi	95	108
AREA 178	Ma. Jambi	KUMPEH ULU	Teluk Raya	Ma. Jambi	95	109
AREA 179	Ma. Jambi	KUMPEH ULU	Pemunduran	Ma. Jambi	95	110
AREA 180	Ma. Jambi	KUMPEH ULU	Sipin Teluk Duren	Ma. Jambi	95	111
AREA 181	Ma. Jambi	KUMPEH ULU	Arang-Arang	Ma. Jambi	95	112
AREA 182	Ma. Jambi	KUMPEH ULU	Sumber Jaya	Ma. Jambi	95	113
AREA 183	Ma. Jambi	KUMPEH ULU	Kasang Kumpeh	Ma. Jambi	95	114
AREA 184	Ma. Jambi	KUMPEH ULU	Kasang Kota Karang	Ma. Jambi	95	115
AREA 201	Ma. Jambi	MARO SEBO	Baru	Ma. Jambi	118	121
AREA 203	Ma. Jambi	MARO SEBO	Jambi Kecil	Ma. Jambi	118	122
AREA 204	Ma. Jambi	MARO SEBO	Setiris	Ma. Jambi	118	123
AREA 205	Ma. Jambi	MARO SEBO	Tanjung Katung	Ma. Jambi	118	124
AREA 206	Ma. Jambi	MARO SEBO	Jambi Tulo	Ma. Jambi	118	125
AREA 207	Ma. Jambi	MARO SEBO	Danau Lamo	Ma. Jambi	118	126
AREA 208	Ma. Jambi	MARO SEBO	Muara Jambi	Ma. Jambi	118	127
AREA 209	Ma. Jambi	MARO SEBO	Niaso	Ma. Jambi	118	128
AREA 210	Ma. Jambi	MARO SEBO	Bakung	Ma. Jambi	118	129
AREA 211	Ma. Jambi	MARO SEBO	Danau Kedap	Ma. Jambi	118	130
AREA 212	Ma. Jambi	MARO SEBO	Mudung Darat	Ma. Jambi	118	131
AREA 213	Ma. Jambi	MARO SEBO	Lubuk Raman	Ma. Jambi	118	132
AREA 103	Ma. Jambi	MESTONG	Baru	Ma. Jambi	135	138
AREA 104	Ma. Jambi	MESTONG	Suka Damai	Ma. Jambi	135	139
AREA 105	Ma. Jambi	MESTONG	Suka Maju	Ma. Jambi	135	140
AREA 106	Ma. Jambi	MESTONG	Tempino	Ma. Jambi	135	141
AREA 107	Ma. Jambi	MESTONG	Tanjung Pauh Km 32	Ma. Jambi	135	142
AREA 108	Ma. Jambi	MESTONG	Pelempang	Ma. Jambi	135	143
AREA 109	Ma. Jambi	MESTONG	Sungai Landai	Ma. Jambi	135	144
AREA 110	Ma. Jambi	MESTONG	Ibru	Ma. Jambi	135	145
AREA 111	Ma. Jambi	MESTONG	Naga Sari	Ma. Jambi	135	146
AREA 112	Ma. Jambi	MESTONG	Sebapo	Ma. Jambi	135	147
AREA 113	Ma. Jambi	MESTONG	Tanjung Pauh KM 39	Ma. Jambi	135	148
AREA 114	Ma. Jambi	MESTONG	Nyogan	Ma. Jambi	135	149
AREA 115	Ma. Jambi	MESTONG	Pondok Meja	Ma. Jambi	135	150
AREA 116	Ma. Jambi	MESTONG	Muaro Sebapo	Ma. Jambi	135	151
AREA 117	Ma. Jambi	MESTONG	Tanjung Pauh Talang Pelita	Ma. Jambi	135	152
AREA 185	Ma. Jambi	SEKERNAN	Sengeti	Ma. Jambi	155	158
AREA 186	Ma. Jambi	SEKERNAN	Suak Putat	Ma. Jambi	155	159
AREA 187	Ma. Jambi	SEKERNAN	Rantau Majo	Ma. Jambi	155	160
AREA 188	Ma. Jambi	SEKERNAN	Pulau Kayu Aro	Ma. Jambi	155	161
AREA 189	Ma. Jambi	SEKERNAN	Pematang Pulai	Ma. Jambi	155	162
AREA 190	Ma. Jambi	SEKERNAN	TanTan	Ma. Jambi	155	163
AREA 191	Ma. Jambi	SEKERNAN	Kedotan	Ma. Jambi	155	164
AREA 192	Ma. Jambi	SEKERNAN	Keranggan	Ma. Jambi	155	165
AREA 193	Ma. Jambi	SEKERNAN	Berembang	Ma. Jambi	155	166
AREA 194	Ma. Jambi	SEKERNAN	Sekernan	Ma. Jambi	155	167
AREA 195	Ma. Jambi	SEKERNAN	Gerunggung	Ma. Jambi	155	168
AREA 196	Ma. Jambi	SEKERNAN	Tunas Baru	Ma. Jambi	155	169
AREA 197	Ma. Jambi	SEKERNAN	Bukit Baling	Ma. Jambi	155	170
AREA 198	Ma. Jambi	SEKERNAN	Tanjung Lanjut	Ma. Jambi	155	171
AREA 199	Ma. Jambi	SEKERNAN	Suko Awin Jaya	Ma. Jambi	155	172
AREA 200	Ma. Jambi	SEKERNAN	Tunas Mudo	Ma. Jambi	155	173
AREA 118	Ma. Jambi	SUNGAI BAHAR	Suka Makmur	Ma. Jambi	176	179
AREA 119	Ma. Jambi	SUNGAI BAHAR	Marga Mulya	Ma. Jambi	176	180
AREA 120	Ma. Jambi	SUNGAI BAHAR	Panca Mulya	Ma. Jambi	176	181
AREA 121	Ma. Jambi	SUNGAI BAHAR	Marga	Ma. Jambi	176	182
AREA 122	Ma. Jambi	SUNGAI BAHAR	Tanjung Harapan	Ma. Jambi	176	183
AREA 123	Ma. Jambi	SUNGAI BAHAR	Bukit Makmur	Ma. Jambi	176	184
AREA 124	Ma. Jambi	SUNGAI BAHAR	Bukit Mas	Ma. Jambi	176	185
AREA 125	Ma. Jambi	SUNGAI BAHAR	Bakti Mulya	Ma. Jambi	176	186
AREA 126	Ma. Jambi	SUNGAI BAHAR	Panca Bakti	Ma. Jambi	176	187
AREA 127	Ma. Jambi	SUNGAI BAHAR	Berkah	Ma. Jambi	176	188
AREA 128	Ma. Jambi	SUNGAI BAHAR	Mekar Sari Makmur	Ma. Jambi	176	189
AREA 100	Ma. Jambi	SUNGAI GELAM	Tri mulya Jaya	Ma. Jambi	192	195
AREA 101	Ma. Jambi	SUNGAI GELAM	Mekar Jaya	Ma. Jambi	192	196
AREA 102	Ma. Jambi	SUNGAI GELAM	Gambut Jaya	Ma. Jambi	192	197
AREA 88	Ma. Jambi	SUNGAI GELAM	Ladang Panjang	Ma. Jambi	192	198
AREA 89	Ma. Jambi	SUNGAI GELAM	Sumber Agung	Ma. Jambi	192	199
AREA 90	Ma. Jambi	SUNGAI GELAM	Sido Mukti	Ma. Jambi	192	200
AREA 91	Ma. Jambi	SUNGAI GELAM	Kebon IX	Ma. Jambi	192	201
AREA 92	Ma. Jambi	SUNGAI GELAM	Talang Belido	Ma. Jambi	192	202
AREA 93	Ma. Jambi	SUNGAI GELAM	Talang Kerinci	Ma. Jambi	192	203
AREA 94	Ma. Jambi	SUNGAI GELAM	Tangkit	Ma. Jambi	192	204
AREA 95	Ma. Jambi	SUNGAI GELAM	Tangkit Baru	Ma. Jambi	192	205
AREA 96	Ma. Jambi	SUNGAI GELAM	Sungai Gelam	Ma. Jambi	192	206
AREA 97	Ma. Jambi	SUNGAI GELAM	Parit	Ma. Jambi	192	207
AREA 98	Ma. Jambi	SUNGAI GELAM	Petaling Jaya	Ma. Jambi	192	208
AREA 99	Ma. Jambi	SUNGAI GELAM	Mingkung Jaya	Ma. Jambi	192	209
AREA 214	Ma. Jambi	TAMAN RAJO	Kunangan	Ma. Jambi	212	215
AREA 215	Ma. Jambi	TAMAN RAJO	Talang Duku	Ma. Jambi	212	216
AREA 216	Ma. Jambi	TAMAN RAJO	Tebat Patah	Ma. Jambi	212	217
AREA 217	Ma. Jambi	TAMAN RAJO	Kemingking Dalam	Ma. Jambi	212	218
AREA 218	Ma. Jambi	TAMAN RAJO	Teluk Jambu	Ma. Jambi	212	219
AREA 219	Ma. Jambi	TAMAN RAJO	Sekumbung	Ma. Jambi	212	220
AREA 220	Ma. Jambi	TAMAN RAJO	Kemingking Luar	Ma. Jambi	212	221
AREA 221	Ma. Jambi	TAMAN RAJO	Rukam	Ma. Jambi	212	222
AREA 222	Ma. Jambi	TAMAN RAJO	Manis Mato	Ma. Jambi	212	223
AREA 223	Ma. Jambi	TAMAN RAJO	Dusun Mudo	Ma. Jambi	212	224
AREA 377	Batanghari	BAJUBANG	Bajubang	Batanghari	15	18
AREA 378	Batanghari	BAJUBANG	Batin	Batanghari	15	19
AREA 379	Batanghari	BAJUBANG	Bungku	Batanghari	15	20
AREA 380	Batanghari	BAJUBANG	Ladang Peris	Batanghari	15	21
AREA 381	Batanghari	BAJUBANG	Mekar Jaya	Batanghari	15	22
AREA 382	Batanghari	BAJUBANG	Mekar Sari Nes	Batanghari	15	23
AREA 383	Batanghari	BAJUBANG	Penerokan	Batanghari	15	24
AREA 384	Batanghari	BAJUBANG	Petajen	Batanghari	15	25
AREA 385	Batanghari	BAJUBANG	Pompa Air	Batanghari	15	26
AREA 386	Batanghari	BAJUBANG	Sungkai	Batanghari	15	27
AREA 443	Batanghari	BATIN XXIV	Aur Gading	Batanghari	30	33
AREA 444	Batanghari	BATIN XXIV	Bulian Baru	Batanghari	30	34
AREA 445	Batanghari	BATIN XXIV	Durian Luncuk	Batanghari	30	35
AREA 446	Batanghari	BATIN XXIV	Hajran	Batanghari	30	36
AREA 447	Batanghari	BATIN XXIV	Jangga	Batanghari	30	37
AREA 448	Batanghari	BATIN XXIV	Jangga Baru	Batanghari	30	38
AREA 449	Batanghari	BATIN XXIV	Jelutih	Batanghari	30	39
AREA 450	Batanghari	BATIN XXIV	Karmeo	Batanghari	30	40
AREA 451	Batanghari	BATIN XXIV	Koto Buayo	Batanghari	30	41
AREA 452	Batanghari	BATIN XXIV	Mata Gual	Batanghari	30	42
AREA 453	Batanghari	BATIN XXIV	Muara Jangga	Batanghari	30	43
AREA 454	Batanghari	BATIN XXIV	Olak Besar	Batanghari	30	44
AREA 455	Batanghari	BATIN XXIV	Paku Aji	Batanghari	30	45
AREA 456	Batanghari	BATIN XXIV	Simpang Aur Gading	Batanghari	30	46
AREA 457	Batanghari	BATIN XXIV	Simpang Jelutih	Batanghari	30	47
AREA 458	Batanghari	BATIN XXIV	Simpang Karmeo	Batanghari	30	48
AREA 459	Batanghari	BATIN XXIV	Terentang Baru	Batanghari	30	49
AREA 436	Batanghari	MARO SEBO ILIR	Bukit Sari	Batanghari	52	55
AREA 437	Batanghari	MARO SEBO ILIR	Bulian Jaya	Batanghari	52	56
AREA 438	Batanghari	MARO SEBO ILIR	Danau Embat	Batanghari	52	57
AREA 439	Batanghari	MARO SEBO ILIR	Danau Embat	Batanghari	52	58
AREA 440	Batanghari	MARO SEBO ILIR	Karya Mukti	Batanghari	52	59
AREA 441	Batanghari	MARO SEBO ILIR	Terusan	Batanghari	52	60
AREA 442	Batanghari	MARO SEBO ILIR	Tidar Kuranji	Batanghari	52	61
AREA 387	Batanghari	MARO SEBO ULU	Batu Sawar	Batanghari	64	67
AREA 388	Batanghari	MARO SEBO ULU	Buluh Kasab	Batanghari	64	68
AREA 389	Batanghari	MARO SEBO ULU	Kampung Baru	Batanghari	64	69
AREA 390	Batanghari	MARO SEBO ULU	Kembang Seri	Batanghari	64	70
AREA 391	Batanghari	MARO SEBO ULU	Kembang Seri Baru	Batanghari	64	71
AREA 392	Batanghari	MARO SEBO ULU	Mekar Sari	Batanghari	64	72
AREA 393	Batanghari	MARO SEBO ULU	Olak Kemang	Batanghari	64	73
AREA 394	Batanghari	MARO SEBO ULU	Padang Kelapo	Batanghari	64	74
AREA 395	Batanghari	MARO SEBO ULU	Peninjauan	Batanghari	64	75
AREA 396	Batanghari	MARO SEBO ULU	Rawa Mekar	Batanghari	64	76
AREA 397	Batanghari	MARO SEBO ULU	Rengas Sembilan	Batanghari	64	77
AREA 398	Batanghari	MARO SEBO ULU	Simpang Sungai Rengas	Batanghari	64	78
AREA 399	Batanghari	MARO SEBO ULU	Sungai Lingkar	Batanghari	64	79
AREA 400	Batanghari	MARO SEBO ULU	Sungai Ruan Ilir	Batanghari	64	80
AREA 401	Batanghari	MARO SEBO ULU	Sungai Ruan Ulu	Batanghari	64	81
AREA 402	Batanghari	MARO SEBO ULU	Tebing Tinggi	Batanghari	64	82
AREA 403	Batanghari	MARO SEBO ULU	Teluk Leban	Batanghari	64	83
AREA 418	Batanghari	MERSAM	Belanti Jaya	Batanghari	86	89
AREA 419	Batanghari	MERSAM	Benteng Rendah	Batanghari	86	90
AREA 420	Batanghari	MERSAM	Bukit harapan	Batanghari	86	91
AREA 421	Batanghari	MERSAM	Bukit Kemuning	Batanghari	86	92
AREA 422	Batanghari	MERSAM	Kembang Paseban	Batanghari	86	93
AREA 423	Batanghari	MERSAM	Kembang Tanjung	Batanghari	86	94
AREA 424	Batanghari	MERSAM	Mersam	Batanghari	86	95
AREA 425	Batanghari	MERSAM	Pematang Gadung	Batanghari	86	96
AREA 426	Batanghari	MERSAM	Rantau Gedang	Batanghari	86	97
AREA 427	Batanghari	MERSAM	Sengkati Baru	Batanghari	86	98
AREA 428	Batanghari	MERSAM	Sengkati Gedang	Batanghari	86	99
AREA 429	Batanghari	MERSAM	Sengkati Kecil	Batanghari	86	100
AREA 430	Batanghari	MERSAM	Sengkati Mudo	Batanghari	86	101
AREA 431	Batanghari	MERSAM	Simpang Rantau Gedang	Batanghari	86	102
AREA 432	Batanghari	MERSAM	Sungai Puar	Batanghari	86	103
AREA 433	Batanghari	MERSAM	Sungai Puar	Batanghari	86	104
AREA 434	Batanghari	MERSAM	Tanjung Putra	Batanghari	86	105
AREA 435	Batanghari	MERSAM	Tapah Sari	Batanghari	86	106
AREA 356	Batanghari	MUARA BULIAN	Aro	Batanghari	109	112
AREA 357	Batanghari	MUARA BULIAN	Bajubang Laut	Batanghari	109	113
AREA 358	Batanghari	MUARA BULIAN	Kilangan	Batanghari	109	114
AREA 359	Batanghari	MUARA BULIAN	Malapari	Batanghari	109	115
AREA 360	Batanghari	MUARA BULIAN	Muara Bulian	Batanghari	109	116
AREA 361	Batanghari	MUARA BULIAN	Muara Singoan	Batanghari	109	117
AREA 362	Batanghari	MUARA BULIAN	Napal Sisik	Batanghari	109	118
AREA 363	Batanghari	MUARA BULIAN	Olak	Batanghari	109	119
AREA 364	Batanghari	MUARA BULIAN	Pasar Baru	Batanghari	109	120
AREA 365	Batanghari	MUARA BULIAN	Pasar Terusan	Batanghari	109	121
AREA 366	Batanghari	MUARA BULIAN	Pelayangan	Batanghari	109	122
AREA 367	Batanghari	MUARA BULIAN	Rambahan	Batanghari	109	123
AREA 368	Batanghari	MUARA BULIAN	Rantau Puri	Batanghari	109	124
AREA 369	Batanghari	MUARA BULIAN	Rengas Condong	Batanghari	109	125
AREA 370	Batanghari	MUARA BULIAN	Simpang Terusan	Batanghari	109	126
AREA 371	Batanghari	MUARA BULIAN	Singkawang	Batanghari	109	127
AREA 372	Batanghari	MUARA BULIAN	Sridadi	Batanghari	109	128
AREA 373	Batanghari	MUARA BULIAN	Sungai baung	Batanghari	109	129
AREA 374	Batanghari	MUARA BULIAN	Sungai Buluh	Batanghari	109	130
AREA 375	Batanghari	MUARA BULIAN	Tenam	Batanghari	109	131
AREA 376	Batanghari	MUARA BULIAN	Teratai	Batanghari	109	132
AREA 404	Batanghari	MUARA TEMBESI	Ampelu	Batanghari	135	138
AREA 405	Batanghari	MUARA TEMBESI	Ampelu Mudo	Batanghari	135	139
AREA 406	Batanghari	MUARA TEMBESI	Jebak	Batanghari	135	140
AREA 407	Batanghari	MUARA TEMBESI	Kampung Baru	Batanghari	135	141
AREA 408	Batanghari	MUARA TEMBESI	Pasar Muara Tembesi	Batanghari	135	142
AREA 409	Batanghari	MUARA TEMBESI	Pelayangan	Batanghari	135	143
AREA 410	Batanghari	MUARA TEMBESI	Pematang Lima Suku	Batanghari	135	144
AREA 411	Batanghari	MUARA TEMBESI	Pulau	Batanghari	135	145
AREA 412	Batanghari	MUARA TEMBESI	Rambutan Masam	Batanghari	135	146
AREA 413	Batanghari	MUARA TEMBESI	Rantau Kapas Mudo	Batanghari	135	147
AREA 414	Batanghari	MUARA TEMBESI	Rantau Kapas Tuo	Batanghari	135	148
AREA 415	Batanghari	MUARA TEMBESI	Suka Ramai	Batanghari	135	149
AREA 416	Batanghari	MUARA TEMBESI	Sungai Pulai	Batanghari	135	150
AREA 417	Batanghari	MUARA TEMBESI	Tanjung Marwo	Batanghari	135	151
AREA 460	Batanghari	PEMAYUNG	Awin	Batanghari	154	157
AREA 461	Batanghari	PEMAYUNG	Jembatan Mas	Batanghari	154	158
AREA 462	Batanghari	PEMAYUNG	Kampung Pulau	Batanghari	154	159
AREA 463	Batanghari	PEMAYUNG	Kaos	Batanghari	154	160
AREA 464	Batanghari	PEMAYUNG	Kuap	Batanghari	154	161
AREA 465	Batanghari	PEMAYUNG	Kubu Kandang	Batanghari	154	162
AREA 466	Batanghari	PEMAYUNG	Lopak Aur	Batanghari	154	163
AREA 467	Batanghari	PEMAYUNG	Lubuk Ruso	Batanghari	154	164
AREA 468	Batanghari	PEMAYUNG	Olak Rambahan	Batanghari	154	165
AREA 469	Batanghari	PEMAYUNG	Pulau Betung	Batanghari	154	166
AREA 470	Batanghari	PEMAYUNG	Pulau Raman	Batanghari	154	167
AREA 471	Batanghari	PEMAYUNG	Selat	Batanghari	154	168
AREA 472	Batanghari	PEMAYUNG	Senaning	Batanghari	154	169
AREA 473	Batanghari	PEMAYUNG	Serasah	Batanghari	154	170
AREA 474	Batanghari	PEMAYUNG	Simpang Kubu Kandang	Batanghari	154	171
AREA 475	Batanghari	PEMAYUNG	Tebing Tinggi	Batanghari	154	172
AREA 476	Batanghari	PEMAYUNG	Teluk	Batanghari	154	173
AREA 477	Batanghari	PEMAYUNG	Teluk Ketapang	Batanghari	154	174
AREA 478	Batanghari	PEMAYUNG	Ture	Batanghari	154	175
AREA 1395	Sarolangun	AIR HITAM	Baru	Sarolangun	18	21
AREA 1396	Sarolangun	AIR HITAM	Lubuk Jering	Sarolangun	18	22
AREA 1397	Sarolangun	AIR HITAM	Jernih	Sarolangun	18	23
AREA 1398	Sarolangun	AIR HITAM	Semurung	Sarolangun	18	24
AREA 1399	Sarolangun	AIR HITAM	Lubuk Kepayang	Sarolangun	18	25
AREA 1400	Sarolangun	AIR HITAM	Pematang Kabau	Sarolangun	18	26
AREA 1401	Sarolangun	AIR HITAM	Bukit suban	Sarolangun	18	27
AREA 1402	Sarolangun	AIR HITAM	Mentawak Baru	Sarolangun	18	28
AREA 1403	Sarolangun	AIR HITAM	Mentawak Ulu	Sarolangun	18	29
AREA 1372	Sarolangun	BATANG ASAI	Tambak Ratu	Sarolangun	32	35
AREA 1373	Sarolangun	BATANG ASAI	Sungai keradak	Sarolangun	32	36
AREA 1374	Sarolangun	BATANG ASAI	Muaro Air Dua	Sarolangun	32	37
AREA 1375	Sarolangun	BATANG ASAI	Simpang Narso	Sarolangun	32	38
AREA 1376	Sarolangun	BATANG ASAI	Batin Pengambang	Sarolangun	32	39
AREA 1377	Sarolangun	BATANG ASAI	Batu Empang	Sarolangun	32	40
AREA 1378	Sarolangun	BATANG ASAI	Rantau Panjang	Sarolangun	32	41
AREA 1379	Sarolangun	BATANG ASAI	Pulau Salak Baru	Sarolangun	32	42
AREA 1380	Sarolangun	BATANG ASAI	Muaro Pemuat	Sarolangun	32	43
AREA 1381	Sarolangun	BATANG ASAI	Lubuk Bangkar	Sarolangun	32	44
AREA 1382	Sarolangun	BATANG ASAI	Pekan Gedang	Sarolangun	32	45
AREA 1383	Sarolangun	BATANG ASAI	Raden Anom	Sarolangun	32	46
AREA 1384	Sarolangun	BATANG ASAI	Datuk Nan Duo	Sarolangun	32	47
AREA 1385	Sarolangun	BATANG ASAI	Bukit Kalimau Ulu	Sarolangun	32	48
AREA 1386	Sarolangun	BATANG ASAI	Sungai Bemban	Sarolangun	32	49
AREA 1387	Sarolangun	BATANG ASAI	Muaro Cuban	Sarolangun	32	50
AREA 1388	Sarolangun	BATANG ASAI	Sungai baung	Sarolangun	32	51
AREA 1389	Sarolangun	BATANG ASAI	Padang Jering	Sarolangun	32	52
AREA 1390	Sarolangun	BATANG ASAI	Kasiro	Sarolangun	32	53
AREA 1391	Sarolangun	BATANG ASAI	Kasiro ilir	Sarolangun	32	54
AREA 1392	Sarolangun	BATANG ASAI	Bukit berantai	Sarolangun	32	55
AREA 1393	Sarolangun	BATANG ASAI	Bukit Sulah	Sarolangun	32	56
AREA 1394	Sarolangun	BATANG ASAI	Paniban Baru	Sarolangun	32	57
AREA 1314	Sarolangun	BATHIN VIII	Teluk Kecimbung	Sarolangun	60	63
AREA 1315	Sarolangun	BATHIN VIII	Limbur Tembesi	Sarolangun	60	64
AREA 1316	Sarolangun	BATHIN VIII	Rantau Gedang	Sarolangun	60	65
AREA 1317	Sarolangun	BATHIN VIII	Penarun	Sarolangun	60	66
AREA 1318	Sarolangun	BATHIN VIII	Pulau lintang	Sarolangun	60	67
AREA 1319	Sarolangun	BATHIN VIII	Tanjung	Sarolangun	60	68
AREA 1320	Sarolangun	BATHIN VIII	Bangun Jayo	Sarolangun	60	69
AREA 1321	Sarolangun	BATHIN VIII	Pulau Melako	Sarolangun	60	70
AREA 1322	Sarolangun	BATHIN VIII	Batu Penyabung	Sarolangun	60	71
AREA 1323	Sarolangun	BATHIN VIII	Tanjunggagak	Sarolangun	60	72
AREA 1324	Sarolangun	BATHIN VIII	Pulau buayo	Sarolangun	60	73
AREA 1325	Sarolangun	BATHIN VIII	Dusun Dalam	Sarolangun	60	74
AREA 1326	Sarolangun	BATHIN VIII	MuaraLati	Sarolangun	60	75
AREA 1327	Sarolangun	BATHIN VIII	Suka Jadi	Sarolangun	60	76
AREA 1328	Sarolangun	BATHIN VIII	Teluk Mancur	Sarolangun	60	77
AREA 1288	Sarolangun	CERMIN NAN GEDANG	Kampung Tujuh	Sarolangun	80	83
AREA 1289	Sarolangun	CERMIN NAN GEDANG	Lubuk Resam	Sarolangun	80	84
AREA 1290	Sarolangun	CERMIN NAN GEDANG	Teluk rendah	Sarolangun	80	85
AREA 1291	Sarolangun	CERMIN NAN GEDANG	Teluk tigo	Sarolangun	80	86
AREA 1292	Sarolangun	CERMIN NAN GEDANG	Lubuk Resam Hilir	Sarolangun	80	87
AREA 1293	Sarolangun	CERMIN NAN GEDANG	Pemuncak	Sarolangun	80	88
AREA 1294	Sarolangun	CERMIN NAN GEDANG	Tambang Tinggi	Sarolangun	80	89
AREA 1295	Sarolangun	CERMIN NAN GEDANG	Tendah	Sarolangun	80	90
AREA 1296	Sarolangun	CERMIN NAN GEDANG	Sungaikeramat	Sarolangun	80	91
AREA 1297	Sarolangun	CERMIN NAN GEDANG	Sekamis	Sarolangun	80	92
AREA 1298	Sarolangun	LIMUN	Muaro Mansao	Sarolangun	95	98
AREA 1299	Sarolangun	LIMUN	Pulau pandan	Sarolangun	95	99
AREA 1300	Sarolangun	LIMUN	Temenggung	Sarolangun	95	100
AREA 1301	Sarolangun	LIMUN	Ranggo	Sarolangun	95	101
AREA 1302	Sarolangun	LIMUN	Panca Karya	Sarolangun	95	102
AREA 1303	Sarolangun	LIMUN	Lubuk Bedorong	Sarolangun	95	103
AREA 1304	Sarolangun	LIMUN	Meribung	Sarolangun	95	104
AREA 1305	Sarolangun	LIMUN	Napal Melintang	Sarolangun	95	105
AREA 1306	Sarolangun	LIMUN	Berkun	Sarolangun	95	106
AREA 1307	Sarolangun	LIMUN	Mersip	Sarolangun	95	107
AREA 1308	Sarolangun	LIMUN	Tanjung Raden	Sarolangun	95	108
AREA 1309	Sarolangun	LIMUN	Moenti	Sarolangun	95	109
AREA 1310	Sarolangun	LIMUN	Demang	Sarolangun	95	110
AREA 1311	Sarolangun	LIMUN	Temalang	Sarolangun	95	111
AREA 1312	Sarolangun	LIMUN	Muara Limun	Sarolangun	95	112
AREA 1313	Sarolangun	LIMUN	Suka Damai	Sarolangun	95	113
AREA 1428	Sarolangun	MANDIANGIN	Muara Ketalo	Sarolangun	116	119
AREA 1429	Sarolangun	MANDIANGIN	Kertopati	Sarolangun	116	120
AREA 1430	Sarolangun	MANDIANGIN	Taman Dewa	Sarolangun	116	121
AREA 1431	Sarolangun	MANDIANGIN	BUKIT PERANGINAN	Sarolangun	116	122
AREA 1432	Sarolangun	MANDIANGIN	SUNGAI ROTAN	Sarolangun	116	123
AREA 1433	Sarolangun	MANDIANGIN	Mandiangin	Sarolangun	116	124
AREA 1434	Sarolangun	MANDIANGIN	Rangkiling Simpang	Sarolangun	116	125
AREA 1435	Sarolangun	MANDIANGIN	Pemusiran	Sarolangun	116	126
AREA 1436	Sarolangun	MANDIANGIN	Gurun Tuo Simpang	Sarolangun	116	127
AREA 1437	Sarolangun	MANDIANGIN	Gurun Mudo	Sarolangun	116	128
AREA 1438	Sarolangun	MANDIANGIN	Gurun Tuo	Sarolangun	116	129
AREA 1439	Sarolangun	MANDIANGIN	Rangkiling	Sarolangun	116	130
AREA 1440	Sarolangun	MANDIANGIN	Mandiangin Tuo	Sarolangun	116	131
AREA 1441	Sarolangun	MANDIANGIN	Simpang Kertopati	Sarolangun	116	132
AREA 1442	Sarolangun	MANDIANGIN	Gurun Baru	Sarolangun	116	133
AREA 1443	Sarolangun	MANDIANGIN	Kute Jaye	Sarolangun	116	134
AREA 1444	Sarolangun	MANDIANGIN	Mandiangin Pasar	Sarolangun	116	135
AREA 1445	Sarolangun	MANDIANGIN	Talang Serdang	Sarolangun	116	136
AREA 1418	Sarolangun	MANDIANGIN TIMUR	Suka Maju	Sarolangun	139	142
AREA 1419	Sarolangun	MANDIANGIN TIMUR	Meranti Baru	Sarolangun	139	143
AREA 1420	Sarolangun	MANDIANGIN TIMUR	Petiduran Baru	Sarolangun	139	144
AREA 1421	Sarolangun	MANDIANGIN TIMUR	Guruh Baru	Sarolangun	139	145
AREA 1422	Sarolangun	MANDIANGIN TIMUR	Butang Baru	Sarolangun	139	146
AREA 1423	Sarolangun	MANDIANGIN TIMUR	Jati Baru	Sarolangun	139	147
AREA 1424	Sarolangun	MANDIANGIN TIMUR	Sungai butang	Sarolangun	139	148
AREA 1425	Sarolangun	MANDIANGIN TIMUR	Jernang Baru	Sarolangun	139	149
AREA 1426	Sarolangun	MANDIANGIN TIMUR	Meranti Jaya	Sarolangun	139	150
AREA 1427	Sarolangun	MANDIANGIN TIMUR	Jati Baru Mudo	Sarolangun	139	151
AREA 1404	Sarolangun	PAUH	Pauh	Sarolangun	154	157
AREA 1405	Sarolangun	PAUH	PENGIDARAN	Sarolangun	154	158
AREA 1406	Sarolangun	PAUH	Karang Mendapo	Sarolangun	154	159
AREA 1407	Sarolangun	PAUH	Batu Ampar	Sarolangun	154	160
AREA 1408	Sarolangun	PAUH	Batu Kucing	Sarolangun	154	161
AREA 1409	Sarolangun	PAUH	Semaran	Sarolangun	154	162
AREA 1410	Sarolangun	PAUH	Kasang Melintang	Sarolangun	154	163
AREA 1411	Sarolangun	PAUH	Pangkal Bulian	Sarolangun	154	164
AREA 1412	Sarolangun	PAUH	Lubuk Napal	Sarolangun	154	165
AREA 1413	Sarolangun	PAUH	Sepintun	Sarolangun	154	166
AREA 1414	Sarolangun	PAUH	Lamban Sigatal	Sarolangun	154	167
AREA 1415	Sarolangun	PAUH	Seko Besar	Sarolangun	154	168
AREA 1416	Sarolangun	PAUH	Taman Bandung	Sarolangun	154	169
AREA 1417	Sarolangun	PAUH	Danau Serdang	Sarolangun	154	170
AREA 1345	Sarolangun	PELAWAN	Pulau Aro	Sarolangun	173	176
AREA 1346	Sarolangun	PELAWAN	Pematang Kulim	Sarolangun	173	177
AREA 1347	Sarolangun	PELAWAN	Mekar Sari	Sarolangun	173	178
AREA 1348	Sarolangun	PELAWAN	Penegah	Sarolangun	173	179
AREA 1349	Sarolangun	PELAWAN	Pelawan	Sarolangun	173	180
AREA 1350	Sarolangun	PELAWAN	Bukit	Sarolangun	173	181
AREA 1351	Sarolangun	PELAWAN	Lubuk Sepuh	Sarolangun	173	182
AREA 1352	Sarolangun	PELAWAN	Rantau Tenang	Sarolangun	173	183
AREA 1353	Sarolangun	PELAWAN	Muara danau	Sarolangun	173	184
AREA 1354	Sarolangun	PELAWAN	Sungai merah	Sarolangun	173	185
AREA 1355	Sarolangun	PELAWAN	Batu Putih	Sarolangun	173	186
AREA 1356	Sarolangun	PELAWAN	Pasar Pelawan	Sarolangun	173	187
AREA 1357	Sarolangun	PELAWAN	Pelawan Jaya	Sarolangun	173	188
AREA 1358	Sarolangun	PELAWAN	Lubuk Sayak	Sarolangun	173	189
AREA 1329	Sarolangun	SAROLANGUN	Aur Gading	Sarolangun	192	195
AREA 1330	Sarolangun	SAROLANGUN	Sungai baung	Sarolangun	192	196
AREA 1331	Sarolangun	SAROLANGUN	Baru	Sarolangun	192	197
AREA 1332	Sarolangun	SAROLANGUN	Tinting	Sarolangun	192	198
AREA 1333	Sarolangun	SAROLANGUN	Dusun Sarolangun	Sarolangun	192	199
AREA 1334	Sarolangun	SAROLANGUN	Sukasari	Sarolangun	192	200
AREA 1335	Sarolangun	SAROLANGUN	Pasar Sarolangun	Sarolangun	192	201
AREA 1336	Sarolangun	SAROLANGUN	Sarolangun Kembang	Sarolangun	192	202
AREA 1337	Sarolangun	SAROLANGUN	Gunungkembang	Sarolangun	192	203
AREA 1338	Sarolangun	SAROLANGUN	Bernai	Sarolangun	192	204
AREA 1339	Sarolangun	SAROLANGUN	Panti	Sarolangun	192	205
AREA 1340	Sarolangun	SAROLANGUN	SUNGAI ABANG	Sarolangun	192	206
AREA 1341	Sarolangun	SAROLANGUN	Lidung	Sarolangun	192	207
AREA 1342	Sarolangun	SAROLANGUN	Ladang Panjang	Sarolangun	192	208
AREA 1343	Sarolangun	SAROLANGUN	Ujung Tanjung	Sarolangun	192	209
AREA 1344	Sarolangun	SAROLANGUN	Bernai Dalam	Sarolangun	192	210
AREA 1359	Sarolangun	SINGKUT	Sungai benteng	Sarolangun	213	216
AREA 1360	Sarolangun	SINGKUT	Sungai gedang	Sarolangun	213	217
AREA 1361	Sarolangun	SINGKUT	Bukit tigo	Sarolangun	213	218
AREA 1362	Sarolangun	SINGKUT	Payo Lebar	Sarolangun	213	219
AREA 1363	Sarolangun	SINGKUT	Perdamaian	Sarolangun	213	220
AREA 1364	Sarolangun	SINGKUT	Pasar Singkut	Sarolangun	213	221
AREA 1365	Sarolangun	SINGKUT	Siliwangi	Sarolangun	213	222
AREA 1366	Sarolangun	SINGKUT	Simpang Nibung	Sarolangun	213	223
AREA 1367	Sarolangun	SINGKUT	Bukitbumi Raya	Sarolangun	213	224
AREA 1368	Sarolangun	SINGKUT	Argo Sari	Sarolangun	213	225
AREA 1369	Sarolangun	SINGKUT	Sendang Sari	Sarolangun	213	226
AREA 1370	Sarolangun	SINGKUT	Bukit murau	Sarolangun	213	227
AREA 1371	Sarolangun	SINGKUT	Bukit talang Mas	Sarolangun	213	228
AREA 1074	Merangin	BANGKO	Mudo	Merangin	31	34
AREA 1075	Merangin	BANGKO	Pasar Bangko	Merangin	31	35
AREA 1076	Merangin	BANGKO	Kungkai	Merangin	31	36
AREA 1077	Merangin	BANGKO	Langling	Merangin	31	37
AREA 1078	Merangin	BANGKO	Sungai Kapas	Merangin	31	38
AREA 1079	Merangin	BANGKO	Pasar Atas Bangko	Merangin	31	39
AREA 1080	Merangin	BANGKO	Dusun Bangko	Merangin	31	40
AREA 1081	Merangin	BANGKO	Pematang Kandis	Merangin	31	41
AREA 1082	Merangin	BANGKO BARAT	Pulau Rengas	Merangin	44	47
AREA 1083	Merangin	BANGKO BARAT	Biuku Tanjung	Merangin	44	48
AREA 1084	Merangin	BANGKO BARAT	Bedeng Rejo	Merangin	44	49
AREA 1085	Merangin	BANGKO BARAT	Sungai Putih	Merangin	44	50
AREA 1086	Merangin	BANGKO BARAT	Bukit Beringin	Merangin	44	51
AREA 1087	Merangin	BANGKO BARAT	Pulau Rengas Ulu	Merangin	44	52
AREA 1088	Merangin	BATANG MASUMAI	Lubuk Gaung	Merangin	55	58
AREA 1089	Merangin	BATANG MASUMAI	Salam Buku	Merangin	55	59
AREA 1090	Merangin	BATANG MASUMAI	Pulau Baru	Merangin	55	60
AREA 1091	Merangin	BATANG MASUMAI	Nibung	Merangin	55	61
AREA 1092	Merangin	BATANG MASUMAI	Titian Teras	Merangin	55	62
AREA 1093	Merangin	BATANG MASUMAI	Kederasan Panjang	Merangin	55	63
AREA 1094	Merangin	BATANG MASUMAI	Rantau Alai	Merangin	55	64
AREA 1095	Merangin	BATANG MASUMAI	Tambang Besi	Merangin	55	65
AREA 1096	Merangin	BATANG MASUMAI	Pelangki	Merangin	55	66
AREA 1097	Merangin	BATANG MASUMAI	Pulau Layang	Merangin	55	67
AREA 1248	Merangin	JANGKAT	Renah Kemumu	Merangin	70	73
AREA 1249	Merangin	JANGKAT	Tanjung Kasri	Merangin	70	74
AREA 1250	Merangin	JANGKAT	Lubuk Mentilin	Merangin	70	75
AREA 1251	Merangin	JANGKAT	Rantau Kermas	Merangin	70	76
AREA 1252	Merangin	JANGKAT	Renah Alai	Merangin	70	77
AREA 1253	Merangin	JANGKAT	Pulau Tengah	Merangin	70	78
AREA 1254	Merangin	JANGKAT	Lubuk Pungguk	Merangin	70	79
AREA 1255	Merangin	JANGKAT	Koto Renah	Merangin	70	80
AREA 1256	Merangin	JANGKAT	Muara Madras	Merangin	70	81
AREA 1257	Merangin	JANGKAT	Renah Pelaan	Merangin	70	82
AREA 1258	Merangin	JANGKAT	Koto Rawang	Merangin	70	83
AREA 1274	Merangin	JANGKAT TIMUR	Baru	Merangin	86	89
AREA 1275	Merangin	JANGKAT TIMUR	Tanjung Benuang	Merangin	86	90
AREA 1276	Merangin	JANGKAT TIMUR	Jangkat	Merangin	86	91
AREA 1277	Merangin	JANGKAT TIMUR	Tanjung Mudo	Merangin	86	92
AREA 1278	Merangin	JANGKAT TIMUR	Koto Teguh	Merangin	86	93
AREA 1279	Merangin	JANGKAT TIMUR	Talang Tembago	Merangin	86	94
AREA 1280	Merangin	JANGKAT TIMUR	Beringin Tinggi	Merangin	86	95
AREA 1281	Merangin	JANGKAT TIMUR	Pematang Pauh	Merangin	86	96
AREA 1282	Merangin	JANGKAT TIMUR	Rantau Suli	Merangin	86	97
AREA 1283	Merangin	JANGKAT TIMUR	Gedang	Merangin	86	98
AREA 1284	Merangin	JANGKAT TIMUR	Koto Baru	Merangin	86	99
AREA 1285	Merangin	JANGKAT TIMUR	Tanjung Alam	Merangin	86	100
AREA 1286	Merangin	JANGKAT TIMUR	Kabu	Merangin	86	101
AREA 1287	Merangin	JANGKAT TIMUR	Simpang Talang Tembago	Merangin	86	102
AREA 1259	Merangin	LEMBAH MASURAI	Tuo	Merangin	105	108
AREA 1260	Merangin	LEMBAH MASURAI	Muaro Pangi	Merangin	105	109
AREA 1261	Merangin	LEMBAH MASURAI	Nilo Dingin	Merangin	105	110
AREA 1262	Merangin	LEMBAH MASURAI	Tanjung Berugo	Merangin	105	111
AREA 1263	Merangin	LEMBAH MASURAI	Koto Rami	Merangin	105	112
AREA 1264	Merangin	LEMBAH MASURAI	Rancan	Merangin	105	113
AREA 1265	Merangin	LEMBAH MASURAI	Pasar Masurai	Merangin	105	114
AREA 1266	Merangin	LEMBAH MASURAI	Rantau Jering	Merangin	105	115
AREA 1267	Merangin	LEMBAH MASURAI	Tanjung Dalam	Merangin	105	116
AREA 1268	Merangin	LEMBAH MASURAI	Sungai Lalang	Merangin	105	117
AREA 1269	Merangin	LEMBAH MASURAI	Talang Asal	Merangin	105	118
AREA 1270	Merangin	LEMBAH MASURAI	Muara Kelukup	Merangin	105	119
AREA 1271	Merangin	LEMBAH MASURAI	Muaro Lengayo	Merangin	105	120
AREA 1272	Merangin	LEMBAH MASURAI	Talang Paruh	Merangin	105	121
AREA 1273	Merangin	LEMBAH MASURAI	Durian Mukut	Merangin	105	122
AREA 1191	Merangin	MARGO TABIR	Tanjung Rejo	Merangin	125	128
AREA 1192	Merangin	MARGO TABIR	Sumber Agung	Merangin	125	129
AREA 1193	Merangin	MARGO TABIR	Suko Rejo	Merangin	125	130
AREA 1194	Merangin	MARGO TABIR	Sido Rukun	Merangin	125	131
AREA 1195	Merangin	MARGO TABIR	Lubuk Bumbun	Merangin	125	132
AREA 1196	Merangin	MARGO TABIR	Tegal Rejo	Merangin	125	133
AREA 1226	Merangin	MUARA SIAU	Lubuk Beringin	Merangin	136	139
AREA 1227	Merangin	MUARA SIAU	Rantau Panjang	Merangin	136	140
AREA 1228	Merangin	MUARA SIAU	Peradun Temberas	Merangin	136	141
AREA 1229	Merangin	MUARA SIAU	Rantau Bidaro	Merangin	136	142
AREA 1230	Merangin	MUARA SIAU	Durian Rambun	Merangin	136	143
AREA 1231	Merangin	MUARA SIAU	Lubuk Birah	Merangin	136	144
AREA 1232	Merangin	MUARA SIAU	Rantau Macang	Merangin	136	145
AREA 1233	Merangin	MUARA SIAU	Teluk Sikumbang	Merangin	136	146
AREA 1234	Merangin	MUARA SIAU	Muara Siau	Merangin	136	147
AREA 1235	Merangin	MUARA SIAU	Tiaro	Merangin	136	148
AREA 1236	Merangin	MUARA SIAU	Air Lago	Merangin	136	149
AREA 1237	Merangin	MUARA SIAU	Badak Tekurung	Merangin	136	150
AREA 1238	Merangin	MUARA SIAU	Pulau Raman	Merangin	136	151
AREA 1239	Merangin	MUARA SIAU	Pasar Muara Siau	Merangin	136	152
AREA 1240	Merangin	MUARA SIAU	Sepantai Renah	Merangin	136	153
AREA 1241	Merangin	MUARA SIAU	Sungai Ulas	Merangin	136	154
AREA 1242	Merangin	MUARA SIAU	Rantau Bayur	Merangin	136	155
AREA 1098	Merangin	NALO TANTAN	Sungai Ulak	Merangin	158	161
AREA 1099	Merangin	NALO TANTAN	Aur Beduri	Merangin	158	162
AREA 1100	Merangin	NALO TANTAN	Telun	Merangin	158	163
AREA 1101	Merangin	NALO TANTAN	Nalo Gedang	Merangin	158	164
AREA 1102	Merangin	NALO TANTAN	Baru Nalo	Merangin	158	165
AREA 1103	Merangin	NALO TANTAN	Mentawak	Merangin	158	166
AREA 1104	Merangin	NALO TANTAN	Danau	Merangin	158	167
AREA 1132	Merangin	PAMENANG	Rejo sari	Merangin	170	173
AREA 1133	Merangin	PAMENANG	Pamenang	Merangin	170	174
AREA 1134	Merangin	PAMENANG	Jelatang	Merangin	170	175
AREA 1135	Merangin	PAMENANG	Tanjung Gedang	Merangin	170	176
AREA 1136	Merangin	PAMENANG	Empang Benao	Merangin	170	177
AREA 1137	Merangin	PAMENANG	Keroya	Merangin	170	178
AREA 1138	Merangin	PAMENANG	Muara Belengo	Merangin	170	179
AREA 1139	Merangin	PAMENANG	Karang Berahi	Merangin	170	180
AREA 1140	Merangin	PAMENANG	Pauh Menang	Merangin	170	181
AREA 1141	Merangin	PAMENANG	Pematang Kancil	Merangin	170	182
AREA 1142	Merangin	PAMENANG	Tanah Abang	Merangin	170	183
AREA 1143	Merangin	PAMENANG	Sialang	Merangin	170	184
AREA 1144	Merangin	PAMENANG	Sungai Udang	Merangin	170	185
AREA 1145	Merangin	PAMENANG	Pelakar Jaya	Merangin	170	186
AREA 1105	Merangin	PAMENANG BARAT	Tanjung Lamin	Merangin	189	192
AREA 1106	Merangin	PAMENANG BARAT	Limbur Merangin	Merangin	189	193
AREA 1107	Merangin	PAMENANG BARAT	Karang Anyar	Merangin	189	194
AREA 1108	Merangin	PAMENANG BARAT	Pinang Merah	Merangin	189	195
AREA 1109	Merangin	PAMENANG BARAT	Simpang Limbur Merangin	Merangin	189	196
AREA 1110	Merangin	PAMENANG BARAT	Mampun Baru	Merangin	189	197
AREA 1111	Merangin	PAMENANG BARAT	Papit	Merangin	189	198
AREA 1112	Merangin	PAMENANG BARAT	Pulau Tujuh	Merangin	189	199
AREA 1113	Merangin	PAMENANG SELATAN	Tambang Emas	Merangin	202	205
AREA 1114	Merangin	PAMENANG SELATAN	Tanjung Benuang	Merangin	202	206
AREA 1115	Merangin	PAMENANG SELATAN	Pulau Bayur	Merangin	202	207
AREA 1116	Merangin	PAMENANG SELATAN	Selango	Merangin	202	208
AREA 1197	Merangin	PANGKALAN JAMBU	Tanjung Mudo	Merangin	211	214
AREA 1198	Merangin	PANGKALAN JAMBU	Tiga Alur	Merangin	211	215
AREA 1199	Merangin	PANGKALAN JAMBU	Baru Pangkalan Jambu	Merangin	211	216
AREA 1200	Merangin	PANGKALAN JAMBU	Bukit Perentak	Merangin	211	217
AREA 1201	Merangin	PANGKALAN JAMBU	Birun	Merangin	211	218
AREA 1202	Merangin	PANGKALAN JAMBU	Bungo Tanjung	Merangin	211	219
AREA 1203	Merangin	PANGKALAN JAMBU	Sungai Jering	Merangin	211	220
AREA 1204	Merangin	PANGKALAN JAMBU	Kampung Limo	Merangin	211	221
AREA 1128	Merangin	RENAH PAMENANG	Meranti	Merangin	224	227
AREA 1129	Merangin	RENAH PAMENANG	Bukit Bungkul	Merangin	224	228
AREA 1130	Merangin	RENAH PAMENANG	Rasau	Merangin	224	229
AREA 1131	Merangin	RENAH PAMENANG	Lantak Seribu	Merangin	224	230
AREA 1205	Merangin	RENAH PEMBARAP	Muaro Panco Timur	Merangin	233	236
AREA 1206	Merangin	RENAH PEMBARAP	Muaro Panco Barat	Merangin	233	237
AREA 1207	Merangin	RENAH PEMBARAP	Talang Segegah	Merangin	233	238
AREA 1208	Merangin	RENAH PEMBARAP	Durian Batakuk	Merangin	233	239
AREA 1209	Merangin	RENAH PEMBARAP	Muara Bantan	Merangin	233	240
AREA 1210	Merangin	RENAH PEMBARAP	Parit Ujung Tanjung	Merangin	233	241
AREA 1211	Merangin	RENAH PEMBARAP	Guguk	Merangin	233	242
AREA 1212	Merangin	RENAH PEMBARAP	Markeh	Merangin	233	243
AREA 1213	Merangin	RENAH PEMBARAP	Air Batu	Merangin	233	244
AREA 1214	Merangin	RENAH PEMBARAP	Marus Jaya	Merangin	233	245
AREA 1215	Merangin	RENAH PEMBARAP	Renah Medan	Merangin	233	246
AREA 1216	Merangin	RENAH PEMBARAP	Simpang Parit	Merangin	233	247
AREA 1217	Merangin	SUNGAI MANAU	Tiangko	Merangin	250	253
AREA 1218	Merangin	SUNGAI MANAU	Palipan	Merangin	250	254
AREA 1219	Merangin	SUNGAI MANAU	Seringat	Merangin	250	255
AREA 1220	Merangin	SUNGAI MANAU	Durian Lecah	Merangin	250	256
AREA 1221	Merangin	SUNGAI MANAU	Bukit Batu	Merangin	250	257
AREA 1222	Merangin	SUNGAI MANAU	Sungai Nilau	Merangin	250	258
AREA 1223	Merangin	SUNGAI MANAU	Sungai Manau	Merangin	250	259
AREA 1224	Merangin	SUNGAI MANAU	Benteng	Merangin	250	260
AREA 1225	Merangin	SUNGAI MANAU	Gelanggang	Merangin	250	261
AREA 1117	Merangin	TABIR	Dusun Baru	Merangin	264	267
AREA 1118	Merangin	TABIR	Lubuk Napal	Merangin	264	268
AREA 1119	Merangin	TABIR	Pasar R. Panjang	Merangin	264	269
AREA 1120	Merangin	TABIR	Beluran Panjang	Merangin	264	270
AREA 1121	Merangin	TABIR	Kampung Baruh	Merangin	264	271
AREA 1122	Merangin	TABIR	Mampun	Merangin	264	272
AREA 1123	Merangin	TABIR	Pasar Baru Rantau	Merangin	264	273
AREA 1124	Merangin	TABIR	Kandang	Merangin	264	274
AREA 1125	Merangin	TABIR	Koto Rayo	Merangin	264	275
AREA 1126	Merangin	TABIR	Tanjung Ilir	Merangin	264	276
AREA 1127	Merangin	TABIR	Seling	Merangin	264	277
AREA 1160	Merangin	TABIR BARAT	Pulau Tebakar	Merangin	280	283
AREA 1161	Merangin	TABIR BARAT	Muara Langeh	Merangin	280	284
AREA 1167	Merangin	TABIR BARAT	Muara Kibul	Merangin	280	285
AREA 1168	Merangin	TABIR BARAT	Tanjung Putus	Merangin	280	286
AREA 1169	Merangin	TABIR BARAT	Batang Kibul	Merangin	280	287
AREA 1170	Merangin	TABIR BARAT	Sungai Tabir	Merangin	280	288
AREA 1171	Merangin	TABIR BARAT	Telentam	Merangin	280	289
AREA 1172	Merangin	TABIR BARAT	Ngaol	Merangin	280	290
AREA 1173	Merangin	TABIR BARAT	Air Liki	Merangin	280	291
AREA 1174	Merangin	TABIR BARAT	Pulau Lebar	Merangin	280	292
AREA 1175	Merangin	TABIR BARAT	Tanjung Beringin	Merangin	280	293
AREA 1176	Merangin	TABIR BARAT	Baru Kibul	Merangin	280	294
AREA 1177	Merangin	TABIR BARAT	Ngaol Ilir	Merangin	280	295
AREA 1178	Merangin	TABIR BARAT	Air Liki Baru	Merangin	280	296
AREA 1184	Merangin	TABIR ILIR	Air Batu	Merangin	299	302
AREA 1185	Merangin	TABIR ILIR	Kota Raja	Merangin	299	303
AREA 1186	Merangin	TABIR ILIR	Rantau Limau Manis	Merangin	299	304
AREA 1187	Merangin	TABIR ILIR	Ulak Makam	Merangin	299	305
AREA 1188	Merangin	TABIR ILIR	Rejo sari	Merangin	299	306
AREA 1189	Merangin	TABIR ILIR	Tunggul Bulin	Merangin	299	307
AREA 1190	Merangin	TABIR ILIR	Mekar Limau Manis	Merangin	299	308
AREA 1179	Merangin	TABIR LINTAS	Koto Baru	Merangin	311	314
AREA 1180	Merangin	TABIR LINTAS	Tambang Baru	Merangin	311	315
AREA 1181	Merangin	TABIR LINTAS	Sido Lego	Merangin	311	316
AREA 1182	Merangin	TABIR LINTAS	Mensango	Merangin	311	317
AREA 1183	Merangin	TABIR LINTAS	Sido Harjo	Merangin	311	318
AREA 1147	Merangin	TABIR SELATAN	Bungo Antoi	Merangin	321	324
AREA 1148	Merangin	TABIR SELATAN	Bungo Tanjung	Merangin	321	325
AREA 1149	Merangin	TABIR SELATAN	Sungai Sahut	Merangin	321	326
AREA 1150	Merangin	TABIR SELATAN	Muara Delang	Merangin	321	327
AREA 1151	Merangin	TABIR SELATAN	Sinar Gading	Merangin	321	328
AREA 1152	Merangin	TABIR SELATAN	Rawa Jaya	Merangin	321	329
AREA 1153	Merangin	TABIR SELATAN	Gading Jaya	Merangin	321	330
AREA 1154	Merangin	TABIR SELATAN	Mekar Jaya	Merangin	321	331
AREA 1155	Merangin	TABIR TIMUR	Sungai Limau	Merangin	334	337
AREA 1156	Merangin	TABIR TIMUR	Sungai Bulian	Merangin	334	338
AREA 1157	Merangin	TABIR TIMUR	Sri Sembilan	Merangin	334	339
AREA 1158	Merangin	TABIR TIMUR	Bukit Subur	Merangin	334	340
AREA 1159	Merangin	TABIR ULU	Muaro Seketuk	Merangin	343	346
AREA 1162	Merangin	TABIR ULU	Muara Jernih	Merangin	343	347
AREA 1163	Merangin	TABIR ULU	Kapuk	Merangin	343	348
AREA 1164	Merangin	TABIR ULU	Pulau Aro	Merangin	343	349
AREA 1165	Merangin	TABIR ULU	Rantau Ngarau	Merangin	343	350
AREA 1166	Merangin	TABIR ULU	Medan Baru	Merangin	343	351
AREA 1146	Merangin	TIANG PUMPUNG	Rantau Limau Kapas	Merangin	354	357
AREA 1243	Merangin	TIANG PUMPUNG	Sekancing	Merangin	354	358
AREA 1244	Merangin	TIANG PUMPUNG	Sekancing Ilir	Merangin	354	359
AREA 1245	Merangin	TIANG PUMPUNG	Beringin Sanggul	Merangin	354	360
AREA 1246	Merangin	TIANG PUMPUNG	Baru Bukit Punjung	Merangin	354	361
AREA 1247	Merangin	TIANG PUMPUNG	Baru Sungai Sakai	Merangin	354	362
AREA 924	Bungo	BATHIN II BABEKO	Tanjung Menanti	Bungo	24	27
AREA 925	Bungo	BATHIN II BABEKO	Babeko	Bungo	24	28
AREA 926	Bungo	BATHIN II BABEKO	Sepunggur	Bungo	24	29
AREA 927	Bungo	BATHIN II BABEKO	Simpang Babeko	Bungo	24	30
AREA 928	Bungo	BATHIN II BABEKO	Suka Makmur	Bungo	24	31
AREA 929	Bungo	BATHIN II BABEKO	Tuo Sepunggur	Bungo	24	32
AREA 990	Bungo	BATHIN II PELAYANG	Pelayang	Bungo	35	38
AREA 991	Bungo	BATHIN II PELAYANG	Peninjau	Bungo	35	39
AREA 992	Bungo	BATHIN II PELAYANG	Talang Selungko	Bungo	35	40
AREA 993	Bungo	BATHIN II PELAYANG	Pulau Kerakap	Bungo	35	41
AREA 994	Bungo	BATHIN II PELAYANG	Seberang Jaya	Bungo	35	42
AREA 930	Bungo	BATHIN III	Manggis	Bungo	45	48
AREA 931	Bungo	BATHIN III	Bungo Taman Agung	Bungo	45	49
AREA 932	Bungo	BATHIN III	Sungai Binjai	Bungo	45	50
AREA 933	Bungo	BATHIN III	Lubuk Benteng	Bungo	45	51
AREA 934	Bungo	BATHIN III	Air Gemuruh	Bungo	45	52
AREA 935	Bungo	BATHIN III	Purwo Bakti	Bungo	45	53
AREA 936	Bungo	BATHIN III	Sarana Jaya	Bungo	45	54
AREA 937	Bungo	BATHIN III	Teluk Panjang	Bungo	45	55
AREA 1023	Bungo	BATHIN III ULU	Muara Buat	Bungo	58	61
AREA 1024	Bungo	BATHIN III ULU	Buat	Bungo	58	62
AREA 1025	Bungo	BATHIN III ULU	Laman Panjang	Bungo	58	63
AREA 1026	Bungo	BATHIN III ULU	Karak Apung	Bungo	58	64
AREA 1027	Bungo	BATHIN III ULU	Timbolasi	Bungo	58	65
AREA 1028	Bungo	BATHIN III ULU	Senamat Ulu	Bungo	58	66
AREA 1029	Bungo	BATHIN III ULU	Aur Cino	Bungo	58	67
AREA 1030	Bungo	BATHIN III ULU	Lubuk Beringin	Bungo	58	68
AREA 1031	Bungo	BATHIN III ULU	Sungai Telang	Bungo	58	69
AREA 938	Bungo	BUNGO DANI	Sungai Pinang	Bungo	72	75
AREA 939	Bungo	BUNGO DANI	Sungai Kerjan	Bungo	72	76
AREA 940	Bungo	BUNGO DANI	Talang Pantai	Bungo	72	77
AREA 941	Bungo	BUNGO DANI	Sungai Arang	Bungo	72	78
AREA 942	Bungo	BUNGO DANI	Pulau Pekan	Bungo	72	79
AREA 1006	Bungo	JUJUHAN	Rantau Panjang	Bungo	82	85
AREA 1007	Bungo	JUJUHAN	Tanjung Belit	Bungo	82	86
AREA 1008	Bungo	JUJUHAN	Rantau Ikil	Bungo	82	87
AREA 1009	Bungo	JUJUHAN	Pulau Jelmu	Bungo	82	88
AREA 1010	Bungo	JUJUHAN	Sirih Sekapur	Bungo	82	89
AREA 1011	Bungo	JUJUHAN	Ujung Tanjung	Bungo	82	90
AREA 1012	Bungo	JUJUHAN	Jumbak	Bungo	82	91
AREA 1013	Bungo	JUJUHAN	Baru Balai Panjang	Bungo	82	92
AREA 1014	Bungo	JUJUHAN	Sirih Sekapur Perkembangan	Bungo	82	93
AREA 1015	Bungo	JUJUHAN	Talang Pemesun	Bungo	82	94
AREA 1016	Bungo	JUJUHAN ILIR	Aur Gading	Bungo	97	100
AREA 1017	Bungo	JUJUHAN ILIR	Tepian Danto	Bungo	97	101
AREA 1018	Bungo	JUJUHAN ILIR	Pulau Batu	Bungo	97	102
AREA 1019	Bungo	JUJUHAN ILIR	Sari Mulya	Bungo	97	103
AREA 1020	Bungo	JUJUHAN ILIR	Bukit Sari	Bungo	97	104
AREA 1021	Bungo	JUJUHAN ILIR	Lubuk Tenam	Bungo	97	105
AREA 1022	Bungo	JUJUHAN ILIR	Kuamang	Bungo	97	106
AREA 943	Bungo	LIMBUR LUBUK MENGKUANG	Tanjung Bungo	Bungo	109	112
AREA 944	Bungo	LIMBUR LUBUK MENGKUANG	Tuo Lubuk Mengkuang	Bungo	109	113
AREA 945	Bungo	LIMBUR LUBUK MENGKUANG	Pauh Agung	Bungo	109	114
AREA 946	Bungo	LIMBUR LUBUK MENGKUANG	Tuo Limbur Mengkuang	Bungo	109	115
AREA 947	Bungo	LIMBUR LUBUK MENGKUANG	Renah Sungai Besar	Bungo	109	116
AREA 948	Bungo	LIMBUR LUBUK MENGKUANG	Muaro Tebo Pandak	Bungo	109	117
AREA 949	Bungo	LIMBUR LUBUK MENGKUANG	Rantau Tipu	Bungo	109	118
AREA 950	Bungo	LIMBUR LUBUK MENGKUANG	Baru Lbk. Mengkuang	Bungo	109	119
AREA 951	Bungo	LIMBUR LUBUK MENGKUANG	Lubuk Tanah Terban	Bungo	109	120
AREA 952	Bungo	LIMBUR LUBUK MENGKUANG	Pemunyian	Bungo	109	121
AREA 953	Bungo	LIMBUR LUBUK MENGKUANG	Renah Sungai Ipuh	Bungo	109	122
AREA 954	Bungo	LIMBUR LUBUK MENGKUANG	Tebo Jaya	Bungo	109	123
AREA 955	Bungo	LIMBUR LUBUK MENGKUANG	Sekar Mengkuang	Bungo	109	124
AREA 956	Bungo	LIMBUR LUBUK MENGKUANG	Limbur Baru	Bungo	109	125
AREA 966	Bungo	MUKO-MUKO BATHIN VII	Tebing Tinggi	Bungo	128	131
AREA 967	Bungo	MUKO-MUKO BATHIN VII	Mangun Jayo	Bungo	128	132
AREA 968	Bungo	MUKO-MUKO BATHIN VII	Tanjung Agung	Bungo	128	133
AREA 969	Bungo	MUKO-MUKO BATHIN VII	Tebat	Bungo	128	134
AREA 970	Bungo	MUKO-MUKO BATHIN VII	Baru Pusat Jalo	Bungo	128	135
AREA 971	Bungo	MUKO-MUKO BATHIN VII	Bedaro	Bungo	128	136
AREA 972	Bungo	MUKO-MUKO BATHIN VII	Datar	Bungo	128	137
AREA 973	Bungo	MUKO-MUKO BATHIN VII	Suka Jaya	Bungo	128	138
AREA 974	Bungo	MUKO-MUKO BATHIN VII	Pekan Jum`at	Bungo	128	139
AREA 957	Bungo	PASAR MUARA BUNGO	Tanjung Gedang	Bungo	142	145
AREA 958	Bungo	PASAR MUARA BUNGO	Bungo Timur	Bungo	142	146
AREA 959	Bungo	PASAR MUARA BUNGO	Bungo Barat	Bungo	142	147
AREA 960	Bungo	PASAR MUARA BUNGO	Jaya Setia	Bungo	142	148
AREA 961	Bungo	PASAR MUARA BUNGO	Batang Bungo	Bungo	142	149
AREA 1038	Bungo	PELEPAT	Baru Pelepat	Bungo	152	155
AREA 1039	Bungo	PELEPAT	Dwi Karya Bakti	Bungo	152	156
AREA 1040	Bungo	PELEPAT	Rantau Keloyang	Bungo	152	157
AREA 1041	Bungo	PELEPAT	Balai Jaya	Bungo	152	158
AREA 1042	Bungo	PELEPAT	Rantel	Bungo	152	159
AREA 1043	Bungo	PELEPAT	Senamat	Bungo	152	160
AREA 1044	Bungo	PELEPAT	Sungai Beringin	Bungo	152	161
AREA 1045	Bungo	PELEPAT	Sungai Gurun	Bungo	152	162
AREA 1046	Bungo	PELEPAT	Batu Kerbau	Bungo	152	163
AREA 1047	Bungo	PELEPAT	Gapura Suci	Bungo	152	164
AREA 1048	Bungo	PELEPAT	Mulya Bakti	Bungo	152	165
AREA 1049	Bungo	PELEPAT	Cilodang	Bungo	152	166
AREA 1050	Bungo	PELEPAT	Bukittelago	Bungo	152	167
AREA 1051	Bungo	PELEPAT	Sekampil	Bungo	152	168
AREA 1568	Bungo	PELEPAT	Mulya Jaya	Bungo	152	169
AREA 1569	Bungo	PELEPAT ILIR	Sumber Mulya	Bungo	172	175
AREA 1570	Bungo	PELEPAT ILIR	Maju Jaya	Bungo	172	176
AREA 975	Bungo	PELEPAT ILIR	Danau	Bungo	172	177
AREA 976	Bungo	PELEPAT ILIR	Koto Jayo	Bungo	172	178
AREA 977	Bungo	PELEPAT ILIR	Muara Kuamang	Bungo	172	179
AREA 978	Bungo	PELEPAT ILIR	Lubuk	Bungo	172	180
AREA 979	Bungo	PELEPAT ILIR	Purwa Sari	Bungo	172	181
AREA 980	Bungo	PELEPAT ILIR	Lembah Kuamang	Bungo	172	182
AREA 981	Bungo	PELEPAT ILIR	Sumber Harapan	Bungo	172	183
AREA 982	Bungo	PELEPAT ILIR	Daya Murni	Bungo	172	184
AREA 983	Bungo	PELEPAT ILIR	Tirta Mulya	Bungo	172	185
AREA 984	Bungo	PELEPAT ILIR	Lingga Kuamang	Bungo	172	186
AREA 985	Bungo	PELEPAT ILIR	Bangun Harjo	Bungo	172	187
AREA 986	Bungo	PELEPAT ILIR	Kuning gading	Bungo	172	188
AREA 987	Bungo	PELEPAT ILIR	Kuamang Jaya	Bungo	172	189
AREA 988	Bungo	PELEPAT ILIR	Karya Harapan Mukti	Bungo	172	190
AREA 989	Bungo	PELEPAT ILIR	Padang Palangeh	Bungo	172	191
AREA 1032	Bungo	RANTAU PANDAN	Rantau Duku	Bungo	194	197
AREA 1033	Bungo	RANTAU PANDAN	Talang Sungai Bungo	Bungo	194	198
AREA 1034	Bungo	RANTAU PANDAN	Rantau Pandan	Bungo	194	199
AREA 1035	Bungo	RANTAU PANDAN	Leban	Bungo	194	200
AREA 1036	Bungo	RANTAU PANDAN	Lubuk Kayu Aro	Bungo	194	201
AREA 1037	Bungo	RANTAU PANDAN	Lubuk Mayan	Bungo	194	202
AREA 962	Bungo	RIMBO TENGAH	Pasir Putih	Bungo	205	208
AREA 963	Bungo	RIMBO TENGAH	Sungai Buluh	Bungo	205	209
AREA 964	Bungo	RIMBO TENGAH	Cadika	Bungo	205	210
AREA 965	Bungo	RIMBO TENGAH	Sungai Mengkuang	Bungo	205	211
AREA 1052	Bungo	TANAH SEPENGGAL	Tanjung	Bungo	214	217
AREA 1053	Bungo	TANAH SEPENGGAL	Telentam	Bungo	214	218
AREA 1054	Bungo	TANAH SEPENGGAL	Tenam	Bungo	214	219
AREA 1055	Bungo	TANAH SEPENGGAL	Teluk Pandak	Bungo	214	220
AREA 1056	Bungo	TANAH SEPENGGAL	Empelu	Bungo	214	221
AREA 1057	Bungo	TANAH SEPENGGAL	Pasar Lubuk Landai	Bungo	214	222
AREA 1058	Bungo	TANAH SEPENGGAL	Sungai Gambir	Bungo	214	223
AREA 1059	Bungo	TANAH SEPENGGAL	Candi	Bungo	214	224
AREA 1060	Bungo	TANAH SEPENGGAL	Tanah Bekali	Bungo	214	225
AREA 1061	Bungo	TANAH SEPENGGAL	Pasar Rantau Embacang	Bungo	214	226
AREA 1062	Bungo	TANAH SEPENGGAL LINTAS	Tebing Tinggi	Bungo	229	232
AREA 1063	Bungo	TANAH SEPENGGAL LINTAS	Embacang Gedang	Bungo	229	233
AREA 1064	Bungo	TANAH SEPENGGAL LINTAS	Paku Aji	Bungo	229	234
AREA 1065	Bungo	TANAH SEPENGGAL LINTAS	Rantau Makmur	Bungo	229	235
AREA 1066	Bungo	TANAH SEPENGGAL LINTAS	Sungai Mancur	Bungo	229	236
AREA 1067	Bungo	TANAH SEPENGGAL LINTAS	Tanah Periuk	Bungo	229	237
AREA 1068	Bungo	TANAH SEPENGGAL LINTAS	Lubuk Landai	Bungo	229	238
AREA 1069	Bungo	TANAH SEPENGGAL LINTAS	Rantau Embacang	Bungo	229	239
AREA 1070	Bungo	TANAH SEPENGGAL LINTAS	Sungai Puri	Bungo	229	240
AREA 1071	Bungo	TANAH SEPENGGAL LINTAS	Pematang Panjang	Bungo	229	241
AREA 1072	Bungo	TANAH SEPENGGAL LINTAS	Sungai Lilin	Bungo	229	242
AREA 1073	Bungo	TANAH SEPENGGAL LINTAS	Sungai Tembang	Bungo	229	243
AREA 1000	Bungo	TANAH TUMBUH	Rambah	Bungo	246	249
AREA 1001	Bungo	TANAH TUMBUH	Tebing Tinggi Uleh	Bungo	246	250
AREA 1002	Bungo	TANAH TUMBUH	Bukit Kemang Baru	Bungo	246	251
AREA 1003	Bungo	TANAH TUMBUH	Panjang	Bungo	246	252
AREA 1004	Bungo	TANAH TUMBUH	Perenti Luweh	Bungo	246	253
AREA 1005	Bungo	TANAH TUMBUH	Renah Jelmu	Bungo	246	254
AREA 995	Bungo	TANAH TUMBUH	Koto Jayo	Bungo	246	255
AREA 996	Bungo	TANAH TUMBUH	Pedukun	Bungo	246	256
AREA 997	Bungo	TANAH TUMBUH	Lubuk Niur	Bungo	246	257
AREA 998	Bungo	TANAH TUMBUH	Teluk Kecimbung	Bungo	246	258
AREA 999	Bungo	TANAH TUMBUH	Tanah Tumbuh	Bungo	246	259
AREA 1519	Tebo	MUARA TABIR	Tanah Garo	Tebo	19	22
AREA 1520	Tebo	MUARA TABIR	Pintas Tuo	Tebo	19	23
AREA 1521	Tebo	MUARA TABIR	Embacang Gedang	Tebo	19	24
AREA 1522	Tebo	MUARA TABIR	Tambun Arang	Tebo	19	25
AREA 1523	Tebo	MUARA TABIR	Sungai Jernih	Tebo	19	26
AREA 1524	Tebo	MUARA TABIR	Bangko Pintas	Tebo	19	27
AREA 1525	Tebo	MUARA TABIR	Olak Kemang	Tebo	19	28
AREA 1526	Tebo	MUARA TABIR	Bangun Seranten	Tebo	19	29
AREA 1446	Tebo	RIMBO BUJANG	Wirotho Agung	Tebo	32	35
AREA 1447	Tebo	RIMBO BUJANG	Sarana Agung	Tebo	32	36
AREA 1448	Tebo	RIMBO BUJANG	Mandiri Agung	Tebo	32	37
AREA 1449	Tebo	RIMBO BUJANG	Perintis	Tebo	32	38
AREA 1450	Tebo	RIMBO BUJANG	Rimbo Mulyo	Tebo	32	39
AREA 1451	Tebo	RIMBO BUJANG	Purwoharjo	Tebo	32	40
AREA 1452	Tebo	RIMBO BUJANG	Tegal Arum	Tebo	32	41
AREA 1453	Tebo	RIMBO BUJANG	Sapta Mulia	Tebo	32	42
AREA 1454	Tebo	RIMBO BUJANG	Pematang Sapat	Tebo	32	43
AREA 1455	Tebo	RIMBO BUJANG	Mekar Kencana	Tebo	32	44
AREA 1456	Tebo	RIMBO BUJANG	Tegal Asri	Tebo	32	45
AREA 1457	Tebo	RIMBO BUJANG	Perintis Jaya	Tebo	32	46
AREA 1458	Tebo	RIMBO BUJANG	Perintis Makmur	Tebo	32	47
AREA 1459	Tebo	RIMBO BUJANG	Tirta Kencana	Tebo	32	48
AREA 1571	Tebo	RIMBO BUJANG	Purwo Dadi	Tebo	32	49
AREA 1572	Tebo	RIMBO BUJANG	Jaya Mulya	Tebo	32	50
AREA 1460	Tebo	RIMBO ILIR	Sumber Agung	Tebo	53	56
AREA 1461	Tebo	RIMBO ILIR	Giri Mulyo	Tebo	53	57
AREA 1462	Tebo	RIMBO ILIR	Giriwinangun	Tebo	53	58
AREA 1463	Tebo	RIMBO ILIR	Sido rejo	Tebo	53	59
AREA 1464	Tebo	RIMBO ILIR	Pulung Rejo	Tebo	53	60
AREA 1465	Tebo	RIMBO ILIR	Karang Dadi	Tebo	53	61
AREA 1466	Tebo	RIMBO ILIR	Giri Purno	Tebo	53	62
AREA 1467	Tebo	RIMBO ILIR	Sepakat Bersatu	Tebo	53	63
AREA 1468	Tebo	RIMBO ILIR	Rantau Kembang	Tebo	53	64
AREA 1469	Tebo	RIMBO ILIR	Sarimulya	Tebo	53	65
AREA 1470	Tebo	RIMBO ULU	Suka Damai	Tebo	68	71
AREA 1471	Tebo	RIMBO ULU	Sido Rukun	Tebo	68	72
AREA 1472	Tebo	RIMBO ULU	Suka Maju	Tebo	68	73
AREA 1473	Tebo	RIMBO ULU	Mekar Sari	Tebo	68	74
AREA 1474	Tebo	RIMBO ULU	Wanareja	Tebo	68	75
AREA 1475	Tebo	RIMBO ULU	Sumber Sari	Tebo	68	76
AREA 1476	Tebo	RIMBO ULU	Sungai Pandan	Tebo	68	77
AREA 1575	Tebo	RIMBO ULU	Sido Mulyo	Tebo	68	78
AREA 1573	Tebo	RIMBO ULU	Wana Arum	Tebo	68	79
AREA 1574	Tebo	RIMBO ULU	Damai Makmur	Tebo	68	80
AREA 1576	Tebo	RIMBO ULU	Suka Jaya	Tebo	68	81
AREA 1478	Tebo	SERAI SERUMPUN	Teluk Melintang	Tebo	84	87
AREA 1479	Tebo	SERAI SERUMPUN	Pinang Belai	Tebo	84	88
AREA 1480	Tebo	SERAI SERUMPUN	Sekutur Jaya	Tebo	84	89
AREA 1481	Tebo	SERAI SERUMPUN	Bukit Pemuatan	Tebo	84	90
AREA 1482	Tebo	SERAI SERUMPUN	Napal Putih	Tebo	84	91
AREA 1483	Tebo	SERAI SERUMPUN	Sako Makmur	Tebo	84	92
AREA 1484	Tebo	SERAI SERUMPUN	Pagar Puding Lamo	Tebo	84	93
AREA 1485	Tebo	SERAI SERUMPUN	Tanjung Aur Seberang	Tebo	84	94
AREA 1551	Tebo	SUMAY	Tambun Arang	Tebo	97	100
AREA 1552	Tebo	SUMAY	Teluk Singkawang	Tebo	97	101
AREA 1553	Tebo	SUMAY	Lembak Bungur	Tebo	97	102
AREA 1554	Tebo	SUMAY	Teluk Langkap	Tebo	97	103
AREA 1555	Tebo	SUMAY	PuntiKalo	Tebo	97	104
AREA 1556	Tebo	SUMAY	Jati Belarik	Tebo	97	105
AREA 1557	Tebo	SUMAY	Tuo Sumay	Tebo	97	106
AREA 1558	Tebo	SUMAY	Teriti	Tebo	97	107
AREA 1559	Tebo	SUMAY	Suo Suo	Tebo	97	108
AREA 1560	Tebo	SUMAY	Muara Sekalo	Tebo	97	109
AREA 1561	Tebo	SUMAY	Semambu	Tebo	97	110
AREA 1562	Tebo	SUMAY	Pemayungan	Tebo	97	111
AREA 1539	Tebo	TEBO ILIR	Kunangan	Tebo	114	117
AREA 1540	Tebo	TEBO ILIR	Sungai Bengkal	Tebo	114	118
AREA 1541	Tebo	TEBO ILIR	Sungai Aro	Tebo	114	119
AREA 1542	Tebo	TEBO ILIR	Teluk Rendah Pasar	Tebo	114	120
AREA 1543	Tebo	TEBO ILIR	Teluk Rendah Ulu	Tebo	114	121
AREA 1544	Tebo	TEBO ILIR	Teluk Rendah Ilir	Tebo	114	122
AREA 1545	Tebo	TEBO ILIR	Tuo Ilir	Tebo	114	123
AREA 1546	Tebo	TEBO ILIR	Betung Bedarah Timur	Tebo	114	124
AREA 1547	Tebo	TEBO ILIR	Betung Bedarah Barat	Tebo	114	125
AREA 1548	Tebo	TEBO ILIR	Muara Ketalo	Tebo	114	126
AREA 1549	Tebo	TEBO ILIR	Sungai Bengkal Barat	Tebo	114	127
AREA 1550	Tebo	TEBO ILIR	KEMANTAN	Tebo	114	128
AREA 1527	Tebo	TEBO TENGAH	Tebing Tinggi	Tebo	131	134
AREA 1528	Tebo	TEBO TENGAH	Mangun Jayo	Tebo	131	135
AREA 1529	Tebo	TEBO TENGAH	Teluk Pandak	Tebo	131	136
AREA 1530	Tebo	TEBO TENGAH	Kandang	Tebo	131	137
AREA 1531	Tebo	TEBO TENGAH	Pelayang	Tebo	131	138
AREA 1532	Tebo	TEBO TENGAH	Muara tebo	Tebo	131	139
AREA 1533	Tebo	TEBO TENGAH	Bedaro Rampak	Tebo	131	140
AREA 1534	Tebo	TEBO TENGAH	Tengah Ulu	Tebo	131	141
AREA 1535	Tebo	TEBO TENGAH	Semabu	Tebo	131	142
AREA 1536	Tebo	TEBO TENGAH	Sungai Keruh	Tebo	131	143
AREA 1537	Tebo	TEBO TENGAH	Aburan Batang Tebo	Tebo	131	144
AREA 1538	Tebo	TEBO TENGAH	Sungai Alai	Tebo	131	145
AREA 1486	Tebo	TEBO ULU	Bungo Tanjung	Tebo	148	151
AREA 1487	Tebo	TEBO ULU	Lubuk Benteng	Tebo	148	152
AREA 1488	Tebo	TEBO ULU	Pulau Jelmu	Tebo	148	153
AREA 1489	Tebo	TEBO ULU	Pulau temiang	Tebo	148	154
AREA 1490	Tebo	TEBO ULU	SUNGAI RAMBAI	Tebo	148	155
AREA 1491	Tebo	TEBO ULU	Pagar Puding	Tebo	148	156
AREA 1492	Tebo	TEBO ULU	Teluk kembang Jambu	Tebo	148	157
AREA 1493	Tebo	TEBO ULU	Teluk kasai Rambahan	Tebo	148	158
AREA 1494	Tebo	TEBO ULU	Rantau langkap	Tebo	148	159
AREA 1495	Tebo	TEBO ULU	Tanjung aur	Tebo	148	160
AREA 1496	Tebo	TEBO ULU	Pulau Panjang	Tebo	148	161
AREA 1497	Tebo	TEBO ULU	Teluk kuali	Tebo	148	162
AREA 1498	Tebo	TEBO ULU	Malako Intan	Tebo	148	163
AREA 1499	Tebo	TEBO ULU	Jambu	Tebo	148	164
AREA 1500	Tebo	TEBO ULU	Medan Seri Rambahan	Tebo	148	165
AREA 1501	Tebo	TEBO ULU	Ulak Banjir Rambahan	Tebo	148	166
AREA 1502	Tebo	TEBO ULU	Teluk Pandan Rambahan	Tebo	148	167
AREA 1563	Tebo	TENGAH ILIR	Muara Kilis	Tebo	170	173
AREA 1564	Tebo	TENGAH ILIR	Penapalan	Tebo	170	174
AREA 1565	Tebo	TENGAH ILIR	Mengupeh	Tebo	170	175
AREA 1566	Tebo	TENGAH ILIR	Rantau Api	Tebo	170	176
AREA 1567	Tebo	TENGAH ILIR	Lubuk Mandarsah	Tebo	170	177
AREA 1577	Tebo	TENGAH ILIR	Lubuk Mandarsah Ulu	Tebo	170	178
AREA 1503	Tebo	VII KOTO	Kuamang	Tebo	181	184
AREA 1504	Tebo	VII KOTO	SUNGAI ABANG	Tebo	181	185
AREA 1505	Tebo	VII KOTO	Aur Cino	Tebo	181	186
AREA 1506	Tebo	VII KOTO	Dusun Baru	Tebo	181	187
AREA 1507	Tebo	VII KOTO	Tanjung Pucuk Jambi	Tebo	181	188
AREA 1508	Tebo	VII KOTO	Teluk Kayu Putih	Tebo	181	189
AREA 1509	Tebo	VII KOTO	Muara Niro	Tebo	181	190
AREA 1510	Tebo	VII KOTO	Teluk Lancang	Tebo	181	191
AREA 1511	Tebo	VII KOTO	Tabun	Tebo	181	192
AREA 1512	Tebo	VII KOTO	Muara Tabun	Tebo	181	193
AREA 1513	Tebo	VII KOTO ILIR	Teluk Kepayang Pulau Indah	Tebo	196	199
AREA 1514	Tebo	VII KOTO ILIR	Balai Rajo	Tebo	196	200
AREA 1515	Tebo	VII KOTO ILIR	Cermin Alam	Tebo	196	201
AREA 1516	Tebo	VII KOTO ILIR	Sungai Karang	Tebo	196	202
AREA 1517	Tebo	VII KOTO ILIR	Paseban	Tebo	196	203
AREA 1518	Tebo	VII KOTO ILIR	Pasir Mayang	Tebo	196	204
AREA 252	Tanjab Barat	BATANG ASAM	Dusun Kebun	Tanjab Barat	20	23
AREA 253	Tanjab Barat	BATANG ASAM	Sri Agung	Tanjab Barat	20	24
AREA 254	Tanjab Barat	BATANG ASAM	Suban	Tanjab Barat	20	25
AREA 255	Tanjab Barat	BATANG ASAM	Tanjung bojo	Tanjab Barat	20	26
AREA 256	Tanjab Barat	BATANG ASAM	Kampung Baru	Tanjab Barat	20	27
AREA 257	Tanjab Barat	BATANG ASAM	Lubuk Bernai	Tanjab Barat	20	28
AREA 258	Tanjab Barat	BATANG ASAM	Rawa medang	Tanjab Barat	20	29
AREA 259	Tanjab Barat	BATANG ASAM	Sungai penoban	Tanjab Barat	20	30
AREA 260	Tanjab Barat	BATANG ASAM	Rawang kempas	Tanjab Barat	20	31
AREA 261	Tanjab Barat	BATANG ASAM	Lubuk Lawas	Tanjab Barat	20	32
AREA 262	Tanjab Barat	BATANG ASAM	Sungai Badar	Tanjab Barat	20	33
AREA 305	Tanjab Barat	BETARA	Mekar Jaya	Tanjab Barat	36	39
AREA 306	Tanjab Barat	BETARA	Pematang Lumut	Tanjab Barat	36	40
AREA 307	Tanjab Barat	BETARA	Makmur Jaya	Tanjab Barat	36	41
AREA 308	Tanjab Barat	BETARA	Serdang Jaya	Tanjab Barat	36	42
AREA 309	Tanjab Barat	BETARA	Terjun Gajah	Tanjab Barat	36	43
AREA 310	Tanjab Barat	BETARA	Lubuk Terentang	Tanjab Barat	36	44
AREA 311	Tanjab Barat	BETARA	Pematang Buluh	Tanjab Barat	36	45
AREA 312	Tanjab Barat	BETARA	Muntialo	Tanjab Barat	36	46
AREA 313	Tanjab Barat	BETARA	Telukkulbi	Tanjab Barat	36	47
AREA 314	Tanjab Barat	BETARA	Bunga Tanjung	Tanjab Barat	36	48
AREA 315	Tanjab Barat	BETARA	Mandala Jaya	Tanjab Barat	36	49
AREA 241	Tanjab Barat	BRAM ITAM	Bram Itam Kiri	Tanjab Barat	52	55
AREA 242	Tanjab Barat	BRAM ITAM	Bram Itam Kanan	Tanjab Barat	52	56
AREA 243	Tanjab Barat	BRAM ITAM	Tanjung senjulang	Tanjab Barat	52	57
AREA 244	Tanjab Barat	BRAM ITAM	Pembengis	Tanjab Barat	52	58
AREA 245	Tanjab Barat	BRAM ITAM	Bram Itam Raya	Tanjab Barat	52	59
AREA 246	Tanjab Barat	BRAM ITAM	Pantaigading	Tanjab Barat	52	60
AREA 247	Tanjab Barat	BRAM ITAM	Jati Emas	Tanjab Barat	52	61
AREA 248	Tanjab Barat	BRAM ITAM	Kemuning	Tanjab Barat	52	62
AREA 249	Tanjab Barat	BRAM ITAM	Mekar Tanjung	Tanjab Barat	52	63
AREA 250	Tanjab Barat	BRAM ITAM	Semau	Tanjab Barat	52	64
AREA 316	Tanjab Barat	KUALA BETARA	Betara Kiri	Tanjab Barat	67	70
AREA 317	Tanjab Barat	KUALA BETARA	Sungai Dualap	Tanjab Barat	67	71
AREA 318	Tanjab Barat	KUALA BETARA	Betara Kanan	Tanjab Barat	67	72
AREA 319	Tanjab Barat	KUALA BETARA	Sungai Gebar	Tanjab Barat	67	73
AREA 320	Tanjab Barat	KUALA BETARA	Dataran Pinang	Tanjab Barat	67	74
AREA 321	Tanjab Barat	KUALA BETARA	Tanjung Pasir	Tanjab Barat	67	75
AREA 322	Tanjab Barat	KUALA BETARA	Sungai Gebar Barat	Tanjab Barat	67	76
AREA 323	Tanjab Barat	KUALA BETARA	Sungai Dungun	Tanjab Barat	67	77
AREA 324	Tanjab Barat	KUALA BETARA	Kuala Indah	Tanjab Barat	67	78
AREA 325	Tanjab Barat	KUALA BETARA	Suak Labu	Tanjab Barat	67	79
AREA 296	Tanjab Barat	MERLUNG	Bukit Harapan	Tanjab Barat	82	85
AREA 297	Tanjab Barat	MERLUNG	Desa Merlung	Tanjab Barat	82	86
AREA 298	Tanjab Barat	MERLUNG	Penyabungan	Tanjab Barat	82	87
AREA 299	Tanjab Barat	MERLUNG	Lubuk Terap	Tanjab Barat	82	88
AREA 300	Tanjab Barat	MERLUNG	Tanjung benanak	Tanjab Barat	82	89
AREA 301	Tanjab Barat	MERLUNG	Adi Purwa	Tanjab Barat	82	90
AREA 302	Tanjab Barat	MERLUNG	Pinang Gading	Tanjab Barat	82	91
AREA 303	Tanjab Barat	MERLUNG	Tanjung Makmur	Tanjab Barat	82	92
AREA 304	Tanjab Barat	MERLUNG	Tanjungpaku	Tanjab Barat	82	93
AREA 336	Tanjab Barat	MUARA PAPALIK	Rantau Badak	Tanjab Barat	96	99
AREA 337	Tanjab Barat	MUARA PAPALIK	Dusun Mudo	Tanjab Barat	96	100
AREA 338	Tanjab Barat	MUARA PAPALIK	Intan Jaya	Tanjab Barat	96	101
AREA 339	Tanjab Barat	MUARA PAPALIK	Bukit Indah	Tanjab Barat	96	102
AREA 340	Tanjab Barat	MUARA PAPALIK	Kemang Manis	Tanjab Barat	96	103
AREA 341	Tanjab Barat	MUARA PAPALIK	Rantau Badak Lamo	Tanjab Barat	96	104
AREA 342	Tanjab Barat	MUARA PAPALIK	Lubuk Sebontan	Tanjab Barat	96	105
AREA 343	Tanjab Barat	MUARA PAPALIK	Sungai papauh	Tanjab Barat	96	106
AREA 344	Tanjab Barat	MUARA PAPALIK	Sungai muluk	Tanjab Barat	96	107
AREA 345	Tanjab Barat	MUARA PAPALIK	Pematang Balam	Tanjab Barat	96	108
AREA 283	Tanjab Barat	PENGABUAN	Sungai baung	Tanjab Barat	111	114
AREA 284	Tanjab Barat	PENGABUAN	Parit Pudin	Tanjab Barat	111	115
AREA 285	Tanjab Barat	PENGABUAN	Mekar Jati	Tanjab Barat	111	116
AREA 286	Tanjab Barat	PENGABUAN	Parit Sidang	Tanjab Barat	111	117
AREA 287	Tanjab Barat	PENGABUAN	Parit Bilal	Tanjab Barat	111	118
AREA 288	Tanjab Barat	PENGABUAN	Suak Samin	Tanjab Barat	111	119
AREA 289	Tanjab Barat	PENGABUAN	Karya Maju	Tanjab Barat	111	120
AREA 290	Tanjab Barat	PENGABUAN	Pasar Senin	Tanjab Barat	111	121
AREA 291	Tanjab Barat	PENGABUAN	Teluknilau	Tanjab Barat	111	122
AREA 292	Tanjab Barat	PENGABUAN	Sungaiserindit	Tanjab Barat	111	123
AREA 293	Tanjab Barat	PENGABUAN	Sungaipampang	Tanjab Barat	111	124
AREA 294	Tanjab Barat	PENGABUAN	Sungaijering	Tanjab Barat	111	125
AREA 295	Tanjab Barat	PENGABUAN	Sungairaya	Tanjab Barat	111	126
AREA 346	Tanjab Barat	RENAH MENDALUH	SUNGAI ROTAN	Tanjab Barat	129	132
AREA 347	Tanjab Barat	RENAH MENDALUH	Lubuk Kambing	Tanjab Barat	129	133
AREA 348	Tanjab Barat	RENAH MENDALUH	Rantau Benar	Tanjab Barat	129	134
AREA 349	Tanjab Barat	RENAH MENDALUH	Lampisi	Tanjab Barat	129	135
AREA 350	Tanjab Barat	RENAH MENDALUH	Cinta Damai	Tanjab Barat	129	136
AREA 351	Tanjab Barat	RENAH MENDALUH	Bukit Bakar	Tanjab Barat	129	137
AREA 352	Tanjab Barat	RENAH MENDALUH	Pulaupauh	Tanjab Barat	129	138
AREA 353	Tanjab Barat	RENAH MENDALUH	Muaradanau	Tanjab Barat	129	139
AREA 354	Tanjab Barat	RENAH MENDALUH	TanahTumbuh	Tanjab Barat	129	140
AREA 355	Tanjab Barat	RENAH MENDALUH	SungaiPaur	Tanjab Barat	129	141
AREA 224	Tanjab Barat	SEBERANG KOTA	Mekar Alam	Tanjab Barat	144	147
AREA 225	Tanjab Barat	SEBERANG KOTA	Harapan Jaya	Tanjab Barat	144	148
AREA 226	Tanjab Barat	SEBERANG KOTA	Kuala Kahar	Tanjab Barat	144	149
AREA 227	Tanjab Barat	SEBERANG KOTA	Muaraseberang	Tanjab Barat	144	150
AREA 238	Tanjab Barat	SEBERANG KOTA	Tungkal V	Tanjab Barat	144	151
AREA 239	Tanjab Barat	SEBERANG KOTA	Tungkal IV Desa	Tanjab Barat	144	152
AREA 240	Tanjab Barat	SEBERANG KOTA	Kuala Baru	Tanjab Barat	144	153
AREA 251	Tanjab Barat	SEBERANG KOTA	Telukpulai Raya	Tanjab Barat	144	154
AREA 228	Tanjab Barat	SENYERANG	Teluk ketapang	Tanjab Barat	157	160
AREA 229	Tanjab Barat	SENYERANG	Senyerang	Tanjab Barat	157	161
AREA 230	Tanjab Barat	SENYERANG	Margo Rukun	Tanjab Barat	157	162
AREA 231	Tanjab Barat	SENYERANG	Kempas Jaya	Tanjab Barat	157	163
AREA 232	Tanjab Barat	SENYERANG	Lumahan	Tanjab Barat	157	164
AREA 233	Tanjab Barat	SENYERANG	Sungsang	Tanjab Barat	157	165
AREA 234	Tanjab Barat	SENYERANG	Sungai kepayang	Tanjab Barat	157	166
AREA 235	Tanjab Barat	SENYERANG	Sungaikayu Aro	Tanjab Barat	157	167
AREA 236	Tanjab Barat	SENYERANG	Sungairambai	Tanjab Barat	157	168
AREA 237	Tanjab Barat	SENYERANG	Sungailandak	Tanjab Barat	157	169
AREA 263	Tanjab Barat	TEBING TINGGI	Tebing Tinggi	Tanjab Barat	172	175
AREA 264	Tanjab Barat	TEBING TINGGI	Suka Damai	Tanjab Barat	172	176
AREA 265	Tanjab Barat	TEBING TINGGI	Sungai Keruh	Tanjab Barat	172	177
AREA 266	Tanjab Barat	TEBING TINGGI	Purwodadi	Tanjab Barat	172	178
AREA 267	Tanjab Barat	TEBING TINGGI	Adi Jaya	Tanjab Barat	172	179
AREA 268	Tanjab Barat	TEBING TINGGI	Kelagian	Tanjab Barat	172	180
AREA 269	Tanjab Barat	TEBING TINGGI	Telukpengkah	Tanjab Barat	172	181
AREA 270	Tanjab Barat	TEBING TINGGI	Talang Makmur	Tanjab Barat	172	182
AREA 271	Tanjab Barat	TEBING TINGGI	Dataran Kempas	Tanjab Barat	172	183
AREA 272	Tanjab Barat	TEBING TINGGI	Delima	Tanjab Barat	172	184
AREA 326	Tanjab Barat	TUNGKAL ILIR	Tungkal Empat Kota	Tanjab Barat	187	190
AREA 327	Tanjab Barat	TUNGKAL ILIR	Tungkal III	Tanjab Barat	187	191
AREA 328	Tanjab Barat	TUNGKAL ILIR	Tungkal Harapan	Tanjab Barat	187	192
AREA 329	Tanjab Barat	TUNGKAL ILIR	Tungkal II	Tanjab Barat	187	193
AREA 330	Tanjab Barat	TUNGKAL ILIR	Kampung Nelayan	Tanjab Barat	187	194
AREA 331	Tanjab Barat	TUNGKAL ILIR	Patunas	Tanjab Barat	187	195
AREA 332	Tanjab Barat	TUNGKAL ILIR	Sriwijaya	Tanjab Barat	187	196
AREA 333	Tanjab Barat	TUNGKAL ILIR	SungaiNibung	Tanjab Barat	187	197
AREA 334	Tanjab Barat	TUNGKAL ILIR	Tungkal I	Tanjab Barat	187	198
AREA 335	Tanjab Barat	TUNGKAL ILIR	Teluk sialang	Tanjab Barat	187	199
AREA 273	Tanjab Barat	TUNGKAL ULU	Pematang Pauh	Tanjab Barat	202	205
AREA 274	Tanjab Barat	TUNGKAL ULU	Pelabuhan Dagang	Tanjab Barat	202	206
AREA 275	Tanjab Barat	TUNGKAL ULU	Badang	Tanjab Barat	202	207
AREA 276	Tanjab Barat	TUNGKAL ULU	Tanjung tayas	Tanjab Barat	202	208
AREA 277	Tanjab Barat	TUNGKAL ULU	Kuala Dasal	Tanjab Barat	202	209
AREA 278	Tanjab Barat	TUNGKAL ULU	Taman Raja	Tanjab Barat	202	210
AREA 279	Tanjab Barat	TUNGKAL ULU	Brasau	Tanjab Barat	202	211
AREA 280	Tanjab Barat	TUNGKAL ULU	Gemuruh	Tanjab Barat	202	212
AREA 281	Tanjab Barat	TUNGKAL ULU	Pematang Tembesu	Tanjab Barat	202	213
AREA 282	Tanjab Barat	TUNGKAL ULU	Badang Sepakat	Tanjab Barat	202	214
AREA 13	Tanjab Timur	BERBAK	Rawasari	Tanjab Timur	18	21
AREA 479	Tanjab Timur	BERBAK	Simpang	Tanjab Timur	18	22
AREA 480	Tanjab Timur	BERBAK	Rantau Rasau	Tanjab Timur	18	23
AREA 481	Tanjab Timur	BERBAK	Rantau Makmur	Tanjab Timur	18	24
AREA 482	Tanjab Timur	BERBAK	Sungai Rambut	Tanjab Timur	18	25
AREA 483	Tanjab Timur	BERBAK	Telago Limo	Tanjab Timur	18	26
AREA 509	Tanjab Timur	DENDANG	Rantau Indah	Tanjab Timur	29	32
AREA 510	Tanjab Timur	DENDANG	Kuala Dendang	Tanjab Timur	29	33
AREA 511	Tanjab Timur	DENDANG	Koto Kandis Dendang	Tanjab Timur	29	34
AREA 512	Tanjab Timur	DENDANG	Koto Kandis	Tanjab Timur	29	35
AREA 513	Tanjab Timur	DENDANG	Sido Mukti	Tanjab Timur	29	36
AREA 514	Tanjab Timur	DENDANG	Catur Rahayu	Tanjab Timur	29	37
AREA 515	Tanjab Timur	DENDANG	Jati Mulyo	Tanjab Timur	29	38
AREA 516	Tanjab Timur	GERAGAI	Pandan Jaya	Tanjab Timur	41	44
AREA 517	Tanjab Timur	GERAGAI	Lagan Ulu	Tanjab Timur	41	45
AREA 518	Tanjab Timur	GERAGAI	Lagan Tengah	Tanjab Timur	41	46
AREA 519	Tanjab Timur	GERAGAI	Pandan Makmur	Tanjab Timur	41	47
AREA 520	Tanjab Timur	GERAGAI	Pandan Lagan	Tanjab Timur	41	48
AREA 521	Tanjab Timur	GERAGAI	Suka Maju	Tanjab Timur	41	49
AREA 522	Tanjab Timur	GERAGAI	Kota Baru	Tanjab Timur	41	50
AREA 523	Tanjab Timur	GERAGAI	Rantau Karya	Tanjab Timur	41	51
AREA 524	Tanjab Timur	GERAGAI	Pandan Sejahtera	Tanjab Timur	41	52
AREA 484	Tanjab Timur	KUALA JAMBI	Kampung Laut	Tanjab Timur	55	58
AREA 485	Tanjab Timur	KUALA JAMBI	Tanjung solok	Tanjab Timur	55	59
AREA 486	Tanjab Timur	KUALA JAMBI	Teluk majelis	Tanjab Timur	55	60
AREA 487	Tanjab Timur	KUALA JAMBI	Kuala Lagan	Tanjab Timur	55	61
AREA 488	Tanjab Timur	KUALA JAMBI	Majelis Hidayah	Tanjab Timur	55	62
AREA 489	Tanjab Timur	KUALA JAMBI	Manunggal Makmur	Tanjab Timur	55	63
AREA 525	Tanjab Timur	MENDAHARA	Mendahara Ilir	Tanjab Timur	66	69
AREA 526	Tanjab Timur	MENDAHARA	Pangkal Duri	Tanjab Timur	66	70
AREA 527	Tanjab Timur	MENDAHARA	Mendahara Tengah	Tanjab Timur	66	71
AREA 528	Tanjab Timur	MENDAHARA	Lagan Ilir	Tanjab Timur	66	72
AREA 529	Tanjab Timur	MENDAHARA	Sinar Kalimantan	Tanjab Timur	66	73
AREA 530	Tanjab Timur	MENDAHARA	Sungai tawar	Tanjab Timur	66	74
AREA 531	Tanjab Timur	MENDAHARA	Bakti Idaman	Tanjab Timur	66	75
AREA 532	Tanjab Timur	MENDAHARA	Merbau	Tanjab Timur	66	76
AREA 533	Tanjab Timur	MENDAHARA	Pangkal Duri Ilir	Tanjab Timur	66	77
AREA 534	Tanjab Timur	MENDAHARA ULU	Simpang Tuan	Tanjab Timur	80	83
AREA 535	Tanjab Timur	MENDAHARA ULU	Pematang Rahim	Tanjab Timur	80	84
AREA 536	Tanjab Timur	MENDAHARA ULU	Sungai toman	Tanjab Timur	80	85
AREA 537	Tanjab Timur	MENDAHARA ULU	Bukit tempurung	Tanjab Timur	80	86
AREA 538	Tanjab Timur	MENDAHARA ULU	Sinar Wajo	Tanjab Timur	80	87
AREA 539	Tanjab Timur	MENDAHARA ULU	Sungai beras	Tanjab Timur	80	88
AREA 540	Tanjab Timur	MENDAHARA ULU	Mencolok	Tanjab Timur	80	89
AREA 490	Tanjab Timur	MUARA SABAK BARAT	Kampung Singkep	Tanjab Timur	92	95
AREA 491	Tanjab Timur	MUARA SABAK BARAT	Nibung Putih	Tanjab Timur	92	96
AREA 492	Tanjab Timur	MUARA SABAK BARAT	Rano	Tanjab Timur	92	97
AREA 493	Tanjab Timur	MUARA SABAK BARAT	Talang Babat	Tanjab Timur	92	98
AREA 494	Tanjab Timur	MUARA SABAK BARAT	Parit Culum I	Tanjab Timur	92	99
AREA 495	Tanjab Timur	MUARA SABAK BARAT	Parit Culum II	Tanjab Timur	92	100
AREA 496	Tanjab Timur	MUARA SABAK BARAT	Teluk dawan	Tanjab Timur	92	101
AREA 497	Tanjab Timur	MUARA SABAK TIMUR	Muara Sabak Ilir	Tanjab Timur	104	107
AREA 498	Tanjab Timur	MUARA SABAK TIMUR	Muara Sabak Ulu	Tanjab Timur	104	108
AREA 499	Tanjab Timur	MUARA SABAK TIMUR	Alang-Alang	Tanjab Timur	104	109
AREA 500	Tanjab Timur	MUARA SABAK TIMUR	Lambur	Tanjab Timur	104	110
AREA 501	Tanjab Timur	MUARA SABAK TIMUR	Simbur Naik	Tanjab Timur	104	111
AREA 502	Tanjab Timur	MUARA SABAK TIMUR	Lambur I	Tanjab Timur	104	112
AREA 503	Tanjab Timur	MUARA SABAK TIMUR	Lambur II	Tanjab Timur	104	113
AREA 504	Tanjab Timur	MUARA SABAK TIMUR	Kota Raja	Tanjab Timur	104	114
AREA 505	Tanjab Timur	MUARA SABAK TIMUR	Siau Dalam	Tanjab Timur	104	115
AREA 506	Tanjab Timur	MUARA SABAK TIMUR	Sungai Ular	Tanjab Timur	104	116
AREA 507	Tanjab Timur	MUARA SABAK TIMUR	Kota Harapan	Tanjab Timur	104	117
AREA 508	Tanjab Timur	MUARA SABAK TIMUR	Kuala Simbur	Tanjab Timur	104	118
AREA 541	Tanjab Timur	NIPAH PANJANG	Pemusiran	Tanjab Timur	121	124
AREA 542	Tanjab Timur	NIPAH PANJANG	Bunga Tanjung	Tanjab Timur	121	125
AREA 543	Tanjab Timur	NIPAH PANJANG	Nipah Panjang I	Tanjab Timur	121	126
AREA 544	Tanjab Timur	NIPAH PANJANG	Nipah Panjang II	Tanjab Timur	121	127
AREA 545	Tanjab Timur	NIPAH PANJANG	Simpang Jelita	Tanjab Timur	121	128
AREA 546	Tanjab Timur	NIPAH PANJANG	Simpang Datuk	Tanjab Timur	121	129
AREA 547	Tanjab Timur	NIPAH PANJANG	Teluk kijing	Tanjab Timur	121	130
AREA 548	Tanjab Timur	NIPAH PANJANG	Sungai raya	Tanjab Timur	121	131
AREA 549	Tanjab Timur	NIPAH PANJANG	Sungai tering	Tanjab Timur	121	132
AREA 550	Tanjab Timur	NIPAH PANJANG	Sungai jeruk	Tanjab Timur	121	133
AREA 551	Tanjab Timur	RANTAU RASAU	Karya Bakti	Tanjab Timur	136	139
AREA 552	Tanjab Timur	RANTAU RASAU	Bandar Jaya	Tanjab Timur	136	140
AREA 553	Tanjab Timur	RANTAU RASAU	Rantau Rasau I	Tanjab Timur	136	141
AREA 554	Tanjab Timur	RANTAU RASAU	Rantau Rasau II	Tanjab Timur	136	142
AREA 555	Tanjab Timur	RANTAU RASAU	Harapan Makmur	Tanjab Timur	136	143
AREA 556	Tanjab Timur	RANTAU RASAU	Bangun Karya	Tanjab Timur	136	144
AREA 557	Tanjab Timur	RANTAU RASAU	Rantau Jaya	Tanjab Timur	136	145
AREA 558	Tanjab Timur	RANTAU RASAU	Sungai dusun	Tanjab Timur	136	146
AREA 559	Tanjab Timur	RANTAU RASAU	Marga Mulya	Tanjab Timur	136	147
AREA 560	Tanjab Timur	RANTAU RASAU	Pematang Mayan	Tanjab Timur	136	148
AREA 561	Tanjab Timur	RANTAU RASAU	Tri Mulyo	Tanjab Timur	136	149
AREA 562	Tanjab Timur	SADU	Sungai lokan	Tanjab Timur	152	155
AREA 563	Tanjab Timur	SADU	Sungai sayang	Tanjab Timur	152	156
AREA 564	Tanjab Timur	SADU	Sungai jambat	Tanjab Timur	152	157
AREA 565	Tanjab Timur	SADU	Sungai Itik	Tanjab Timur	152	158
AREA 566	Tanjab Timur	SADU	Sungaibenuh	Tanjab Timur	152	159
AREA 567	Tanjab Timur	SADU	Sungai Cemara	Tanjab Timur	152	160
AREA 568	Tanjab Timur	SADU	Remau Baku Tuo	Tanjab Timur	152	161
AREA 569	Tanjab Timur	SADU	Labuhan Pering	Tanjab Timur	152	162
AREA 570	Tanjab Timur	SADU	Air Hitam Laut	Tanjab Timur	152	163
