filename	sha256	sheets	authority	semantic_role	coverage_status	batch	limitations_or_note
00. Checklist 2026_Before After Comparison (send MD).xlsx	75be6ec2cccba747754c8d447279848c8ff4e49a5ffa47ef6e398995beef1265	7	CURRENT_NETWORK_STANDARD	UNIQUE_CHANGE_CONTROL	RECONSTRUCTED_TRUSTED	BATCH04	Full 2025→2026 checklist change-control structure, guidance, status taxonomy, and current strategic direction reconstructed from actual workbook.
01. Checklist 2026_Final - BigWing.xlsx	60ec085bbdd03795b0c8df53101a528b5e0d301451bdfdd4744b1ea369323015	8	CURRENT_NETWORK_STANDARD	UNIQUE_NETWORK_TIER	RECONSTRUCTED_WITH_LIMITATIONS	BATCH04	Current BigWing content and scoring logic reconstructed. Formula references contain indexed-sheet syntax as stored/parsed; template was not executed with a filled dealer audit.
02. Checklist 2026_Final - Wing.xlsx	fdceb9168f84893981c66f57526e22eea1ea6710f099f16c496d516c67ff7d62	8	CURRENT_NETWORK_STANDARD	UNIQUE_NETWORK_TIER	RECONSTRUCTED_WITH_LIMITATIONS	BATCH04	Current Wing content and scoring logic reconstructed. Formula references contain indexed-sheet syntax as stored/parsed; template was not executed with a filled dealer audit.
03. Checklist 2026_Final - Regular H123.xlsx	88e247217ee7f74d47fa2e34ec20dac589e8555c21516d1ccbb1cc5e87d8e0ab	8	CURRENT_NETWORK_STANDARD	UNIQUE_NETWORK_TIER	RECONSTRUCTED_WITH_LIMITATIONS	BATCH04	Current Regular H123 content and scoring logic reconstructed. Formula references contain indexed-sheet syntax as stored/parsed; template was not executed with a filled dealer audit.
04. Checklist 2026_Final - Regular H1.xlsx	d1686a5a48d31f13d946acb03415431eaa9b2a988983787e21da6033132ccbe8	5	CURRENT_NETWORK_STANDARD	UNIQUE_NETWORK_TIER	RECONSTRUCTED_WITH_LIMITATIONS	BATCH04	Current Regular H1 content and scoring logic reconstructed. Formula references contain indexed-sheet syntax as stored/parsed; template was not executed with a filled dealer audit.
05. Checklist 2026_Final - AHASS H23.xlsx	fa2087b9fd36cc44ef813f62e56bc574a86a431352fe28ef85051226bbf44701	5	CURRENT_NETWORK_STANDARD	UNIQUE_NETWORK_TIER	RECONSTRUCTED_WITH_LIMITATIONS	BATCH04	Current AHASS H23 content and scoring logic reconstructed. Formula references contain indexed-sheet syntax as stored/parsed; template was not executed with a filled dealer audit.
06. NOS POS 2026.xlsx	49043501ffd64e19b763f494c834c2e17ea0a9e70f289d01ede875538d625006	4	CURRENT_NETWORK_STANDARD	UNIQUE_POS_STANDARD	RECONSTRUCTED_TRUSTED	BATCH04	Current H1 and H2 POS premises/people/process checklist content reconstructed from actual workbook.
07. NOS BTL 2026.xlsx	f265f03458c498c002aad1221e3546799a0b925e2940a3ebe4b8a9989541983c	2	CURRENT_NETWORK_STANDARD	UNIQUE_BTL_STANDARD	RECONSTRUCTED_TRUSTED	BATCH04	Current H1/H23 BTL premises/people/process checklist content reconstructed from actual workbook.
Checlist NOS 2026 H1 Premises Dealer.xlsx	15dda5218cd76d4a62be7e9ccd9767ba8075e5e0cc30f56270cb5d9856cdb18b	2	CURRENT_NETWORK_STANDARD	SEMANTIC_DUPLICATE_ALIAS	RECONSTRUCTED_TRUSTED	BATCH04	Both sheets are exact semantic duplicates of H1 Premises in Regular H123 and Regular H1 final checklists; retained for provenance, no unique semantic content.
