source_id	original_filename	source_sha256	unit_type	unit	text_sha256	render_sha256	text_chars	semantic_disposition	visual_evidence_status
WD-SRC-027	3-6. ASSDP Breakdown target, form dealer review _ TTFU, Targetting _ Forecasting dan komposisi DP .pptx	ea8bb19154f7262ad240933b0c0ecffa01e9169207560f2934a54293728ca630	SLIDE	1	71cc5a16e28478cb37943ef0d2d3bb245720296f55029c3f6a1d66fa433f6a2f	22687bad5e793da865995b5e678c0434bb1f5de3a2a6f9308645a2491a65dc2d	26	CONTEXT_ORIENTATION	RENDER_AVAILABLE;CRITICAL_VISUALS_MANUALLY_INSPECTED
WD-SRC-027	3-6. ASSDP Breakdown target, form dealer review _ TTFU, Targetting _ Forecasting dan komposisi DP .pptx	ea8bb19154f7262ad240933b0c0ecffa01e9169207560f2934a54293728ca630	SLIDE	2	9e1e7324af7ffdd90f705c906d8de3b5a7ff79049c9ab3fa74b98a7743ebe174	4b5ab296d75dd9f82c7782c7f6403bde1637571a1fd34cffd0de5c764dd84906	64	CONTEXT_ORIENTATION	RENDER_AVAILABLE;CRITICAL_VISUALS_MANUALLY_INSPECTED
WD-SRC-027	3-6. ASSDP Breakdown target, form dealer review _ TTFU, Targetting _ Forecasting dan komposisi DP .pptx	ea8bb19154f7262ad240933b0c0ecffa01e9169207560f2934a54293728ca630	SLIDE	3	f2da7474cc21f76f5cc069039c49b2d9ec9f145bd3c78c820efaf0ce9e4bcb9a	c7d54e575b0ee9a0bf756886da94194e44751c258f50ff0f2c26ee4230fc5ab1	124	CONTEXT_ORIENTATION	RENDER_AVAILABLE;CRITICAL_VISUALS_MANUALLY_INSPECTED
WD-SRC-027	3-6. ASSDP Breakdown target, form dealer review _ TTFU, Targetting _ Forecasting dan komposisi DP .pptx	ea8bb19154f7262ad240933b0c0ecffa01e9169207560f2934a54293728ca630	SLIDE	4	58241d8e529297bdef46ae588f6d2c9c8fad133dc6bb61178f306e15afd24336	0f74c0b68641331d46d09a551abc8af7a79de9ad4938a63189f1f93c2ce20700	83	TARGET_SETTING_MENTAL_MODEL	RENDER_AVAILABLE;CRITICAL_VISUALS_MANUALLY_INSPECTED
WD-SRC-027	3-6. ASSDP Breakdown target, form dealer review _ TTFU, Targetting _ Forecasting dan komposisi DP .pptx	ea8bb19154f7262ad240933b0c0ecffa01e9169207560f2934a54293728ca630	SLIDE	5	3d6bfd0e50d48ebd00e916606be20a77df50126af22b8e117b813a5f1be2c09e	acaa652bdceef9ba44d66b8ae8acda82d355f00c1472ca6da62683a2ac9ba505	211	TARGET_SETTING_MENTAL_MODEL	RENDER_AVAILABLE;CRITICAL_VISUALS_MANUALLY_INSPECTED
WD-SRC-027	3-6. ASSDP Breakdown target, form dealer review _ TTFU, Targetting _ Forecasting dan komposisi DP .pptx	ea8bb19154f7262ad240933b0c0ecffa01e9169207560f2934a54293728ca630	SLIDE	6	b79515eca1e1cc624464905c1b882d7ff822a843138863879dd16ff31b924a54	1f768895a22e280d70ea5e491396d8bb06916d421ad386bbc97892601bc34e75	255	TARGET_SETTING_MENTAL_MODEL	RENDER_AVAILABLE;CRITICAL_VISUALS_MANUALLY_INSPECTED
WD-SRC-027	3-6. ASSDP Breakdown target, form dealer review _ TTFU, Targetting _ Forecasting dan komposisi DP .pptx	ea8bb19154f7262ad240933b0c0ecffa01e9169207560f2934a54293728ca630	SLIDE	7	441f2367a6f5781a66f025d10433683ee7d0f0e1bfbbb6028c25fb751bd4a032	53c9cf56e407c27def48a727e785d3753c732c0794f85c2b7bb87ca6c4d2be9f	76	TARGET_SETTING_MENTAL_MODEL	RENDER_AVAILABLE;CRITICAL_VISUALS_MANUALLY_INSPECTED
WD-SRC-027	3-6. ASSDP Breakdown target, form dealer review _ TTFU, Targetting _ Forecasting dan komposisi DP .pptx	ea8bb19154f7262ad240933b0c0ecffa01e9169207560f2934a54293728ca630	SLIDE	8	fcb731a28aa6c67a1a82684958c4cc232dee445ee4084158953a21f2d509e71a	dc94f6ff9497a6899c7a799b7a7ff093f35257e58fe8dfdd0f1766325d16e206	183	TARGET_SETTING_MENTAL_MODEL	RENDER_AVAILABLE;CRITICAL_VISUALS_MANUALLY_INSPECTED
WD-SRC-027	3-6. ASSDP Breakdown target, form dealer review _ TTFU, Targetting _ Forecasting dan komposisi DP .pptx	ea8bb19154f7262ad240933b0c0ecffa01e9169207560f2934a54293728ca630	SLIDE	9	93415dfca8c5fab93adc703bb54f045c475b935c309df5d09c26df5d03fdeb48	069179d6f91d0af455ff48a313999c2a0e25c37360ca99ccfce4cba2bed83f76	91	CONTENT_MAP	RENDER_AVAILABLE;CRITICAL_VISUALS_MANUALLY_INSPECTED
WD-SRC-027	3-6. ASSDP Breakdown target, form dealer review _ TTFU, Targetting _ Forecasting dan komposisi DP .pptx	ea8bb19154f7262ad240933b0c0ecffa01e9169207560f2934a54293728ca630	SLIDE	10	c5757bc33c773ccf0479fd6207b13d1fbaf4d369ba241720577a4d593542c56a	f41d52b22d06928074c3e75ce52d12696b546c4442d046f44f2a8e0186627ce4	61	TARGET_DEPLOYMENT	RENDER_AVAILABLE;CRITICAL_VISUALS_MANUALLY_INSPECTED
WD-SRC-027	3-6. ASSDP Breakdown target, form dealer review _ TTFU, Targetting _ Forecasting dan komposisi DP .pptx	ea8bb19154f7262ad240933b0c0ecffa01e9169207560f2934a54293728ca630	SLIDE	11	720cda8c4342f9646135b44e886b5381f802d31acebb31c8976eb8ebd09becba	15ff4ddb8efd18dd995565a7f2f460eed19ac45faa2e85685a88a276a2e236c8	342	TARGET_DEPLOYMENT	RENDER_AVAILABLE;CRITICAL_VISUALS_MANUALLY_INSPECTED
WD-SRC-027	3-6. ASSDP Breakdown target, form dealer review _ TTFU, Targetting _ Forecasting dan komposisi DP .pptx	ea8bb19154f7262ad240933b0c0ecffa01e9169207560f2934a54293728ca630	SLIDE	12	1918ddd9fbd83ee02ac813577c63b98c0bed3b15cad79c3fe154e0bfbff3ff77	8446df015004bef6b3cfbcae8f31829cf231f93af704ae8f13bb683b5c27a469	553	TARGET_DEPLOYMENT	RENDER_AVAILABLE;CRITICAL_VISUALS_MANUALLY_INSPECTED
WD-SRC-027	3-6. ASSDP Breakdown target, form dealer review _ TTFU, Targetting _ Forecasting dan komposisi DP .pptx	ea8bb19154f7262ad240933b0c0ecffa01e9169207560f2934a54293728ca630	SLIDE	13	4d452fe52a7645f7feb7d09b37272c279e2185ef21a0e34d196e2b7f600fb381	c3924ced9137fae8187f49a234c5e13d8844bfe00340de80335fbe3b0fb0afb4	187	TARGET_DEPLOYMENT	RENDER_AVAILABLE;CRITICAL_VISUALS_MANUALLY_INSPECTED
WD-SRC-027	3-6. ASSDP Breakdown target, form dealer review _ TTFU, Targetting _ Forecasting dan komposisi DP .pptx	ea8bb19154f7262ad240933b0c0ecffa01e9169207560f2934a54293728ca630	SLIDE	14	45158f5d00b12f4497444cdf21aed54090b4ce1fb829cb25390f9921d3488cd3	90afb114b141f511cfaa89e907f2c8b6ff16b6ddf6d2378391f7119085deb75b	512	TARGET_DEPLOYMENT	RENDER_AVAILABLE;CRITICAL_VISUALS_MANUALLY_INSPECTED
WD-SRC-027	3-6. ASSDP Breakdown target, form dealer review _ TTFU, Targetting _ Forecasting dan komposisi DP .pptx	ea8bb19154f7262ad240933b0c0ecffa01e9169207560f2934a54293728ca630	SLIDE	15	d9694e31562e91531be9e6c8e4f6b4e0bc35d972aa7c289cfb60d98caccb00d1	660fecfae08445ab50b6d8f2e9077fab6fd28e41988ded4fb74d2fbd0ebc1b87	515	TARGET_DEPLOYMENT	RENDER_AVAILABLE;CRITICAL_VISUALS_MANUALLY_INSPECTED
WD-SRC-027	3-6. ASSDP Breakdown target, form dealer review _ TTFU, Targetting _ Forecasting dan komposisi DP .pptx	ea8bb19154f7262ad240933b0c0ecffa01e9169207560f2934a54293728ca630	SLIDE	16	0df9abf3216d1e7e993b6d1df379ed0c28b2a9aa3244e24803c546dd73198def	c90b4fed16470678a96776eb394dcc262680c850004dd8c37a80c2b06800ef65	233	TARGET_DEPLOYMENT	RENDER_AVAILABLE;CRITICAL_VISUALS_MANUALLY_INSPECTED
WD-SRC-027	3-6. ASSDP Breakdown target, form dealer review _ TTFU, Targetting _ Forecasting dan komposisi DP .pptx	ea8bb19154f7262ad240933b0c0ecffa01e9169207560f2934a54293728ca630	SLIDE	17	e3b0c44298fc1c149afbf4c8996fb92427ae41e4649b934ca495991b7852b855	3cd2b18770cebf5b46cbd3c514e266958df345ebb3a94e7f83025fbf9917dec7	0	TARGET_DEPLOYMENT	RENDER_AVAILABLE;CRITICAL_VISUALS_MANUALLY_INSPECTED
WD-SRC-027	3-6. ASSDP Breakdown target, form dealer review _ TTFU, Targetting _ Forecasting dan komposisi DP .pptx	ea8bb19154f7262ad240933b0c0ecffa01e9169207560f2934a54293728ca630	SLIDE	18	71c8ec912dfcf3ae508ff2e8931663234cf6ef00a9f70960bad0f11774ca78c5	02dd3e36b3d3740198c7965033e19e696f29d4624c2a7d72e018f93775f1f305	186	TARGET_DEPLOYMENT	RENDER_AVAILABLE;CRITICAL_VISUALS_MANUALLY_INSPECTED
WD-SRC-027	3-6. ASSDP Breakdown target, form dealer review _ TTFU, Targetting _ Forecasting dan komposisi DP .pptx	ea8bb19154f7262ad240933b0c0ecffa01e9169207560f2934a54293728ca630	SLIDE	19	1f2ae49abf42713340c565f280d5cff48160833f6a5144c7409029e58003351e	370c67fdecd347ff4a2e9a6629e1b6f213bda3ca58e8d24a5f30d72f47c328e4	286	TARGET_DEPLOYMENT	RENDER_AVAILABLE;CRITICAL_VISUALS_MANUALLY_INSPECTED
WD-SRC-027	3-6. ASSDP Breakdown target, form dealer review _ TTFU, Targetting _ Forecasting dan komposisi DP .pptx	ea8bb19154f7262ad240933b0c0ecffa01e9169207560f2934a54293728ca630	SLIDE	20	6a108f210d2425e4fafe7bbe1c6a020589d4bce74ab717e9d8f48707105f0fad	8cd62770ca0f168f62237e827df5240b1c8cf4da2f84e4bdc9b17ea2d4717207	54	DEALER_REVIEW	RENDER_AVAILABLE;CRITICAL_VISUALS_MANUALLY_INSPECTED
WD-SRC-027	3-6. ASSDP Breakdown target, form dealer review _ TTFU, Targetting _ Forecasting dan komposisi DP .pptx	ea8bb19154f7262ad240933b0c0ecffa01e9169207560f2934a54293728ca630	SLIDE	21	58366dccbaf4e6f8202c7fd6e61a972706e0950539e14adbde04a3bb223fe456	88c3297abd2b36c17a2aa3c81928b8991e83de479ada3fa398f7a4eb5a523063	222	DEALER_REVIEW	RENDER_AVAILABLE;CRITICAL_VISUALS_MANUALLY_INSPECTED
WD-SRC-027	3-6. ASSDP Breakdown target, form dealer review _ TTFU, Targetting _ Forecasting dan komposisi DP .pptx	ea8bb19154f7262ad240933b0c0ecffa01e9169207560f2934a54293728ca630	SLIDE	22	738ea3668cc54017feacad34e1e7d9fbf2ea28f453c3df73e1b31e078cd7aa6f	0f48d70ae701ccf8629abf204bf1a740d9bd3d795064339f42d4bd535186edde	391	DEALER_REVIEW	RENDER_AVAILABLE;CRITICAL_VISUALS_MANUALLY_INSPECTED
WD-SRC-027	3-6. ASSDP Breakdown target, form dealer review _ TTFU, Targetting _ Forecasting dan komposisi DP .pptx	ea8bb19154f7262ad240933b0c0ecffa01e9169207560f2934a54293728ca630	SLIDE	23	4909a3520209889f8d5d2a26ce4e7949f7181e29f2bab0c1e775f2c5c0e2e8e1	292573b8b70ac8292fc9a142aa2592310d09f4e3d81425de829b090f9335c864	253	DEALER_REVIEW	RENDER_AVAILABLE;CRITICAL_VISUALS_MANUALLY_INSPECTED
WD-SRC-027	3-6. ASSDP Breakdown target, form dealer review _ TTFU, Targetting _ Forecasting dan komposisi DP .pptx	ea8bb19154f7262ad240933b0c0ecffa01e9169207560f2934a54293728ca630	SLIDE	24	7da0b815b1e0027d1f6e78b83f840e5f0c5a687682ceeaf2109dbcb69efc914c	e453ab6b8910e4269fcd0f55514e09bb45198f128db6f587f911ea81b4e6e550	183	DEALER_REVIEW	RENDER_AVAILABLE;CRITICAL_VISUALS_MANUALLY_INSPECTED
WD-SRC-027	3-6. ASSDP Breakdown target, form dealer review _ TTFU, Targetting _ Forecasting dan komposisi DP .pptx	ea8bb19154f7262ad240933b0c0ecffa01e9169207560f2934a54293728ca630	SLIDE	25	2656e3d5821025fe9ee74e6afa9f93aca97cb633737fe21e047ecf677af71d80	61fefe47186f9ef6e155e4314c72fa0f7a15d44f329a975bb54329ab7164be7f	42	TARGET_FORECAST_ACTIVITY	RENDER_AVAILABLE;CRITICAL_VISUALS_MANUALLY_INSPECTED
WD-SRC-027	3-6. ASSDP Breakdown target, form dealer review _ TTFU, Targetting _ Forecasting dan komposisi DP .pptx	ea8bb19154f7262ad240933b0c0ecffa01e9169207560f2934a54293728ca630	SLIDE	26	1faf66c991d439f46e415b8705b851006f61f6f2699b541c18eddc4cf3a233fe	29cb5cac6de4c3764dd81d26c876ecf51fd156bffebf0b0297c4948ae054a0a5	37	TARGET_FORECAST_ACTIVITY	RENDER_AVAILABLE;CRITICAL_VISUALS_MANUALLY_INSPECTED
WD-SRC-027	3-6. ASSDP Breakdown target, form dealer review _ TTFU, Targetting _ Forecasting dan komposisi DP .pptx	ea8bb19154f7262ad240933b0c0ecffa01e9169207560f2934a54293728ca630	SLIDE	27	1faf66c991d439f46e415b8705b851006f61f6f2699b541c18eddc4cf3a233fe	fb147a938b011a69aabe96643a985b037c9a92f200205bcc370ac07e2ddeebfd	37	TARGET_FORECAST_ACTIVITY	RENDER_AVAILABLE;CRITICAL_VISUALS_MANUALLY_INSPECTED
WD-SRC-027	3-6. ASSDP Breakdown target, form dealer review _ TTFU, Targetting _ Forecasting dan komposisi DP .pptx	ea8bb19154f7262ad240933b0c0ecffa01e9169207560f2934a54293728ca630	SLIDE	28	1faf66c991d439f46e415b8705b851006f61f6f2699b541c18eddc4cf3a233fe	a9674b276926a61f9df8c5e12642473697009e6678cc151da59d605991215ad4	37	TARGET_FORECAST_ACTIVITY	RENDER_AVAILABLE;CRITICAL_VISUALS_MANUALLY_INSPECTED
WD-SRC-027	3-6. ASSDP Breakdown target, form dealer review _ TTFU, Targetting _ Forecasting dan komposisi DP .pptx	ea8bb19154f7262ad240933b0c0ecffa01e9169207560f2934a54293728ca630	SLIDE	29	2589c75b193db241ff4191c0014431a896c3603128a3044b75e208aa47dbc8ad	8d0727b4b7eff1876483fc418490f9c1cb67b6f4f5750b33b89e7d3a3502d6f8	175	DISTRIBUTION_ANALOGY	RENDER_AVAILABLE;CRITICAL_VISUALS_MANUALLY_INSPECTED
WD-SRC-027	3-6. ASSDP Breakdown target, form dealer review _ TTFU, Targetting _ Forecasting dan komposisi DP .pptx	ea8bb19154f7262ad240933b0c0ecffa01e9169207560f2934a54293728ca630	SLIDE	30	ce74a0f34dd16f41471d5a183abc784ad37f2eb390150f0f7115fefd6abba25b	b590f7eeb98d08ae90ea656b1d7d3572e446380901db9530261900dc7725db0e	111	DISTRIBUTION_ANALOGY	RENDER_AVAILABLE;CRITICAL_VISUALS_MANUALLY_INSPECTED
WD-SRC-027	3-6. ASSDP Breakdown target, form dealer review _ TTFU, Targetting _ Forecasting dan komposisi DP .pptx	ea8bb19154f7262ad240933b0c0ecffa01e9169207560f2934a54293728ca630	SLIDE	31	f12fece078b85afc642d3e8c96c099ae915b69c44f5e22a18cc9ad44c9cf0e43	6233fa581265024797e836d2817c756afb2bb4ad07a8dc1edaddb313721eabf7	107	DISTRIBUTION_ANALOGY	RENDER_AVAILABLE;CRITICAL_VISUALS_MANUALLY_INSPECTED
WD-SRC-027	3-6. ASSDP Breakdown target, form dealer review _ TTFU, Targetting _ Forecasting dan komposisi DP .pptx	ea8bb19154f7262ad240933b0c0ecffa01e9169207560f2934a54293728ca630	SLIDE	32	665bc2486d63493cb6ae7bf8f67ed8a1856ac6509cfa5453be825ea65650fa1b	af1493ff9707bf3ec9b985385702c53b6daade870a6eba4955ee770b5e93e580	559	DISTRIBUTION_ANALOGY	RENDER_AVAILABLE;CRITICAL_VISUALS_MANUALLY_INSPECTED
WD-SRC-027	3-6. ASSDP Breakdown target, form dealer review _ TTFU, Targetting _ Forecasting dan komposisi DP .pptx	ea8bb19154f7262ad240933b0c0ecffa01e9169207560f2934a54293728ca630	SLIDE	33	24f305519c02d65b8cbea4ecbf1b1c73a55d1cb5be97808d3d94c38fe821272e	bfb99c3968d2edd962e00fdc1663610b6449718a977c0968f68152046e79194f	23	DP_COMPOSITION_ANALYSIS	RENDER_AVAILABLE;CRITICAL_VISUALS_MANUALLY_INSPECTED
WD-SRC-027	3-6. ASSDP Breakdown target, form dealer review _ TTFU, Targetting _ Forecasting dan komposisi DP .pptx	ea8bb19154f7262ad240933b0c0ecffa01e9169207560f2934a54293728ca630	SLIDE	34	65a7f60f81888870996f432350a2e5ae33a81f152959115b1d1623be93c515af	e1a5f2d1ec2c02887429e257974809f5e9cc49d88de6b4a71c037aee9daa48ed	776	DP_COMPOSITION_ANALYSIS	RENDER_AVAILABLE;CRITICAL_VISUALS_MANUALLY_INSPECTED
WD-SRC-027	3-6. ASSDP Breakdown target, form dealer review _ TTFU, Targetting _ Forecasting dan komposisi DP .pptx	ea8bb19154f7262ad240933b0c0ecffa01e9169207560f2934a54293728ca630	SLIDE	35	4941055b7d8082e297f1fff01d35f4dfd5e69060c0dc420b05ad405daa62a4cc	75fe193aeb735868c3af08ec30ab4c420cbe5e1a3c1ef1ef1b0f581ea5b108bd	384	DP_COMPOSITION_ANALYSIS	RENDER_AVAILABLE;CRITICAL_VISUALS_MANUALLY_INSPECTED
WD-SRC-027	3-6. ASSDP Breakdown target, form dealer review _ TTFU, Targetting _ Forecasting dan komposisi DP .pptx	ea8bb19154f7262ad240933b0c0ecffa01e9169207560f2934a54293728ca630	SLIDE	36	4f5c6f0f132441fb9d67617be4f9f7b7f728c96c0bffd4423a08a466eb7edb80	8d82c075be9ad192d565f25048dc3ae4418b17f5e96d26c5b92b8b0813d9f1ca	400	DP_COMPOSITION_ANALYSIS	RENDER_AVAILABLE;CRITICAL_VISUALS_MANUALLY_INSPECTED
WD-SRC-027	3-6. ASSDP Breakdown target, form dealer review _ TTFU, Targetting _ Forecasting dan komposisi DP .pptx	ea8bb19154f7262ad240933b0c0ecffa01e9169207560f2934a54293728ca630	SLIDE	37	76a1ad394dc680d077945ad3d1a79697995a4e20a4ad88572af60cdc13b2566c	4e9d1eb8f5c381d57ea3ce79774fdec98ca74310ba1f2c8db28edaca753515ab	458	DP_COMPOSITION_ANALYSIS	RENDER_AVAILABLE;CRITICAL_VISUALS_MANUALLY_INSPECTED
WD-SRC-027	3-6. ASSDP Breakdown target, form dealer review _ TTFU, Targetting _ Forecasting dan komposisi DP .pptx	ea8bb19154f7262ad240933b0c0ecffa01e9169207560f2934a54293728ca630	SLIDE	38	140ee35f6a9db33e9a3aed1875e5c67b8bb996f4645d2bd27c4651438fcf9e4f	829ed7b44bc3fb9c825776c00e8bc74c678e428ff1fd1bfc27af6b565c92b9c1	686	DP_COMPOSITION_ANALYSIS	RENDER_AVAILABLE;CRITICAL_VISUALS_MANUALLY_INSPECTED
WD-SRC-027	3-6. ASSDP Breakdown target, form dealer review _ TTFU, Targetting _ Forecasting dan komposisi DP .pptx	ea8bb19154f7262ad240933b0c0ecffa01e9169207560f2934a54293728ca630	SLIDE	39	746b458bd0c81f78282b0aedd9631c91700785dd30144717cc634a892254b25c	47305ca8ab1c09cae4d9648463b568b071b11bb2b7b23ddfceb26cfd351faac7	23	CLOSING	RENDER_AVAILABLE;CRITICAL_VISUALS_MANUALLY_INSPECTED
WD-SRC-028	7. Demand Management _ Recovery Rate.pptx	1faab59cba2c176ac5e500a6deae60da3dcc2aa4afcc28f9461baa02fd15da89	SLIDE	1	99c71315f07686497432f99432d5d1c9d1adaf53d932149ca5ebc3f223a4e642	db0d37b83a34f4ea434e584941015e995ae1e74ea803c7dfb2ad63eba0e2cbc3	37	TITLE	RENDER_AVAILABLE;CRITICAL_VISUALS_MANUALLY_INSPECTED
WD-SRC-028	7. Demand Management _ Recovery Rate.pptx	1faab59cba2c176ac5e500a6deae60da3dcc2aa4afcc28f9461baa02fd15da89	SLIDE	2	2600da19aba4d593eb2075404dc5bb7dcfadb7bfd66edcf3798a929a3937e030	c7203d1951ce050c0e8850ca144a8318953d740b7db8a3e55d74fc2347ab5e49	571	MARKET_RESEARCH	RENDER_AVAILABLE;CRITICAL_VISUALS_MANUALLY_INSPECTED
WD-SRC-028	7. Demand Management _ Recovery Rate.pptx	1faab59cba2c176ac5e500a6deae60da3dcc2aa4afcc28f9461baa02fd15da89	SLIDE	3	981592cc96990b6c1bdb31259c45c1a4451ca34e1d411a2d04904172633f7141	33344e5167f33f4c4f56e8632a412e5f0277f49bb04f7ab1708815a7048f8777	276	MARKET_RESEARCH	RENDER_AVAILABLE;CRITICAL_VISUALS_MANUALLY_INSPECTED
WD-SRC-028	7. Demand Management _ Recovery Rate.pptx	1faab59cba2c176ac5e500a6deae60da3dcc2aa4afcc28f9461baa02fd15da89	SLIDE	4	57c7b4e4fb731d86957684a412d7c4b2add688d86eb5b92054a3951f34c7cc29	e6688441c3e680cebb6a7074a223ce301dbe592e70d4b1c8a6bd1e1ae339f272	482	MARKET_RESEARCH	RENDER_AVAILABLE;CRITICAL_VISUALS_MANUALLY_INSPECTED
WD-SRC-028	7. Demand Management _ Recovery Rate.pptx	1faab59cba2c176ac5e500a6deae60da3dcc2aa4afcc28f9461baa02fd15da89	SLIDE	5	33da1eeabf1a2de3cf5d643b3a837da4572e060e4019127a701c0447b27d9ab4	1fde6a512218e5ee52d6b9ca74268ead2122be735d73a435e506080f0cf3848c	309	MARKET_RESEARCH	RENDER_AVAILABLE;CRITICAL_VISUALS_MANUALLY_INSPECTED
WD-SRC-028	7. Demand Management _ Recovery Rate.pptx	1faab59cba2c176ac5e500a6deae60da3dcc2aa4afcc28f9461baa02fd15da89	SLIDE	6	8a61f1378836da3ebbb572bbe027f6462257b2fe319b4000531de8f8f8de0d0f	a4f84a80336978fa00a04b0872fe8c8645cee265b3b5c65cbbe677034e25ad99	1897	MARKET_RESEARCH	RENDER_AVAILABLE;CRITICAL_VISUALS_MANUALLY_INSPECTED
WD-SRC-028	7. Demand Management _ Recovery Rate.pptx	1faab59cba2c176ac5e500a6deae60da3dcc2aa4afcc28f9461baa02fd15da89	SLIDE	7	4db8818a4bd3b6f54186ba628b42457ece529e6601d06c868658238d087ab11b	f43dca51b2e4377ff625ccaeed6930c5787e08479ba8a954859b988f156ab61a	593	DEMAND_MANAGEMENT_SYSTEM	RENDER_AVAILABLE;CRITICAL_VISUALS_MANUALLY_INSPECTED
WD-SRC-028	7. Demand Management _ Recovery Rate.pptx	1faab59cba2c176ac5e500a6deae60da3dcc2aa4afcc28f9461baa02fd15da89	SLIDE	8	e81dff9cdbb4cbaa1dddc5eb15140b455939be47a2a2d953d99cb9ca4f09a026	e5d3523b848de9bf981b583a627ad4582551240af02163836cc0609d90ca1190	1063	DEMAND_MANAGEMENT_SYSTEM	RENDER_AVAILABLE;CRITICAL_VISUALS_MANUALLY_INSPECTED
WD-SRC-028	7. Demand Management _ Recovery Rate.pptx	1faab59cba2c176ac5e500a6deae60da3dcc2aa4afcc28f9461baa02fd15da89	SLIDE	9	4018fa5ff3d67b287e1a0ef09baf255337904175758132ece8202359487c32e3	ca9368f1ad03fd912ef7de119ed0a707d8f1b145646199a1b11977eca2911676	321	DEMAND_FORECASTING	RENDER_AVAILABLE;CRITICAL_VISUALS_MANUALLY_INSPECTED
WD-SRC-028	7. Demand Management _ Recovery Rate.pptx	1faab59cba2c176ac5e500a6deae60da3dcc2aa4afcc28f9461baa02fd15da89	SLIDE	10	1e2f59e3ee01d00bf730ab8cca0a0c434b54763a9ec97b3cd844978b47db88b2	a4a58f9c3b62f6cc6eb303e6fae18b5de338a9aaf746eac7bf66bf6613a29a21	61	DEMAND_FORECASTING	RENDER_AVAILABLE;CRITICAL_VISUALS_MANUALLY_INSPECTED
WD-SRC-028	7. Demand Management _ Recovery Rate.pptx	1faab59cba2c176ac5e500a6deae60da3dcc2aa4afcc28f9461baa02fd15da89	SLIDE	11	4d9bf2d77d44ab4860e157e7f082fa995657d4f2eaf6548e961b9daba5efb15b	0ee84b2cd95b41b2c2ef73d42a4703f273f7ad691cce8eb82ebeba13ea3cf52a	236	DEMAND_FORECASTING	RENDER_AVAILABLE;CRITICAL_VISUALS_MANUALLY_INSPECTED
WD-SRC-028	7. Demand Management _ Recovery Rate.pptx	1faab59cba2c176ac5e500a6deae60da3dcc2aa4afcc28f9461baa02fd15da89	SLIDE	12	2531e567690d5b4f5741f59c965ebe2c660a8eef91d4b1c6041ef7e4141e3fcd	5a16f133cf82fd70df40cc7ff9a717e1faa0b9d97ef3435e58740863a26a28dd	234	DEMAND_FORECASTING	RENDER_AVAILABLE;CRITICAL_VISUALS_MANUALLY_INSPECTED
WD-SRC-028	7. Demand Management _ Recovery Rate.pptx	1faab59cba2c176ac5e500a6deae60da3dcc2aa4afcc28f9461baa02fd15da89	SLIDE	13	4bba200b097b08a4783dd90b0a4e070d3b38ab29649b34c54f3f606ca5ec858d	e7462a940427ac8f6f7c85a8a71965857300fff31b21cfec30c78482c56a3208	1531	MARKET_SENSING	RENDER_AVAILABLE;CRITICAL_VISUALS_MANUALLY_INSPECTED
WD-SRC-028	7. Demand Management _ Recovery Rate.pptx	1faab59cba2c176ac5e500a6deae60da3dcc2aa4afcc28f9461baa02fd15da89	SLIDE	14	83a20b575a1f2acfd3ed6cf5dc49bd5c79b1d2866c338ba27c9ac5e7dbb31c4c	c78ae5fe0369ce32e8b6bf886e13fb02d58e5cb083d6a03060bfa8e7fa10415c	1105	MARKET_SENSING	RENDER_AVAILABLE;CRITICAL_VISUALS_MANUALLY_INSPECTED
WD-SRC-028	7. Demand Management _ Recovery Rate.pptx	1faab59cba2c176ac5e500a6deae60da3dcc2aa4afcc28f9461baa02fd15da89	SLIDE	15	b0c4fa9bfb7391e7bcf80f808c0477daa85ca9268442514797a29251a42b6a7f	315d6a1d9c864ca6ba3db66d26c245d63bd936111b35817343ba2733e94fbab1	55	MARKET_SENSING	RENDER_AVAILABLE;CRITICAL_VISUALS_MANUALLY_INSPECTED
WD-SRC-028	7. Demand Management _ Recovery Rate.pptx	1faab59cba2c176ac5e500a6deae60da3dcc2aa4afcc28f9461baa02fd15da89	SLIDE	16	99ed55fbe74f5aa1351327c70eb61da0dc0e7e7d12df9d1f726e9d67d18157f6	c0b0efb41fffb01f74903ae34c0a13416ad2fb5004d46e4684ba7c1aa098afac	79	SALES_PLAN_TARGETING_MONITORING	RENDER_AVAILABLE;CRITICAL_VISUALS_MANUALLY_INSPECTED
WD-SRC-028	7. Demand Management _ Recovery Rate.pptx	1faab59cba2c176ac5e500a6deae60da3dcc2aa4afcc28f9461baa02fd15da89	SLIDE	17	99ed55fbe74f5aa1351327c70eb61da0dc0e7e7d12df9d1f726e9d67d18157f6	5bd11526ac99e25af5942aa80a1d5fea6b0e2827ed80ba702c4aa62cbf993d8c	79	SALES_PLAN_TARGETING_MONITORING	RENDER_AVAILABLE;CRITICAL_VISUALS_MANUALLY_INSPECTED
WD-SRC-028	7. Demand Management _ Recovery Rate.pptx	1faab59cba2c176ac5e500a6deae60da3dcc2aa4afcc28f9461baa02fd15da89	SLIDE	18	002b0f1d3ee8352e80332290a28a93137d300f1317245a472aeb140fdc7e9c43	26cfa93b6d6622b78e5aa1780d56c31e374858770e8bea7869866ec6916de3b3	16	SALES_PLAN_TARGETING_MONITORING	RENDER_AVAILABLE;CRITICAL_VISUALS_MANUALLY_INSPECTED
WD-SRC-028	7. Demand Management _ Recovery Rate.pptx	1faab59cba2c176ac5e500a6deae60da3dcc2aa4afcc28f9461baa02fd15da89	SLIDE	19	1e1d8b542a08b356c8aa69925b049d6d7ddd267ca6fb0ff1245a89cf5845a069	d5e79120ffc7cad3413c202511d4f988d1a2bdff3b77fa013fad4bd083f94c22	78	SALES_PLAN_TARGETING_MONITORING	RENDER_AVAILABLE;CRITICAL_VISUALS_MANUALLY_INSPECTED
WD-SRC-028	7. Demand Management _ Recovery Rate.pptx	1faab59cba2c176ac5e500a6deae60da3dcc2aa4afcc28f9461baa02fd15da89	SLIDE	20	09aca6e0be8098c09022089e90eecd0387e47e74ed9528fa039b91fe4b64cc49	cf48d83197a93e5859ddecb0d85af34052d131148258f08f923805915b1d17a6	211	SALES_PLAN_TARGETING_MONITORING	RENDER_AVAILABLE;CRITICAL_VISUALS_MANUALLY_INSPECTED
WD-SRC-028	7. Demand Management _ Recovery Rate.pptx	1faab59cba2c176ac5e500a6deae60da3dcc2aa4afcc28f9461baa02fd15da89	SLIDE	21	90c4c08d73e29d947ae87af80ce3388337722fb0669bf53f6c91f8ffb7ef56bd	222212b736e655fd99acee6efecc5e1f2c063a1976c0c36f1615aa91d7d9026f	58	SALES_PLAN_TARGETING_MONITORING	RENDER_AVAILABLE;CRITICAL_VISUALS_MANUALLY_INSPECTED
WD-SRC-028	7. Demand Management _ Recovery Rate.pptx	1faab59cba2c176ac5e500a6deae60da3dcc2aa4afcc28f9461baa02fd15da89	SLIDE	22	a51ebad52f09af5a330b2e267e7de9afa92f6841c101bd66fc73a2ba5752ee55	8364ef4e04a69e9348bd5b5ec129b274304a20b98ee47938243a13caccde6f80	86	SALES_PLAN_TARGETING_MONITORING	RENDER_AVAILABLE;CRITICAL_VISUALS_MANUALLY_INSPECTED
WD-SRC-028	7. Demand Management _ Recovery Rate.pptx	1faab59cba2c176ac5e500a6deae60da3dcc2aa4afcc28f9461baa02fd15da89	SLIDE	23	920b20b6588f328ee16b97876bee4195c2220fffdba21808fee0cf097366bb5f	2fc8971a8836ff53a33e97475e0e9e8c4707967ebf38e4b1f9887bfda20fff5b	403	MARKET_MOVEMENT_CASE	RENDER_AVAILABLE;CRITICAL_VISUALS_MANUALLY_INSPECTED
WD-SRC-028	7. Demand Management _ Recovery Rate.pptx	1faab59cba2c176ac5e500a6deae60da3dcc2aa4afcc28f9461baa02fd15da89	SLIDE	24	5129acd63bfb361fdbce22cf04d5354b48247f1fe9cddd924a20bfcedb3e42d5	4202404d7adcd40e8890e09963e95d9bdb55ac400187a0fc7808d153f6d81760	26	MARKET_MOVEMENT_CASE	RENDER_AVAILABLE;CRITICAL_VISUALS_MANUALLY_INSPECTED
WD-SRC-028	7. Demand Management _ Recovery Rate.pptx	1faab59cba2c176ac5e500a6deae60da3dcc2aa4afcc28f9461baa02fd15da89	SLIDE	25	bacbd2363c56ab3244326c6cf3b7068f8805fc2bb8f81c0a852e1cdd648c0311	094000ccba8fe602069a39758327dfabd27b5c32f246c35cafd67a40b00c2635	207	MARKET_MOVEMENT_CASE	RENDER_AVAILABLE;CRITICAL_VISUALS_MANUALLY_INSPECTED
WD-SRC-028	7. Demand Management _ Recovery Rate.pptx	1faab59cba2c176ac5e500a6deae60da3dcc2aa4afcc28f9461baa02fd15da89	SLIDE	26	e3b0c44298fc1c149afbf4c8996fb92427ae41e4649b934ca495991b7852b855	b7dddeb4126d574cf540864081ae13e20ed5f91ab32c89f778d8c6a41cc618e7	0	MARKET_MOVEMENT_CASE	RENDER_AVAILABLE;CRITICAL_VISUALS_MANUALLY_INSPECTED
WD-SRC-028	7. Demand Management _ Recovery Rate.pptx	1faab59cba2c176ac5e500a6deae60da3dcc2aa4afcc28f9461baa02fd15da89	SLIDE	27	e3b0c44298fc1c149afbf4c8996fb92427ae41e4649b934ca495991b7852b855	6e75a4c08f77341366f7ad5f11fdf95eb9ea0f3d7b058270e1835ff09dcf0a36	0	MARKET_MOVEMENT_CASE	RENDER_AVAILABLE;CRITICAL_VISUALS_MANUALLY_INSPECTED
WD-SRC-028	7. Demand Management _ Recovery Rate.pptx	1faab59cba2c176ac5e500a6deae60da3dcc2aa4afcc28f9461baa02fd15da89	SLIDE	28	c6ef2f0a461da9394336d141b84ef74aec73634a1fda7b37eda9c0ad21a56b38	59c51d2795f8631367f2dcb719610a24bcb54b1e7eb9d2baa596debfbc993106	25	RECOVERY_RATIO_CASE	RENDER_AVAILABLE;CRITICAL_VISUALS_MANUALLY_INSPECTED
WD-SRC-028	7. Demand Management _ Recovery Rate.pptx	1faab59cba2c176ac5e500a6deae60da3dcc2aa4afcc28f9461baa02fd15da89	SLIDE	29	e3b0c44298fc1c149afbf4c8996fb92427ae41e4649b934ca495991b7852b855	9a8e90d567f7b746cbc56d22f380e2202e3914b28a058d18e77591222a05a6c6	0	PERSPECTIVE_AND_MINDSET	RENDER_AVAILABLE;CRITICAL_VISUALS_MANUALLY_INSPECTED
WD-SRC-028	7. Demand Management _ Recovery Rate.pptx	1faab59cba2c176ac5e500a6deae60da3dcc2aa4afcc28f9461baa02fd15da89	SLIDE	30	355b67b5deb64738e6ab6168c44265d0fdd99be7be289c578f8710da8df061ea	e49d3ed33fe5ee6d396da3134e94922a31a3857753e5684db0ca8a0ff043508e	230	PERSPECTIVE_AND_MINDSET	RENDER_AVAILABLE;CRITICAL_VISUALS_MANUALLY_INSPECTED
WD-SRC-028	7. Demand Management _ Recovery Rate.pptx	1faab59cba2c176ac5e500a6deae60da3dcc2aa4afcc28f9461baa02fd15da89	SLIDE	31	8ff1fb0d47386a44d4b29ae13028d68dc9a7f64d4dcb43c88f558aaca1e29757	207e728a8c9f69ba97b3c635678f021e7fcbd989487aceb80d3fe7547d0a5f9a	31	CLOSING	RENDER_AVAILABLE;CRITICAL_VISUALS_MANUALLY_INSPECTED
WD-SRC-029	8. Management Visit Guidance.pptx	07437a9a0267534d7c4075c188b2e9d2075cf5849d053911ed76d287de9a0eb9	SLIDE	1	246dba8c7f24e3901062293a87622328100aa69b96d036f7e3fe053c9cb9aa24	5d3c9cdd79e7ad0f782af9ab21d229774b08d34b34992e724205b316ccb6bca5	50	TITLE	RENDER_AVAILABLE;CRITICAL_VISUALS_MANUALLY_INSPECTED
WD-SRC-029	8. Management Visit Guidance.pptx	07437a9a0267534d7c4075c188b2e9d2075cf5849d053911ed76d287de9a0eb9	SLIDE	2	f7b1d9ae1effb00e22684439dcf2e24c7bd418c22a8fa9d46d27e0f2746b2c43	ae2fdbc90c1ec858e22017e10896377cccaeace6e30f1dcf76724228b3360a39	324	VISIT_PREPARATION	RENDER_AVAILABLE;CRITICAL_VISUALS_MANUALLY_INSPECTED
WD-SRC-029	8. Management Visit Guidance.pptx	07437a9a0267534d7c4075c188b2e9d2075cf5849d053911ed76d287de9a0eb9	SLIDE	3	32f4e94f453b1430a90169c6689aea542194c0e6b6be552be9d131955d594024	fcd9431faa43254b1fde47b3e90c42a768e25c366943e9b2bcab5904eae31707	77	VISIT_PREPARATION	RENDER_AVAILABLE;CRITICAL_VISUALS_MANUALLY_INSPECTED
WD-SRC-029	8. Management Visit Guidance.pptx	07437a9a0267534d7c4075c188b2e9d2075cf5849d053911ed76d287de9a0eb9	SLIDE	4	2835a08f15a1b5e6342b3df4e2215fad1ca8665106a002e534025c286ea1d1cf	51fa07f05874878306aba08a3d90bb055ca8d961dafa4cf9ed928e0f6841b6b9	11	VISIT_PREPARATION	RENDER_AVAILABLE;CRITICAL_VISUALS_MANUALLY_INSPECTED
WD-SRC-029	8. Management Visit Guidance.pptx	07437a9a0267534d7c4075c188b2e9d2075cf5849d053911ed76d287de9a0eb9	SLIDE	5	3b0429c7285c9a50805694ef8a7e1d93be9fcad75fc5a8a32654408f96311cc4	2978ff11f94354041bed1458ea7ef1f6c8a6b76375cea766f3eeb098676c61e0	116	VISIT_PREPARATION	RENDER_AVAILABLE;CRITICAL_VISUALS_MANUALLY_INSPECTED
WD-SRC-029	8. Management Visit Guidance.pptx	07437a9a0267534d7c4075c188b2e9d2075cf5849d053911ed76d287de9a0eb9	SLIDE	6	7a97d50e85ec15096c5b2fb09589075cce4174fb330086b91928439f53a023fb	950e6ca364d12036077560930158aa8b28bb6bda9d41918650eb1edf51f85810	370	VISIT_PREPARATION	RENDER_AVAILABLE;CRITICAL_VISUALS_MANUALLY_INSPECTED
WD-SRC-029	8. Management Visit Guidance.pptx	07437a9a0267534d7c4075c188b2e9d2075cf5849d053911ed76d287de9a0eb9	SLIDE	7	1f84cc2c95da07d0d1bb59fcf034f2c23a594032da91356ae6e38ac01f95fca5	62eb333de26be0146a537f96cbef770c9aa142b21b63f8ad8818c30a3a044069	132	VISIT_PREPARATION	RENDER_AVAILABLE;CRITICAL_VISUALS_MANUALLY_INSPECTED
WD-SRC-029	8. Management Visit Guidance.pptx	07437a9a0267534d7c4075c188b2e9d2075cf5849d053911ed76d287de9a0eb9	SLIDE	8	679e8a8cc15eb97e7b61d999ce78c5b0ea16c7dc3d262de05c08008734d0c9fc	9251d5aa03d9d018d387a1fc2e94b9644bbb543c2ad48e21ab5646d533b24901	76	VISIT_PREPARATION	RENDER_AVAILABLE;CRITICAL_VISUALS_MANUALLY_INSPECTED
WD-SRC-029	8. Management Visit Guidance.pptx	07437a9a0267534d7c4075c188b2e9d2075cf5849d053911ed76d287de9a0eb9	SLIDE	9	bcefc1515b0020b04ab3cb2e48264b0d2d4075ccb096e575f8191aad029ac9b1	cdebb1338cfb76733bfc70257b560ab66f6c2b6226a9be97c9c40210678df753	188	VISIT_PREPARATION	RENDER_AVAILABLE;CRITICAL_VISUALS_MANUALLY_INSPECTED
WD-SRC-029	8. Management Visit Guidance.pptx	07437a9a0267534d7c4075c188b2e9d2075cf5849d053911ed76d287de9a0eb9	SLIDE	10	2903349ff7a5fa0193b862811a9016713132a262fbd44b7217c4a48506420909	f36be913943575954e1b1632cfdac674e81b1d4cb8639d22e0e45bfe91d074d9	91	VISIT_PREPARATION	RENDER_AVAILABLE;CRITICAL_VISUALS_MANUALLY_INSPECTED
WD-SRC-029	8. Management Visit Guidance.pptx	07437a9a0267534d7c4075c188b2e9d2075cf5849d053911ed76d287de9a0eb9	SLIDE	11	5223fc9d2fe6aeda5a5c7f1a042d7b89013cd6b46997f454613f29f08617ec72	7e5a2803258aad84c9a722793d0640441b53f9c4b5768bae2061aac9179fc2b5	650	MANAGEMENT_QA_LENS	RENDER_AVAILABLE;CRITICAL_VISUALS_MANUALLY_INSPECTED
WD-SRC-029	8. Management Visit Guidance.pptx	07437a9a0267534d7c4075c188b2e9d2075cf5849d053911ed76d287de9a0eb9	SLIDE	12	d7517083f91ecd098de58fddeb72c7ff2e430a2005cbe51462918b820325cc0d	5f52596b32aae17cf9aa82bfe28fe3fd3265e36f9993d964eeebb0e5b9b60abb	290	MANAGEMENT_QA_LENS	RENDER_AVAILABLE;CRITICAL_VISUALS_MANUALLY_INSPECTED
WD-SRC-029	8. Management Visit Guidance.pptx	07437a9a0267534d7c4075c188b2e9d2075cf5849d053911ed76d287de9a0eb9	SLIDE	13	cbfd857a1c0661cf2796707df0c44de3a8a6a932d5f31525b68903a66d08a858	ed17cd178f53c60c8b94a1c77286b54697be1cd441a000a004177917e9f7a1ab	248	MANAGEMENT_QA_LENS	RENDER_AVAILABLE;CRITICAL_VISUALS_MANUALLY_INSPECTED
WD-SRC-029	8. Management Visit Guidance.pptx	07437a9a0267534d7c4075c188b2e9d2075cf5849d053911ed76d287de9a0eb9	SLIDE	14	78662adb390499b55f1b1fdb771265ef0c496398774b48688b7ea0f77459054e	e05d9b792f982b36cae7ea785fb490f97a41460340abe9a51ae479a1b02df572	662	MANAGEMENT_QA_LENS	RENDER_AVAILABLE;CRITICAL_VISUALS_MANUALLY_INSPECTED
WD-SRC-029	8. Management Visit Guidance.pptx	07437a9a0267534d7c4075c188b2e9d2075cf5849d053911ed76d287de9a0eb9	SLIDE	15	ca5b6f107752d43b66aed1bd7ba828a31469d825919b9d1cb8b4edf4f933a15d	9aab1e03d89b549af58d614d9526c2636b876438ecd67febbe5af2ea1eeb3acb	289	MANAGEMENT_QA_LENS	RENDER_AVAILABLE;CRITICAL_VISUALS_MANUALLY_INSPECTED
WD-SRC-029	8. Management Visit Guidance.pptx	07437a9a0267534d7c4075c188b2e9d2075cf5849d053911ed76d287de9a0eb9	SLIDE	16	33e813aa5e0be40041ea45ac4a4116b2b29363f3574786b4dbfeb156991f299a	0cab11dd821082f13dd22842fed74bbffcb6585db67382b5846c70a3c27754cd	635	MANAGEMENT_QA_LENS	RENDER_AVAILABLE;CRITICAL_VISUALS_MANUALLY_INSPECTED
WD-SRC-029	8. Management Visit Guidance.pptx	07437a9a0267534d7c4075c188b2e9d2075cf5849d053911ed76d287de9a0eb9	SLIDE	17	6cc03b1e2372f16a43fbb362bf69ced22d148051ba53eaa9aa37426c09a5399b	2992d5b89e1888cee5fce7a6ba21f8d115f3f3405c749fe743c4d770b94c1d57	307	MANAGEMENT_QA_LENS	RENDER_AVAILABLE;CRITICAL_VISUALS_MANUALLY_INSPECTED
WD-SRC-029	8. Management Visit Guidance.pptx	07437a9a0267534d7c4075c188b2e9d2075cf5849d053911ed76d287de9a0eb9	SLIDE	18	6c152d5bb2ba4d2145df49e859632341e89ea5cb3eb69f356c7096a6ee2b4ab7	33c9d127b2e308abb36e8cdc1e951a6fba869e206682b5a9d5dd7c7db03d8525	876	MANAGEMENT_QA_LENS	RENDER_AVAILABLE;CRITICAL_VISUALS_MANUALLY_INSPECTED
WD-SRC-029	8. Management Visit Guidance.pptx	07437a9a0267534d7c4075c188b2e9d2075cf5849d053911ed76d287de9a0eb9	SLIDE	19	54c3fe65c22432804c1c6c59034530d0ba436cb5f52732f554d4ded2b35935a6	b972e5fde45452bbacac1697c6f9693d3bf220520be0d6cc00015458cf30418a	330	MANAGEMENT_QA_LENS	RENDER_AVAILABLE;CRITICAL_VISUALS_MANUALLY_INSPECTED
WD-SRC-029	8. Management Visit Guidance.pptx	07437a9a0267534d7c4075c188b2e9d2075cf5849d053911ed76d287de9a0eb9	SLIDE	20	0c103d1dbccb40dcce7bd21c2965ef4b637480508913cf8eeed83e85e1824950	bde0b1af008ed5ae9e9bf2ca249971af551800d1b6b0378c7d0c8a8393a8e066	325	MANAGEMENT_QA_LENS	RENDER_AVAILABLE;CRITICAL_VISUALS_MANUALLY_INSPECTED
WD-SRC-029	8. Management Visit Guidance.pptx	07437a9a0267534d7c4075c188b2e9d2075cf5849d053911ed76d287de9a0eb9	SLIDE	21	236382807191447a9361d5833c52fc2d8d8172c03c1e05dd560911ffb88f51a9	4ca3ad85520de26a7dc13a65817f21fa07706cd43c939cadda78a4932f19c129	323	MANAGEMENT_QA_LENS	RENDER_AVAILABLE;CRITICAL_VISUALS_MANUALLY_INSPECTED
WD-SRC-029	8. Management Visit Guidance.pptx	07437a9a0267534d7c4075c188b2e9d2075cf5849d053911ed76d287de9a0eb9	SLIDE	22	6ac9bd0b57b71c1fc9e54e3576b2bd40fe2ca9d45af29caf62ee5b035c7c267d	f963ee0ca25aca8ae4d542e7091a1852853a120a90fd001d7c7c23e3bc8beceb	486	MANAGEMENT_QA_LENS	RENDER_AVAILABLE;CRITICAL_VISUALS_MANUALLY_INSPECTED
WD-SRC-029	8. Management Visit Guidance.pptx	07437a9a0267534d7c4075c188b2e9d2075cf5849d053911ed76d287de9a0eb9	SLIDE	23	a45a5240fc0d056bee9ab05b47a839b051f1fa036e797ccfc095b213a033877a	607aa7e5731590ba378646f9b23c728a78460cf365c7f1fcdfbb7d7a85d18109	745	MANAGEMENT_QA_LENS	RENDER_AVAILABLE;CRITICAL_VISUALS_MANUALLY_INSPECTED
WD-SRC-029	8. Management Visit Guidance.pptx	07437a9a0267534d7c4075c188b2e9d2075cf5849d053911ed76d287de9a0eb9	SLIDE	24	8a000033895b263b49b8693ed9c16fd4fd2a6acedc6616f76f178dd5cb0cb166	2c0bec74cf14bb725cf17448644087db1607fac0a1284d5ea63fc8f5eabb5d35	231	MANAGEMENT_QA_LENS	RENDER_AVAILABLE;CRITICAL_VISUALS_MANUALLY_INSPECTED
WD-SRC-029	8. Management Visit Guidance.pptx	07437a9a0267534d7c4075c188b2e9d2075cf5849d053911ed76d287de9a0eb9	SLIDE	25	816b2c65d637c344ae2f4966fb98f95e701e70b08e48bcb4c120db71f47d0e6f	151366a88c41cee43347f48f712694387715a327654c0df0de546ce857928f95	471	PRESENTATION_STRUCTURE	RENDER_AVAILABLE;CRITICAL_VISUALS_MANUALLY_INSPECTED
WD-SRC-029	8. Management Visit Guidance.pptx	07437a9a0267534d7c4075c188b2e9d2075cf5849d053911ed76d287de9a0eb9	SLIDE	26	49b9dc28cb7a97a9bfedc5a2e36ac08e0e9b42ee33cf2d6636162cdd6d8c8907	c5591750ce518cdeec03f12cf23851d6e56ff4a53d6ee0fc7c3b25740ad0abcc	942	SENSITIVE_EXTERNAL_COMMUNICATION_GUARD	RENDER_AVAILABLE;CRITICAL_VISUALS_MANUALLY_INSPECTED
WD-SRC-029	8. Management Visit Guidance.pptx	07437a9a0267534d7c4075c188b2e9d2075cf5849d053911ed76d287de9a0eb9	SLIDE	27	d918ed7c456412451fa89c68a9655700c899c7246b79e6a290765bff2465e613	a8943078bc98c0460bb5bdd94cd245830d2148720588a9a01d3ad288540c680b	85	CLOSING	RENDER_AVAILABLE;CRITICAL_VISUALS_MANUALLY_INSPECTED
WD-SRC-029	8. Management Visit Guidance.pptx	07437a9a0267534d7c4075c188b2e9d2075cf5849d053911ed76d287de9a0eb9	SLIDE	28	cdd2fb2d19c934d9a56255c937b731d4bd82a5d40c4909e49a0968c9344bb4da	7f30d12d522e04d36251e58e25a6d0c44b0c399e95d1b9f7cc2e6f619a90bf5c	10	CLOSING	RENDER_AVAILABLE;CRITICAL_VISUALS_MANUALLY_INSPECTED
WD-SRC-030	9. Niguri AHM.pptx	ae4580ed1d5fee7498c712beb280e11783022579255cf4cc449460f05eeab490	SLIDE	1	53d8cdebf9416160faefe8a9ce356a131e50081aa420d88560e92416bf7dfbe0	6714a4cf5a41b9730a3299ef1f7a8c780711deaa96c27d6891dd0b976004395d	31	INTRO	RENDER_AVAILABLE;CRITICAL_VISUALS_MANUALLY_INSPECTED
WD-SRC-030	9. Niguri AHM.pptx	ae4580ed1d5fee7498c712beb280e11783022579255cf4cc449460f05eeab490	SLIDE	2	91ed73ebb3f69a4341d09a4efd29d84affe52efe588a7d6d392caa5f0f720358	85640628f288a7c50e7b555a932c03c57873ed5c12f45e0a1437f554c237cccf	18	INTRO	RENDER_AVAILABLE;CRITICAL_VISUALS_MANUALLY_INSPECTED
WD-SRC-030	9. Niguri AHM.pptx	ae4580ed1d5fee7498c712beb280e11783022579255cf4cc449460f05eeab490	SLIDE	3	3df192a491ab81806f79932a1777c28033f4ea86743681a014fd890621277583	17781812e38aad4c3e74621db224cc8a50b8459f9d13205af4db13f89e1ec9a0	63	INTRO	RENDER_AVAILABLE;CRITICAL_VISUALS_MANUALLY_INSPECTED
WD-SRC-030	9. Niguri AHM.pptx	ae4580ed1d5fee7498c712beb280e11783022579255cf4cc449460f05eeab490	SLIDE	4	098b9b82326811346464558b0750799da914d726ab161e50331a438b7767487d	59fa95cab44f68458deec1648046a5826f4c90d0741ac1eba2b7f4e5280ec6fe	31	NIGURI_PROCESS	RENDER_AVAILABLE;CRITICAL_VISUALS_MANUALLY_INSPECTED
WD-SRC-030	9. Niguri AHM.pptx	ae4580ed1d5fee7498c712beb280e11783022579255cf4cc449460f05eeab490	SLIDE	5	33b225215382d2913406ad523c2904d17126a2cb9d681deff235ff4963aa2f44	29c37bb1f6200c994d2a1d0eab5c3f523d42b68b25a1f292a470da8246c15009	171	NIGURI_PROCESS	RENDER_AVAILABLE;CRITICAL_VISUALS_MANUALLY_INSPECTED
WD-SRC-030	9. Niguri AHM.pptx	ae4580ed1d5fee7498c712beb280e11783022579255cf4cc449460f05eeab490	SLIDE	6	c624164ce43520030dd0f7b5466c2dd7796fcc0a55751eea4fea01bb96e95a51	e66cbeb8d59e03450273dd91a671b53f7edf78b0a5f9f8ed111090552276998b	433	NIGURI_PROCESS	RENDER_AVAILABLE;CRITICAL_VISUALS_MANUALLY_INSPECTED
WD-SRC-030	9. Niguri AHM.pptx	ae4580ed1d5fee7498c712beb280e11783022579255cf4cc449460f05eeab490	SLIDE	7	46a7aec5ac1a5a9d7fb0d7c43772a2e7da06dad9c5450b4f9ce8f33d27d1ac6e	3d937b62ddcffe356e4a2b5a5e1672275605e0d84441eac2959207ee641eed2e	166	NIGURI_PROCESS	RENDER_AVAILABLE;CRITICAL_VISUALS_MANUALLY_INSPECTED
WD-SRC-030	9. Niguri AHM.pptx	ae4580ed1d5fee7498c712beb280e11783022579255cf4cc449460f05eeab490	SLIDE	8	c6b4ae1a240d8f14278e05471d8def257379e58dd299243b4646e368bd1973db	044de11163cf5f2df701e3962de37ee2e5c3e3bdb2526008a5cadbfea61e04c4	766	NIGURI_PROCESS	RENDER_AVAILABLE;CRITICAL_VISUALS_MANUALLY_INSPECTED
WD-SRC-030	9. Niguri AHM.pptx	ae4580ed1d5fee7498c712beb280e11783022579255cf4cc449460f05eeab490	SLIDE	9	46978325940976b90118a9443dec27091bcbe1ec024f8fd1c8235de6798b9027	894a9dd1f937289aefc21e3f114df72cfd40cdb486e55b4d1233a12559a22f5a	684	NIGURI_INTEGRITY_RULES	RENDER_AVAILABLE;CRITICAL_VISUALS_MANUALLY_INSPECTED
WD-SRC-030	9. Niguri AHM.pptx	ae4580ed1d5fee7498c712beb280e11783022579255cf4cc449460f05eeab490	SLIDE	10	d918ed7c456412451fa89c68a9655700c899c7246b79e6a290765bff2465e613	a8943078bc98c0460bb5bdd94cd245830d2148720588a9a01d3ad288540c680b	85	CLOSING	RENDER_AVAILABLE;CRITICAL_VISUALS_MANUALLY_INSPECTED
WD-SRC-030	9. Niguri AHM.pptx	ae4580ed1d5fee7498c712beb280e11783022579255cf4cc449460f05eeab490	SLIDE	11	cdd2fb2d19c934d9a56255c937b731d4bd82a5d40c4909e49a0968c9344bb4da	7f30d12d522e04d36251e58e25a6d0c44b0c399e95d1b9f7cc2e6f619a90bf5c	10	CLOSING	RENDER_AVAILABLE;CRITICAL_VISUALS_MANUALLY_INSPECTED
