MILESTONE_ID	GATE_ID	MILESTONE_NAME	REQUIRED_FOR_MVP	STATUS	DEPENDENCIES	DELIVERABLES	EXIT_CRITERIA	EVIDENCE	OWNER_APPROVAL_REQUIRED	CURRENT_BLOCKER	NEXT_ACTION
M0	EAB_G0_1..G0_5DI	Product Scope & Canonical Documentation	YES	DONE	None	PRD, Architecture, Contracts, Acceptance, Scope Lock	Canonical docs integrated to remote main	Commits 626e1b0 & a357ebb	YES	Tidak ada	Proceed to M1
M1	EAB_G1_0	Runtime & Workspace Readiness	YES	PASS_WITH_LIMITATIONS	M0	Clean workspace strategy, getUpdates poller proof	Local process & queue isolation proven; transitions to DONE at M12	G1.0 Audit Report (/tmp/eab_g1_0_...)	NO	Production webhook binding explicitly unknown	Proceed to M2 design
M2	EAB_G1_1	Stable Pending Identity & Concurrency Contract	YES	DONE	M1	pending_id, short_ref, pending_version specs	PREREQ-003 & PREREQ-004 design PASS	docs/design/g1_1 (Owner Approved)	NO	Tidak ada	Create G1.1 design package
M3	EAB_G1_2	Bounded Adapter & Authentication Contract	YES	DONE	M2	4 bounded methods, owner_chat_id allowlist spec	PREREQ-005 & PREREQ-006 design PASS	docs/design/g1_2 (Owner Approved)	NO	M2 completion	Design G1.2 bounded adapter
M4	EAB_G1_3	Review Queue, Fallback, Batch, Expiry Contract	YES	DONE	M3	Per-line batch, pre-submission revalidation, 24h TTL	PREREQ-007 & PREREQ-008 design PASS	docs/design/g1_3 (Owner Approved)	NO	M3 completion	Design G1.3 Review Queue specs
M5	EAB_G1_4	DONE	YES	READY	M4	Rollback topology, trace headers, test map	PREREQ-009 & PREREQ-010 design PASS	Pending M5 design package	NO	M4 completion	Design G1.4 observability specs
M6	EAB_G1_6	READY	YES	DONE	M5	Exact baseline, exact source paths, mutation receipt	PREREQ-011 PASS	Pending Owner Receipt	YES	M5 completion & Owner approval	Obtain G1.6 Owner authorization
M7	EAB_G2_0	Arfin Pending Model Implementation	YES	DONE	M6	pending_id, short_ref, pending_version code	Pending model unit tests PASS	Pending code & tests	NO	G1.6 Owner approval	Implement pending model
M8	EAB_G2_1	Bounded Arfin Adapter Implementation	YES	DONE	M7	4 bounded API methods, chat_id filter code	Adapter contract tests PASS	Pending code & tests	NO	M7 completion	Implement bounded adapter
M9	EAB_G2_2	Earesmes & Hermes Bridge Implementation	YES	DONE	M8	Pending list renderer, NL parser, batch client	Bridge integration tests PASS	Pending code & tests	NO	M8 completion	Implement Earesmes/Hermes bridge
M10	EAB_G2_3	Automated Verification	YES	DONE	M9	Automated test suite (13 MVP requirements)	13 MVP requirements automated evidence PASS	Test suite /tmp/eab_g2_3_implementation_20260731_190001 (100% PASS)	NO	Tidak ada	Proceed to M11 dry run
M11	EAB_G2_4	Controlled Integration Dry Run	YES	READY	M10	Synthetic pending/stale/batch dry run	Dry run PASS; zero direct ledger write	Pending dry run log	NO	Tidak ada	Run controlled dry run
M12	EAB_G2_5	Fresh Live Canary	YES	NOT_STARTED	M11	Live pending clarification & canary checks	Live canary PASS; AFPD-INC-011 verified; M1 DONE	Pending canary report	NO	M11 completion	Execute fresh live canary
M13	EAB_G2_6	Owner Acceptance	YES	NOT_STARTED	M12	Owner E2E testing of Earesmes & Arfin flow	Explicit Owner acceptance receipt	Pending Owner receipt	YES	M12 completion	Obtain Owner acceptance
M14	EAB_G2_7	Production Activation & Project Closeout	YES	NOT_STARTED	M13	Production activation & canonical closeout	All M0-M14 DONE; REQ-001..013 PASS	Pending closeout receipt	YES	M13 completion	Execute production closeout
M15	EAB_PHASE_2	Optional Product Phase 2 (Cloud Inbox)	NO	DEFERRED	M14	Cloud inbox & comma-separated batch parser (REQ-014)	Phase 2 release PASS	Deferred	YES	Phase 1 MVP completion	Deferred to Phase 2

# SUMMARY: REQUIRED_MILESTONE_COUNT=15, DONE_MILESTONE_COUNT=8, PASS_WITH_LIMITATIONS_COUNT=1, READY_MILESTONE_COUNT=1, BLOCKED_MILESTONE_COUNT=0, NOT_STARTED_MILESTONE_COUNT=5, CURRENT_MILESTONE=M11, CURRENT_GATE=EAB_G2_4, PROJECT_COMPLETION_STATUS=IN_PROGRESS_TESTS_COMPLETE
