source_id	corpus	source_role	original_source_id	source_class	authority	source_file	searchable_folder	display_path	extension	manifest_sha256	actual_sha256	identity_match	manifest_units_type	manifest_units_total	actual_units_type	actual_units_total	unit_count_match	sheet_names	access_state	resolution_method	duplicate_group	mirror_relationship	storage_class	public_provenance_safe	historical_semantic_review	reconstruction_stage0	reconstruction_stage1	reconstruction_stage2	blocker	notes
WD-SRC-001	ASSDP	ORIGINAL_SEMANTIC_SOURCE		ASSDP_PROGRAM_GUIDANCE	FORMAL_TRAINING_GUIDANCE	130. Petunjuk Pelaksanaan Final Project Training ASSDP - Advance 2025.pdf	Advanced	Advanced/130. Petunjuk Pelaksanaan Final Project Training ASSDP - Advance 2025.pdf	pdf	d4b691acf430e6cd33bb5f7ef57e21058479abbb4d9c66840da352a869822230	d4b691acf430e6cd33bb5f7ef57e21058479abbb4d9c66840da352a869822230	EXACT_HASH_MATCH	pages	4	pages	4	YES		VERIFIED_ACCESSIBLE	MANIFEST_METADATA_VERIFIED			PUBLIC_SAFE_METADATA	YES	NOT_YET	VERIFIED	NOT_STARTED	NOT_STARTED		Verified from canonical manifest and evidence inventory.
WD-SRC-002	ASSDP	ORIGINAL_SEMANTIC_SOURCE		EXTERNAL_EXPERT_CURRICULUM	FORMAL_EXTERNAL_TRAINING	ASSDP Advance for AHM_7^09Okt2025.pdf	Advanced/Materi Training External	Advanced/Materi Training External/ASSDP Advance for AHM_7^09Okt2025.pdf	pdf	775527ae9e76fc495f5efa5eb91c1c3be21a1aee4f2f3aecaa5f3c1189c17611	775527ae9e76fc495f5efa5eb91c1c3be21a1aee4f2f3aecaa5f3c1189c17611	EXACT_HASH_MATCH	pages	152	pages	152	YES		VERIFIED_ACCESSIBLE	MANIFEST_METADATA_VERIFIED			PUBLIC_SAFE_METADATA	YES	PARTIAL_SUBSTANTIVE	VERIFIED	NOT_STARTED	NOT_STARTED		Verified from canonical manifest and evidence inventory.
WD-SRC-003	ASSDP	ORIGINAL_SEMANTIC_SOURCE		EXTERNAL_EXPERT_CURRICULUM	FORMAL_EXTERNAL_TRAINING	ASSDP Advance Tanadi Santoso Material.pdf	Advanced/Materi Training External	Advanced/Materi Training External/ASSDP Advance Tanadi Santoso Material.pdf	pdf	7a9e8f2bf1e8a5792a0fe427368d487765f907f5c714e9ffec46c671124458c3	7a9e8f2bf1e8a5792a0fe427368d487765f907f5c714e9ffec46c671124458c3	EXACT_HASH_MATCH	pages	104	pages	104	YES		VERIFIED_ACCESSIBLE	MANIFEST_METADATA_VERIFIED			PUBLIC_SAFE_METADATA	YES	PARTIAL_SUBSTANTIVE	VERIFIED	NOT_STARTED	NOT_STARTED		Verified from canonical manifest and evidence inventory.
WD-SRC-004	ASSDP	ORIGINAL_SEMANTIC_SOURCE		ASSDP_FORMAL_CURRICULUM	FORMAL_HONDA_TRAINING	Materi - SPV Role - ko PET.pptx	Advanced/Materi Training Internal	Advanced/Materi Training Internal/Materi - SPV Role - ko PET.pptx	pptx	69f92faedd189b466a64f1d54b71f9e7ca6418bedaa153f15e2262dcf754db29	69f92faedd189b466a64f1d54b71f9e7ca6418bedaa153f15e2262dcf754db29	EXACT_HASH_MATCH	slides	10	slides	10	YES		VERIFIED_ACCESSIBLE	MANIFEST_METADATA_VERIFIED			PUBLIC_SAFE_METADATA	YES	PARTIAL_SUBSTANTIVE	VERIFIED	NOT_STARTED	NOT_STARTED		Verified from canonical manifest and evidence inventory.
WD-SRC-005	ASSDP	ORIGINAL_SEMANTIC_SOURCE		ASSDP_FORMAL_CURRICULUM	FORMAL_HONDA_TRAINING	WRAPUP Materi - ASSDP Advance (RAR).pptx	Advanced/Materi Training Internal	Advanced/Materi Training Internal/WRAPUP Materi - ASSDP Advance (RAR).pptx	pptx	9f0890b20ba163873526f409d267509f95c2f8030d5beba80d8b6f537e6ef2d7	9f0890b20ba163873526f409d267509f95c2f8030d5beba80d8b6f537e6ef2d7	EXACT_HASH_MATCH	slides	80	slides	80	YES		VERIFIED_ACCESSIBLE	MANIFEST_METADATA_VERIFIED			PUBLIC_SAFE_METADATA	YES	PARTIAL_SUBSTANTIVE	VERIFIED	NOT_STARTED	NOT_STARTED		Verified from canonical manifest and evidence inventory.
WD-SRC-006	ASSDP	ORIGINAL_SEMANTIC_SOURCE		OWNER_APPLIED_PROJECT	OWNER_DIRECT_ARTIFACT	SINSEN - Egit Aristo Randas- PENETRASI - ASSDP Advance 2026.pdf	Advanced	Advanced/SINSEN - Egit Aristo Randas- PENETRASI - ASSDP Advance 2026.pdf	pdf	450981643f33a85fe1a11f34271ea0c2f29e6082b8e0cd6c5250e54ccfe98f2c	450981643f33a85fe1a11f34271ea0c2f29e6082b8e0cd6c5250e54ccfe98f2c	EXACT_HASH_MATCH	pages	20	pages	20	YES		VERIFIED_ACCESSIBLE	MANIFEST_METADATA_VERIFIED			PUBLIC_SAFE_METADATA	YES	PARTIAL_SUBSTANTIVE	VERIFIED	NOT_STARTED	NOT_STARTED		Verified from canonical manifest and evidence inventory.
WD-SRC-007	ASSDP	ORIGINAL_SEMANTIC_SOURCE		ASSDP_FORMAL_CURRICULUM	FORMAL_HONDA_TRAINING	Tabel MS ASSDP.xlsx	Advanced	Advanced/Tabel MS ASSDP.xlsx	xlsx	c43e08a8a4dcac35b6a198a318f90ccbcfc3fb9e32d7228dce00cfacd0b9ab1a	c43e08a8a4dcac35b6a198a318f90ccbcfc3fb9e32d7228dce00cfacd0b9ab1a	EXACT_HASH_MATCH	sheets	1	sheets	1	YES	Sheet3	VERIFIED_ACCESSIBLE	MANIFEST_METADATA_VERIFIED			PUBLIC_SAFE_METADATA	YES	NOT_YET	VERIFIED	NOT_STARTED	NOT_STARTED		Verified from canonical manifest and evidence inventory.
WD-SRC-008	ASSDP	ORIGINAL_SEMANTIC_SOURCE		ASSDP_PROGRAM_GUIDANCE	FORMAL_TRAINING_GUIDANCE	40. Petunjuk Pelaksanaan Project Training ASSDP 2023 - Tahap 1.pdf	Basic	Basic/40. Petunjuk Pelaksanaan Project Training ASSDP 2023 - Tahap 1.pdf	pdf	7e2e0c3dadcc1f7ab1ecc76b0e00fde986144b244822dcfe2ea027384fffd40c	7e2e0c3dadcc1f7ab1ecc76b0e00fde986144b244822dcfe2ea027384fffd40c	EXACT_HASH_MATCH	pages	3	pages	3	YES		VERIFIED_ACCESSIBLE	MANIFEST_METADATA_VERIFIED			PUBLIC_SAFE_METADATA	YES	NOT_YET	VERIFIED	NOT_STARTED	NOT_STARTED		Verified from canonical manifest and evidence inventory.
WD-SRC-009	ASSDP	ORIGINAL_SEMANTIC_SOURCE		ASSDP_PROGRAM_GUIDANCE	FORMAL_TRAINING_GUIDANCE	88. Petunjuk Pelaksanaan Project Presentation Training ASSDP #U2013 Tahap 2.pdf	Basic	Basic/88. Petunjuk Pelaksanaan Project Presentation Training ASSDP #U2013 Tahap 2.pdf	pdf	bae5c1f0e653de55b69a0f17fa254e4ecdaab53e81d67b28fcafc6938d3a9495	bae5c1f0e653de55b69a0f17fa254e4ecdaab53e81d67b28fcafc6938d3a9495	EXACT_HASH_MATCH	pages	3	pages	3	YES		VERIFIED_ACCESSIBLE	MANIFEST_METADATA_VERIFIED			PUBLIC_SAFE_METADATA	YES	NOT_YET	VERIFIED	NOT_STARTED	NOT_STARTED		Verified from canonical manifest and evidence inventory.
WD-SRC-010	ASSDP	IDENTICAL_DUPLICATE_ALIAS	WD-SRC-009	ASSDP_PROGRAM_GUIDANCE	FORMAL_TRAINING_GUIDANCE	88. Petunjuk Pelaksanaan Project Presentation Training ASSDP - Tahap 2.pdf	Basic	Basic/88. Petunjuk Pelaksanaan Project Presentation Training ASSDP - Tahap 2.pdf	pdf	bae5c1f0e653de55b69a0f17fa254e4ecdaab53e81d67b28fcafc6938d3a9495	bae5c1f0e653de55b69a0f17fa254e4ecdaab53e81d67b28fcafc6938d3a9495	EXACT_HASH_MATCH	pages	3	pages	3	YES		VERIFIED_ACCESSIBLE	MANIFEST_METADATA_VERIFIED	Identical content SHA256 match with WD-SRC-009		PUBLIC_SAFE_METADATA	YES	NOT_YET	VERIFIED	NOT_STARTED	NOT_STARTED		Verified from canonical manifest and evidence inventory.
WD-SRC-011	ASSDP	ORIGINAL_SEMANTIC_SOURCE		OWNER_APPLIED_PROJECT	OWNER_DIRECT_ARTIFACT	Egit Aristo Randas_Implementation Sales People Additional Incentives for Selected Dealer_ASSDP BASIC2023.pdf	Basic	Basic/Egit Aristo Randas_Implementation Sales People Additional Incentives for Selected Dealer_ASSDP BASIC2023.pdf	pdf	1c78d5fc69644a6a4e2210cfcdef05b420715d565cad726f01800f8eb8988585	1c78d5fc69644a6a4e2210cfcdef05b420715d565cad726f01800f8eb8988585	EXACT_HASH_MATCH	pages	18	pages	18	YES		VERIFIED_ACCESSIBLE	MANIFEST_METADATA_VERIFIED			PUBLIC_SAFE_METADATA	YES	NOT_YET	VERIFIED	NOT_STARTED	NOT_STARTED		Verified from canonical manifest and evidence inventory.
WD-SRC-012	ASSDP	ORIGINAL_SEMANTIC_SOURCE		ASSDP_PROGRAM_GUIDANCE	FORMAL_TRAINING_GUIDANCE	Form penilaian presentasi project ASSDP 2023 - Copy.xlsx	Basic	Basic/Form penilaian presentasi project ASSDP 2023 - Copy.xlsx	xlsx	7a890a884a326f9e38d96ead1ed7d8b13811cdff274b865ddae89de78f2895cd	7a890a884a326f9e38d96ead1ed7d8b13811cdff274b865ddae89de78f2895cd	EXACT_HASH_MATCH	sheets	1	sheets	1	YES	Sheet1	VERIFIED_ACCESSIBLE	MANIFEST_METADATA_VERIFIED			PUBLIC_SAFE_METADATA	YES	NOT_YET	VERIFIED	NOT_STARTED	NOT_STARTED		Verified from canonical manifest and evidence inventory.
WD-SRC-013	ASSDP	ORIGINAL_SEMANTIC_SOURCE		BWI_CURRICULUM	FORMAL_EXTERNAL_TRAINING	1 2 Interpersonal Skill ASSDP Basic.PDF	Basic/Materi BWI	Basic/Materi BWI/1 2 Interpersonal Skill ASSDP Basic.PDF	pdf	6ab34629283cc0778290d4907a108576072f9d0eba45443ab83e0d95e4a2ca22	6ab34629283cc0778290d4907a108576072f9d0eba45443ab83e0d95e4a2ca22	EXACT_HASH_MATCH	pages	40	pages	40	YES		VERIFIED_ACCESSIBLE	MANIFEST_METADATA_VERIFIED			PUBLIC_SAFE_METADATA	YES	PARTIAL_SUBSTANTIVE	VERIFIED	NOT_STARTED	NOT_STARTED		Verified from canonical manifest and evidence inventory.
WD-SRC-014	ASSDP	ORIGINAL_SEMANTIC_SOURCE		BWI_CURRICULUM	FORMAL_EXTERNAL_TRAINING	4 Presentation Skill ASSDP Basic.PDF	Basic/Materi BWI	Basic/Materi BWI/4 Presentation Skill ASSDP Basic.PDF	pdf	10639600cb873863bd53de16b3aefad42f10d51ed65f5d91f698fbe4b187986b	10639600cb873863bd53de16b3aefad42f10d51ed65f5d91f698fbe4b187986b	EXACT_HASH_MATCH	pages	40	pages	40	YES		VERIFIED_ACCESSIBLE	MANIFEST_METADATA_VERIFIED			PUBLIC_SAFE_METADATA	YES	PARTIAL_SUBSTANTIVE	VERIFIED	NOT_STARTED	NOT_STARTED		Verified from canonical manifest and evidence inventory.
WD-SRC-015	ASSDP	ORIGINAL_SEMANTIC_SOURCE		BWI_CURRICULUM	FORMAL_EXTERNAL_TRAINING	Setting Goal_Time Management_RCA for AHM ASSDP Basic_7Juni2023.pdf	Basic/Materi BWI	Basic/Materi BWI/Setting Goal_Time Management_RCA for AHM ASSDP Basic_7Juni2023.pdf	pdf	6768f46f2bdd7270ddf89dbdc682b3e4d10360257d56ed6fe49dc86f3cfae3d6	6768f46f2bdd7270ddf89dbdc682b3e4d10360257d56ed6fe49dc86f3cfae3d6	EXACT_HASH_MATCH	pages	47	pages	47	YES		VERIFIED_ACCESSIBLE	MANIFEST_METADATA_VERIFIED			PUBLIC_SAFE_METADATA	YES	PARTIAL_SUBSTANTIVE	VERIFIED	NOT_STARTED	NOT_STARTED		Verified from canonical manifest and evidence inventory.
WD-SRC-016	ASSDP	ORIGINAL_SEMANTIC_SOURCE		BWI_CURRICULUM	FORMAL_EXTERNAL_TRAINING	TS AHM ASSDP Basic.pdf	Basic/Materi BWI	Basic/Materi BWI/TS AHM ASSDP Basic.pdf	pdf	7ac65f916f9c92b2cf29e4cdf41825e1dd134a6c7ad4cc8989b7c3fa6b59bbe1	7ac65f916f9c92b2cf29e4cdf41825e1dd134a6c7ad4cc8989b7c3fa6b59bbe1	EXACT_HASH_MATCH	pages	137	pages	137	YES		VERIFIED_ACCESSIBLE	MANIFEST_METADATA_VERIFIED			PUBLIC_SAFE_METADATA	YES	PARTIAL_SUBSTANTIVE	VERIFIED	NOT_STARTED	NOT_STARTED		Verified from canonical manifest and evidence inventory.
WD-SRC-017	ASSDP	ORIGINAL_SEMANTIC_SOURCE		ASSDP_FORMAL_CURRICULUM	FORMAL_HONDA_TRAINING	1. ASSDP Channel Management 2023.pptx	Basic/Materi Internal	Basic/Materi Internal/1. ASSDP Channel Management 2023.pptx	pptx	1e30f6df8d01e28230df42e2ba42583c52dca957ea8009409ebbfe0a851ec9af	1e30f6df8d01e28230df42e2ba42583c52dca957ea8009409ebbfe0a851ec9af	EXACT_HASH_MATCH	slides	27	slides	27	YES		VERIFIED_ACCESSIBLE	MANIFEST_METADATA_VERIFIED			PUBLIC_SAFE_METADATA	YES	PARTIAL_SUBSTANTIVE	VERIFIED	NOT_STARTED	NOT_STARTED		Verified from canonical manifest and evidence inventory.
WD-SRC-018	ASSDP	ORIGINAL_SEMANTIC_SOURCE		ASSDP_FORMAL_CURRICULUM	FORMAL_HONDA_TRAINING	10. Sales _ Stock Monitoring per Dealer.pptx	Basic/Materi Internal	Basic/Materi Internal/10. Sales _ Stock Monitoring per Dealer.pptx	pptx	2dbf823a1b4177c31618df0718ce1fd12b98006034036ca580bda04dd9f293b3	2dbf823a1b4177c31618df0718ce1fd12b98006034036ca580bda04dd9f293b3	EXACT_HASH_MATCH	slides	12	slides	12	YES		VERIFIED_ACCESSIBLE	MANIFEST_METADATA_VERIFIED			PUBLIC_SAFE_METADATA	YES	PARTIAL_SUBSTANTIVE	VERIFIED	COMPLETE	COMPLETE		Verified from canonical manifest and evidence inventory.
WD-SRC-019	ASSDP	ORIGINAL_SEMANTIC_SOURCE		ASSDP_FORMAL_CURRICULUM	FORMAL_HONDA_TRAINING	11. Analisa Pricing _ FID-BA.pptx	Basic/Materi Internal	Basic/Materi Internal/11. Analisa Pricing _ FID-BA.pptx	pptx	7f63c659bbbc529b7679ed7e32baff7bd5ec84e37aa226ffdff3f52ee49df471	7f63c659bbbc529b7679ed7e32baff7bd5ec84e37aa226ffdff3f52ee49df471	EXACT_HASH_MATCH	slides	16	slides	16	YES		VERIFIED_ACCESSIBLE	MANIFEST_METADATA_VERIFIED			PUBLIC_SAFE_METADATA	YES	PARTIAL_SUBSTANTIVE	VERIFIED	COMPLETE	COMPLETE		Verified from canonical manifest and evidence inventory.
WD-SRC-020	ASSDP	ORIGINAL_SEMANTIC_SOURCE		ASSDP_FORMAL_CURRICULUM	FORMAL_HONDA_TRAINING	12. PICA.pptx	Basic/Materi Internal	Basic/Materi Internal/12. PICA.pptx	pptx	999dea815f1d9cd08f4464326aff1f034cd35eb1a89ffb75addad2b6174e9390	999dea815f1d9cd08f4464326aff1f034cd35eb1a89ffb75addad2b6174e9390	EXACT_HASH_MATCH	slides	31	slides	31	YES		VERIFIED_ACCESSIBLE	MANIFEST_METADATA_VERIFIED			PUBLIC_SAFE_METADATA	YES	PARTIAL_SUBSTANTIVE	VERIFIED	COMPLETE	COMPLETE		Verified from canonical manifest and evidence inventory.
WD-SRC-021	ASSDP	ORIGINAL_SEMANTIC_SOURCE		ASSDP_FORMAL_CURRICULUM	FORMAL_HONDA_TRAINING	13. KPI Highlight - ASSDP Jun_23.pptx	Basic/Materi Internal	Basic/Materi Internal/13. KPI Highlight - ASSDP Jun_23.pptx	pptx	c9ff4f1a3895b84797bf28a9d178fd5e832a3d164c2fe8ea80b9c74d07969ee8	c9ff4f1a3895b84797bf28a9d178fd5e832a3d164c2fe8ea80b9c74d07969ee8	EXACT_HASH_MATCH	slides	16	slides	16	YES		VERIFIED_ACCESSIBLE	MANIFEST_METADATA_VERIFIED			PUBLIC_SAFE_METADATA	YES	PARTIAL_SUBSTANTIVE	VERIFIED	NOT_STARTED	NOT_STARTED		Verified from canonical manifest and evidence inventory.
WD-SRC-022	ASSDP	ORIGINAL_SEMANTIC_SOURCE		ASSDP_FORMAL_CURRICULUM	FORMAL_HONDA_TRAINING	14. My Hero - ASSDP 2023.pptx	Basic/Materi Internal	Basic/Materi Internal/14. My Hero - ASSDP 2023.pptx	pptx	c5e3ba7eb9a94d725c84b02f97478def42ff08dd2ae3b5a2c92e043dcd33f436	c5e3ba7eb9a94d725c84b02f97478def42ff08dd2ae3b5a2c92e043dcd33f436	EXACT_HASH_MATCH	slides	17	slides	17	YES		VERIFIED_ACCESSIBLE	MANIFEST_METADATA_VERIFIED			PUBLIC_SAFE_METADATA	YES	PARTIAL_SUBSTANTIVE	VERIFIED	NOT_STARTED	NOT_STARTED		Verified from canonical manifest and evidence inventory.
WD-SRC-023	ASSDP	ORIGINAL_SEMANTIC_SOURCE		ASSDP_FORMAL_CURRICULUM	FORMAL_HONDA_TRAINING	15. INS ASSDP.pptx	Basic/Materi Internal	Basic/Materi Internal/15. INS ASSDP.pptx	pptx	db9bbe35b2fff0e2b1b28d54180dccfb52f7c05ddf1ceab6b18ae88db4213275	db9bbe35b2fff0e2b1b28d54180dccfb52f7c05ddf1ceab6b18ae88db4213275	EXACT_HASH_MATCH	slides	12	slides	12	YES		VERIFIED_ACCESSIBLE	MANIFEST_METADATA_VERIFIED			PUBLIC_SAFE_METADATA	YES	PARTIAL_SUBSTANTIVE	VERIFIED	NOT_STARTED	NOT_STARTED		Verified from canonical manifest and evidence inventory.
WD-SRC-024	ASSDP	ORIGINAL_SEMANTIC_SOURCE		ASSDP_FORMAL_CURRICULUM	FORMAL_HONDA_TRAINING	15. NOS ASSDP.pptx	Basic/Materi Internal	Basic/Materi Internal/15. NOS ASSDP.pptx	pptx	51f8ce0041127cbdc2380b1fc96154d988dc966f3277dab7cfbf5bbb67ae940a	51f8ce0041127cbdc2380b1fc96154d988dc966f3277dab7cfbf5bbb67ae940a	EXACT_HASH_MATCH	slides	16	slides	16	YES		VERIFIED_ACCESSIBLE	MANIFEST_METADATA_VERIFIED			PUBLIC_SAFE_METADATA	YES	PARTIAL	VERIFIED	NOT_STARTED	NOT_STARTED		Verified from canonical manifest and evidence inventory.
WD-SRC-025	ASSDP	ORIGINAL_SEMANTIC_SOURCE		ASSDP_FORMAL_CURRICULUM	FORMAL_HONDA_TRAINING	15. TTM ASSDP.pptx	Basic/Materi Internal	Basic/Materi Internal/15. TTM ASSDP.pptx	pptx	e4bbe0b94bed97f905abe1a2817fcab537b0bded29f18b685a4ce76f58a202ec	e4bbe0b94bed97f905abe1a2817fcab537b0bded29f18b685a4ce76f58a202ec	EXACT_HASH_MATCH	slides	28	slides	28	YES		VERIFIED_ACCESSIBLE	MANIFEST_METADATA_VERIFIED			PUBLIC_SAFE_METADATA	YES	PARTIAL_SUBSTANTIVE	VERIFIED	NOT_STARTED	NOT_STARTED		Verified from canonical manifest and evidence inventory.
WD-SRC-026	ASSDP	ORIGINAL_SEMANTIC_SOURCE		ASSDP_FORMAL_CURRICULUM	FORMAL_HONDA_TRAINING	2. ASSDP Basic - PDCA.pptx	Basic/Materi Internal	Basic/Materi Internal/2. ASSDP Basic - PDCA.pptx	pptx	7ed4e6545e05812fbabe943e9a5c23c480fc9d2d8440bf7845b8e0ebf5074612	7ed4e6545e05812fbabe943e9a5c23c480fc9d2d8440bf7845b8e0ebf5074612	EXACT_HASH_MATCH	slides	10	slides	10	YES		VERIFIED_ACCESSIBLE	MANIFEST_METADATA_VERIFIED			PUBLIC_SAFE_METADATA	YES	PARTIAL_SUBSTANTIVE	VERIFIED	COMPLETE	COMPLETE		Verified from canonical manifest and evidence inventory.
WD-SRC-027	ASSDP	ORIGINAL_SEMANTIC_SOURCE		ASSDP_FORMAL_CURRICULUM	FORMAL_HONDA_TRAINING	3-6. ASSDP Breakdown target, form dealer review _ TTFU, Targetting _ Forecasting dan komposisi DP .pptx	Basic/Materi Internal	Basic/Materi Internal/3-6. ASSDP Breakdown target, form dealer review _ TTFU, Targetting _ Forecasting dan komposisi DP .pptx	pptx	ea8bb19154f7262ad240933b0c0ecffa01e9169207560f2934a54293728ca630	ea8bb19154f7262ad240933b0c0ecffa01e9169207560f2934a54293728ca630	EXACT_HASH_MATCH	slides	39	slides	39	YES		VERIFIED_ACCESSIBLE	MANIFEST_METADATA_VERIFIED			PUBLIC_SAFE_METADATA	YES	PARTIAL_SUBSTANTIVE	VERIFIED	NOT_STARTED	NOT_STARTED		Verified from canonical manifest and evidence inventory.
WD-SRC-028	ASSDP	ORIGINAL_SEMANTIC_SOURCE		ASSDP_FORMAL_CURRICULUM	FORMAL_HONDA_TRAINING	7. Demand Management _ Recovery Rate.pptx	Basic/Materi Internal	Basic/Materi Internal/7. Demand Management _ Recovery Rate.pptx	pptx	1faab59cba2c176ac5e500a6deae60da3dcc2aa4afcc28f9461baa02fd15da89	1faab59cba2c176ac5e500a6deae60da3dcc2aa4afcc28f9461baa02fd15da89	EXACT_HASH_MATCH	slides	31	slides	31	YES		VERIFIED_ACCESSIBLE	MANIFEST_METADATA_VERIFIED			PUBLIC_SAFE_METADATA	YES	PARTIAL_SUBSTANTIVE	VERIFIED	NOT_STARTED	NOT_STARTED		Verified from canonical manifest and evidence inventory.
WD-SRC-029	ASSDP	ORIGINAL_SEMANTIC_SOURCE		ASSDP_FORMAL_CURRICULUM	FORMAL_HONDA_TRAINING	8. Management Visit Guidance.pptx	Basic/Materi Internal	Basic/Materi Internal/8. Management Visit Guidance.pptx	pptx	07437a9a0267534d7c4075c188b2e9d2075cf5849d053911ed76d287de9a0eb9	07437a9a0267534d7c4075c188b2e9d2075cf5849d053911ed76d287de9a0eb9	EXACT_HASH_MATCH	slides	28	slides	28	YES		VERIFIED_ACCESSIBLE	MANIFEST_METADATA_VERIFIED			PUBLIC_SAFE_METADATA	YES	PARTIAL_SUBSTANTIVE	VERIFIED	NOT_STARTED	NOT_STARTED		Verified from canonical manifest and evidence inventory.
WD-SRC-030	ASSDP	ORIGINAL_SEMANTIC_SOURCE		ASSDP_FORMAL_CURRICULUM	FORMAL_HONDA_TRAINING	9. Niguri AHM.pptx	Basic/Materi Internal	Basic/Materi Internal/9. Niguri AHM.pptx	pptx	ae4580ed1d5fee7498c712beb280e11783022579255cf4cc449460f05eeab490	ae4580ed1d5fee7498c712beb280e11783022579255cf4cc449460f05eeab490	EXACT_HASH_MATCH	slides	11	slides	11	YES		VERIFIED_ACCESSIBLE	MANIFEST_METADATA_VERIFIED			PUBLIC_SAFE_METADATA	YES	PARTIAL_SUBSTANTIVE	VERIFIED	NOT_STARTED	NOT_STARTED		Verified from canonical manifest and evidence inventory.
WD-SRC-031	ASSDP	ORIGINAL_SEMANTIC_SOURCE		ASSDP_FORMAL_CURRICULUM	FORMAL_HONDA_TRAINING	AUM 191023.pdf	Basic/Materi Internal/Materi	Basic/Materi Internal/Materi/AUM 191023.pdf	pdf	8ddc1a1e2f997f266da1b197fe168da235b9a69049f14c59c444e233b71fb22f	8ddc1a1e2f997f266da1b197fe168da235b9a69049f14c59c444e233b71fb22f	EXACT_HASH_MATCH	pages	15	pages	15	YES		VERIFIED_ACCESSIBLE	MANIFEST_METADATA_VERIFIED			PUBLIC_SAFE_METADATA	YES	NOT_YET	VERIFIED	NOT_STARTED	NOT_STARTED		Verified from canonical manifest and evidence inventory.
WD-SRC-032	ASSDP	ORIGINAL_SEMANTIC_SOURCE		ASSDP_FORMAL_CURRICULUM	FORMAL_HONDA_TRAINING	FINAL 19-10-2023 ASSDP MD SHARING.pdf	Basic/Materi Internal/Materi	Basic/Materi Internal/Materi/FINAL 19-10-2023 ASSDP MD SHARING.pdf	pdf	b5a7bec8935e7d1dd6a3120da9d9326b9263e568288b6e660c9ff9abb7fa0d4f	b5a7bec8935e7d1dd6a3120da9d9326b9263e568288b6e660c9ff9abb7fa0d4f	EXACT_HASH_MATCH	pages	28	pages	28	YES		VERIFIED_ACCESSIBLE	MANIFEST_METADATA_VERIFIED			PUBLIC_SAFE_METADATA	YES	NOT_YET	VERIFIED	NOT_STARTED	NOT_STARTED		Verified from canonical manifest and evidence inventory.
WD-SRC-033	ASSDP	ORIGINAL_SEMANTIC_SOURCE		ASSDP_FORMAL_CURRICULUM	FORMAL_HONDA_TRAINING	FINAL 19-10-2023 LOL BALI.pdf	Basic/Materi Internal/Materi	Basic/Materi Internal/Materi/FINAL 19-10-2023 LOL BALI.pdf	pdf	33e622d42be7464ec14762412f58178b5493a0739b71caabb0f56f7d19318ae0	33e622d42be7464ec14762412f58178b5493a0739b71caabb0f56f7d19318ae0	EXACT_HASH_MATCH	pages	16	pages	16	YES		VERIFIED_ACCESSIBLE	MANIFEST_METADATA_VERIFIED			PUBLIC_SAFE_METADATA	YES	NOT_YET	VERIFIED	NOT_STARTED	NOT_STARTED		Verified from canonical manifest and evidence inventory.
WD-SRC-034	ASSDP	ORIGINAL_SEMANTIC_SOURCE		ASSDP_FORMAL_CURRICULUM	FORMAL_HONDA_TRAINING	FINAL 19-10-2023 SPV AREA SHARING.pdf	Basic/Materi Internal/Materi	Basic/Materi Internal/Materi/FINAL 19-10-2023 SPV AREA SHARING.pdf	pdf	28670165e9b701aac4d41b287a66b8dcc6b23526594b741528ebfc0628330642	28670165e9b701aac4d41b287a66b8dcc6b23526594b741528ebfc0628330642	EXACT_HASH_MATCH	pages	13	pages	13	YES		VERIFIED_ACCESSIBLE	MANIFEST_METADATA_VERIFIED			PUBLIC_SAFE_METADATA	YES	NOT_YET	VERIFIED	NOT_STARTED	NOT_STARTED		Verified from canonical manifest and evidence inventory.
WD-SRC-035	ASSDP	ORIGINAL_SEMANTIC_SOURCE		ASSDP_FORMAL_CURRICULUM	FORMAL_HONDA_TRAINING	Leading Change AHM Harris Seminyak Handout.pdf	Basic/Materi Internal/Materi	Basic/Materi Internal/Materi/Leading Change AHM Harris Seminyak Handout.pdf	pdf	05fe20f34525e3aed384d3b967ab2e27ab1002a445b4ec9e17688ad5b5d2de3f	05fe20f34525e3aed384d3b967ab2e27ab1002a445b4ec9e17688ad5b5d2de3f	EXACT_HASH_MATCH	pages	55	pages	55	YES		VERIFIED_ACCESSIBLE	MANIFEST_METADATA_VERIFIED			PUBLIC_SAFE_METADATA	YES	NOT_YET	VERIFIED	NOT_STARTED	NOT_STARTED		Verified from canonical manifest and evidence inventory.
WD-SRC-036	ASSDP	MIRROR_EXTRACTION_AID	WD-SRC-017	ASSDP_FORMAL_CURRICULUM	FORMAL_HONDA_TRAINING	1. ASSDP Channel Management 2023.txt	Basic/Materi Internal/txt	Basic/Materi Internal/txt/1. ASSDP Channel Management 2023.txt	txt	006b65e4e4278fd314aef3f8753bb49af4b127b7bfe9e6c6258f7f1f445817e0	006b65e4e4278fd314aef3f8753bb49af4b127b7bfe9e6c6258f7f1f445817e0	EXACT_HASH_MATCH	lines	309	lines	309	YES		VERIFIED_ACCESSIBLE	MANIFEST_METADATA_VERIFIED		Derived mirror of WD-SRC-017 (1. ASSDP Channel Management 2023.pptx)	PUBLIC_SAFE_METADATA	YES	NOT_YET	VERIFIED	NOT_STARTED	NOT_STARTED		Text extraction mirror derived from original PPTX/PDF presentation.
WD-SRC-037	ASSDP	MIRROR_EXTRACTION_AID	WD-SRC-018	ASSDP_FORMAL_CURRICULUM	FORMAL_HONDA_TRAINING	10.-Sales-_-Stock-Monitoring-per-Dealer.txt	Basic/Materi Internal/txt	Basic/Materi Internal/txt/10.-Sales-_-Stock-Monitoring-per-Dealer.txt	txt	27800fc5dd31e9be74f23d0d46252c620cc6bce914d58abb3b2edab8e96f659a	27800fc5dd31e9be74f23d0d46252c620cc6bce914d58abb3b2edab8e96f659a	EXACT_HASH_MATCH	lines	114	lines	114	YES		VERIFIED_ACCESSIBLE	MANIFEST_METADATA_VERIFIED		Derived mirror of WD-SRC-018	PUBLIC_SAFE_METADATA	YES	NOT_YET	VERIFIED	NOT_STARTED	NOT_STARTED		Text extraction mirror derived from original PPTX/PDF presentation.
WD-SRC-038	ASSDP	MIRROR_EXTRACTION_AID	WD-SRC-019	ASSDP_FORMAL_CURRICULUM	FORMAL_HONDA_TRAINING	11. Analisa Pricing _ FID-BA.txt	Basic/Materi Internal/txt	Basic/Materi Internal/txt/11. Analisa Pricing _ FID-BA.txt	txt	20e07f5921819709bb56605d58bbda85fcef82a87aed457874eaa01423086b46	20e07f5921819709bb56605d58bbda85fcef82a87aed457874eaa01423086b46	EXACT_HASH_MATCH	lines	231	lines	231	YES		VERIFIED_ACCESSIBLE	MANIFEST_METADATA_VERIFIED		Derived mirror of WD-SRC-019 (11. Analisa Pricing _ FID-BA.pptx)	PUBLIC_SAFE_METADATA	YES	NOT_YET	VERIFIED	NOT_STARTED	NOT_STARTED		Text extraction mirror derived from original PPTX/PDF presentation.
WD-SRC-039	ASSDP	MIRROR_EXTRACTION_AID	WD-SRC-020	ASSDP_FORMAL_CURRICULUM	FORMAL_HONDA_TRAINING	12. PICA.txt	Basic/Materi Internal/txt	Basic/Materi Internal/txt/12. PICA.txt	txt	774db657a1374a8ca1982fe9458d63a73f9dba77b4dd07641114d1e23a60ec33	774db657a1374a8ca1982fe9458d63a73f9dba77b4dd07641114d1e23a60ec33	EXACT_HASH_MATCH	lines	468	lines	468	YES		VERIFIED_ACCESSIBLE	MANIFEST_METADATA_VERIFIED		Derived mirror of WD-SRC-020 (12. PICA.pptx)	PUBLIC_SAFE_METADATA	YES	NOT_YET	VERIFIED	NOT_STARTED	NOT_STARTED		Text extraction mirror derived from original PPTX/PDF presentation.
WD-SRC-040	ASSDP	MIRROR_EXTRACTION_AID	WD-SRC-021	ASSDP_FORMAL_CURRICULUM	FORMAL_HONDA_TRAINING	13. KPI Highlight - ASSDP Jun_23.txt	Basic/Materi Internal/txt	Basic/Materi Internal/txt/13. KPI Highlight - ASSDP Jun_23.txt	txt	3ed2f37ae8716d47f6e8c5522eee9c37ccf9d9ccb17c12380ee3c9e43f526666	3ed2f37ae8716d47f6e8c5522eee9c37ccf9d9ccb17c12380ee3c9e43f526666	EXACT_HASH_MATCH	lines	222	lines	222	YES		VERIFIED_ACCESSIBLE	MANIFEST_METADATA_VERIFIED		Derived mirror of WD-SRC-021 (13. KPI Highlight - ASSDP Jun_23.pptx)	PUBLIC_SAFE_METADATA	YES	NOT_YET	VERIFIED	NOT_STARTED	NOT_STARTED		Text extraction mirror derived from original PPTX/PDF presentation.
WD-SRC-041	ASSDP	MIRROR_EXTRACTION_AID	WD-SRC-022	ASSDP_FORMAL_CURRICULUM	FORMAL_HONDA_TRAINING	14.-My-Hero-ASSDP-2023.txt	Basic/Materi Internal/txt	Basic/Materi Internal/txt/14.-My-Hero-ASSDP-2023.txt	txt	8298f85f441958b588eea4c3eb21fd97eae42d1f70b33b1b4a58539106809050	8298f85f441958b588eea4c3eb21fd97eae42d1f70b33b1b4a58539106809050	EXACT_HASH_MATCH	lines	304	lines	304	YES		VERIFIED_ACCESSIBLE	MANIFEST_METADATA_VERIFIED		Derived mirror of WD-SRC-022	PUBLIC_SAFE_METADATA	YES	NOT_YET	VERIFIED	NOT_STARTED	NOT_STARTED		Text extraction mirror derived from original PPTX/PDF presentation.
WD-SRC-042	ASSDP	MIRROR_EXTRACTION_AID	WD-SRC-023	ASSDP_FORMAL_CURRICULUM	FORMAL_HONDA_TRAINING	15.-INS-ASSDP.txt	Basic/Materi Internal/txt	Basic/Materi Internal/txt/15.-INS-ASSDP.txt	txt	422a22dc3104fee8e4a19ce1ba5bc4462d322241d80b450edecb2ec04c8785a1	422a22dc3104fee8e4a19ce1ba5bc4462d322241d80b450edecb2ec04c8785a1	EXACT_HASH_MATCH	lines	225	lines	225	YES		VERIFIED_ACCESSIBLE	MANIFEST_METADATA_VERIFIED		Derived mirror of WD-SRC-023	PUBLIC_SAFE_METADATA	YES	NOT_YET	VERIFIED	NOT_STARTED	NOT_STARTED		Text extraction mirror derived from original PPTX/PDF presentation.
WD-SRC-043	ASSDP	MIRROR_EXTRACTION_AID	WD-SRC-024	ASSDP_FORMAL_CURRICULUM	FORMAL_HONDA_TRAINING	15.-NOS-ASSDP.txt	Basic/Materi Internal/txt	Basic/Materi Internal/txt/15.-NOS-ASSDP.txt	txt	e6869533f3c7ff4124479d78b6c26630527aa06f772c69caec7015a8659272b8	e6869533f3c7ff4124479d78b6c26630527aa06f772c69caec7015a8659272b8	EXACT_HASH_MATCH	lines	263	lines	263	YES		VERIFIED_ACCESSIBLE	MANIFEST_METADATA_VERIFIED		Derived mirror of WD-SRC-024	PUBLIC_SAFE_METADATA	YES	NOT_YET	VERIFIED	NOT_STARTED	NOT_STARTED		Text extraction mirror derived from original PPTX/PDF presentation.
WD-SRC-044	ASSDP	MIRROR_EXTRACTION_AID	WD-SRC-025	ASSDP_FORMAL_CURRICULUM	FORMAL_HONDA_TRAINING	15.-TTM-ASSDP.txt	Basic/Materi Internal/txt	Basic/Materi Internal/txt/15.-TTM-ASSDP.txt	txt	92f92f0f8b854387337cbed1e9e6e3416df536595add4ef60369909bcc92f7b0	92f92f0f8b854387337cbed1e9e6e3416df536595add4ef60369909bcc92f7b0	EXACT_HASH_MATCH	lines	349	lines	349	YES		VERIFIED_ACCESSIBLE	MANIFEST_METADATA_VERIFIED		Derived mirror of WD-SRC-025	PUBLIC_SAFE_METADATA	YES	NOT_YET	VERIFIED	NOT_STARTED	NOT_STARTED		Text extraction mirror derived from original PPTX/PDF presentation.
WD-SRC-045	ASSDP	MIRROR_EXTRACTION_AID	WD-SRC-026	ASSDP_FORMAL_CURRICULUM	FORMAL_HONDA_TRAINING	2. ASSDP Basic - PDCA.txt	Basic/Materi Internal/txt	Basic/Materi Internal/txt/2. ASSDP Basic - PDCA.txt	txt	7384cf5e21f8d0e14f64186f8d043a56589755fdaf9c3491bb907288ac7dc689	7384cf5e21f8d0e14f64186f8d043a56589755fdaf9c3491bb907288ac7dc689	EXACT_HASH_MATCH	lines	133	lines	133	YES		VERIFIED_ACCESSIBLE	MANIFEST_METADATA_VERIFIED		Derived mirror of WD-SRC-026 (2. ASSDP Basic - PDCA.pptx)	PUBLIC_SAFE_METADATA	YES	NOT_YET	VERIFIED	NOT_STARTED	NOT_STARTED		Text extraction mirror derived from original PPTX/PDF presentation.
WD-SRC-046	ASSDP	MIRROR_EXTRACTION_AID	WD-SRC-027	ASSDP_FORMAL_CURRICULUM	FORMAL_HONDA_TRAINING	3-6. ASSDP Breakdown target, form dealer review _ TTFU, Targetting _ Forecasting dan komposisi DP .txt	Basic/Materi Internal/txt	Basic/Materi Internal/txt/3-6. ASSDP Breakdown target, form dealer review _ TTFU, Targetting _ Forecasting dan komposisi DP .txt	txt	7e92d1a9527d7efd1cb74c0d412600c237fb2b5f3f07ae6e65b5e1d44f4870ce	7e92d1a9527d7efd1cb74c0d412600c237fb2b5f3f07ae6e65b5e1d44f4870ce	EXACT_HASH_MATCH	lines	494	lines	494	YES		VERIFIED_ACCESSIBLE	MANIFEST_METADATA_VERIFIED		Derived mirror of WD-SRC-027 (3-6. ASSDP Breakdown target, form dealer review _ TTFU, Targetting _ Forecasting dan komposisi DP .pptx)	PUBLIC_SAFE_METADATA	YES	NOT_YET	VERIFIED	NOT_STARTED	NOT_STARTED		Text extraction mirror derived from original PPTX/PDF presentation.
WD-SRC-047	ASSDP	MIRROR_EXTRACTION_AID	WD-SRC-028	ASSDP_FORMAL_CURRICULUM	FORMAL_HONDA_TRAINING	7.-Demand-Management-_-Recovery-Rate.txt	Basic/Materi Internal/txt	Basic/Materi Internal/txt/7.-Demand-Management-_-Recovery-Rate.txt	txt	d53f29feb0940a6f466ade075b5b9e70a7b81723719a01fbf0ecebabe5f983e8	d53f29feb0940a6f466ade075b5b9e70a7b81723719a01fbf0ecebabe5f983e8	EXACT_HASH_MATCH	lines	545	lines	545	YES		VERIFIED_ACCESSIBLE	MANIFEST_METADATA_VERIFIED		Derived mirror of WD-SRC-028	PUBLIC_SAFE_METADATA	YES	NOT_YET	VERIFIED	NOT_STARTED	NOT_STARTED		Text extraction mirror derived from original PPTX/PDF presentation.
WD-SRC-048	ASSDP	MIRROR_EXTRACTION_AID	WD-SRC-029	ASSDP_FORMAL_CURRICULUM	FORMAL_HONDA_TRAINING	8.-Management-Visit-Guidance.txt	Basic/Materi Internal/txt	Basic/Materi Internal/txt/8.-Management-Visit-Guidance.txt	txt	428680ca9970d534e9102dbe9209cdeb7c9e931b2f10b9190c008c039c864abe	428680ca9970d534e9102dbe9209cdeb7c9e931b2f10b9190c008c039c864abe	EXACT_HASH_MATCH	lines	280	lines	280	YES		VERIFIED_ACCESSIBLE	MANIFEST_METADATA_VERIFIED		Derived mirror of WD-SRC-029	PUBLIC_SAFE_METADATA	YES	NOT_YET	VERIFIED	NOT_STARTED	NOT_STARTED		Text extraction mirror derived from original PPTX/PDF presentation.
WD-SRC-049	ASSDP	MIRROR_EXTRACTION_AID	WD-SRC-030	ASSDP_FORMAL_CURRICULUM	FORMAL_HONDA_TRAINING	9.-Niguri-AHM.txt	Basic/Materi Internal/txt	Basic/Materi Internal/txt/9.-Niguri-AHM.txt	txt	93d1f189f9d9996347123074e9660379c0e522dc880c39e5fcf35f69a1aefb95	93d1f189f9d9996347123074e9660379c0e522dc880c39e5fcf35f69a1aefb95	EXACT_HASH_MATCH	lines	111	lines	111	YES		VERIFIED_ACCESSIBLE	MANIFEST_METADATA_VERIFIED		Derived mirror of WD-SRC-030	PUBLIC_SAFE_METADATA	YES	NOT_YET	VERIFIED	NOT_STARTED	NOT_STARTED		Text extraction mirror derived from original PPTX/PDF presentation.
WD-SRC-050	ASSDP	ORIGINAL_SEMANTIC_SOURCE		ASSDP_FORMAL_CURRICULUM	FORMAL_HONDA_TRAINING	Materi Project ASSDP.pptx	Basic	Basic/Materi Project ASSDP.pptx	pptx	8da630403a2e6949a5be43be1e0bdd28608471059f9e2a613a186242b2bc273a	8da630403a2e6949a5be43be1e0bdd28608471059f9e2a613a186242b2bc273a	EXACT_HASH_MATCH	slides	101	slides	101	YES		VERIFIED_ACCESSIBLE	MANIFEST_METADATA_VERIFIED			PUBLIC_SAFE_METADATA	YES	NOT_YET	VERIFIED	NOT_STARTED	NOT_STARTED		Verified from canonical manifest and evidence inventory.
WD-SRC-051	ASSDP	ORIGINAL_SEMANTIC_SOURCE		OWNER_APPLIED_PROJECT	OWNER_DIRECT_ARTIFACT	Project ASSDP Level Basic Tahap 1 by Egit Aristo Randas.pdf	Basic	Basic/Project ASSDP Level Basic Tahap 1 by Egit Aristo Randas.pdf	pdf	971fc6b70b601fd2f018acc8d81ef07f7b85c882892de19ae4c341010bf05cff	971fc6b70b601fd2f018acc8d81ef07f7b85c882892de19ae4c341010bf05cff	EXACT_HASH_MATCH	pages	20	pages	20	YES		VERIFIED_ACCESSIBLE	MANIFEST_METADATA_VERIFIED			PUBLIC_SAFE_METADATA	YES	NOT_YET	VERIFIED	NOT_STARTED	NOT_STARTED		Verified from canonical manifest and evidence inventory.
WD-SRC-052	ASSDP	ORIGINAL_SEMANTIC_SOURCE		ASSDP_PROGRAM_GUIDANCE	FORMAL_TRAINING_GUIDANCE	118. Petunjuk Pelaksanaan Final Project Training ASSDP Intermediate (1).pdf	Intermediate	Intermediate/118. Petunjuk Pelaksanaan Final Project Training ASSDP Intermediate (1).pdf	pdf	eedbf2b05f8c3e156e873b5da3026466802320194f1508a751d638d4954c58a4	eedbf2b05f8c3e156e873b5da3026466802320194f1508a751d638d4954c58a4	EXACT_HASH_MATCH	pages	2	pages	2	YES		VERIFIED_ACCESSIBLE	MANIFEST_METADATA_VERIFIED			PUBLIC_SAFE_METADATA	YES	NOT_YET	VERIFIED	NOT_STARTED	NOT_STARTED		Verified from canonical manifest and evidence inventory.
WD-SRC-053	ASSDP	ORIGINAL_SEMANTIC_SOURCE		ASSDP_FORMAL_CURRICULUM	FORMAL_HONDA_TRAINING	ASSDP Intemediate 2024 (1).pdf	Intermediate	Intermediate/ASSDP Intemediate 2024 (1).pdf	pdf	67947cff21f53b74aa19b8d82f76c4edc7ac654973c6e0a586de282e99e65fd9	67947cff21f53b74aa19b8d82f76c4edc7ac654973c6e0a586de282e99e65fd9	EXACT_HASH_MATCH	pages	5	pages	5	YES		VERIFIED_ACCESSIBLE	MANIFEST_METADATA_VERIFIED			PUBLIC_SAFE_METADATA	YES	NOT_YET	VERIFIED	NOT_STARTED	NOT_STARTED		Verified from canonical manifest and evidence inventory.
WD-SRC-054	ASSDP	ORIGINAL_SEMANTIC_SOURCE		ASSDP_FORMAL_CURRICULUM	FORMAL_HONDA_TRAINING	ASSDP INTERMEDIATE CLOSING.pptx	Intermediate	Intermediate/ASSDP INTERMEDIATE CLOSING.pptx	pptx	dc34837182340254a5bcbaa00744081590d11516219d27167f9a2d36ef97a91b	dc34837182340254a5bcbaa00744081590d11516219d27167f9a2d36ef97a91b	EXACT_HASH_MATCH	slides	4	slides	4	YES		VERIFIED_ACCESSIBLE	MANIFEST_METADATA_VERIFIED			PUBLIC_SAFE_METADATA	YES	NOT_YET	VERIFIED	NOT_STARTED	NOT_STARTED		Verified from canonical manifest and evidence inventory.
WD-SRC-055	ASSDP	ORIGINAL_SEMANTIC_SOURCE		ASSDP_FORMAL_CURRICULUM	FORMAL_HONDA_TRAINING	Business Case ASSDP (1).xlsx	Intermediate	Intermediate/Business Case ASSDP (1).xlsx	xlsx	31c065b9c5b1cad5d13177a8b651ed7db7d2aba0a66c6401311e2aa8a467b895	31c065b9c5b1cad5d13177a8b651ed7db7d2aba0a66c6401311e2aa8a467b895	EXACT_HASH_MATCH	sheets	6	sheets	6	YES	Guide | Market | Forecasting | Target per Tipe | Target per Dealer | Activity	VERIFIED_ACCESSIBLE	MANIFEST_METADATA_VERIFIED			PUBLIC_SAFE_METADATA	YES	NOT_YET	VERIFIED	NOT_STARTED	NOT_STARTED		Verified from canonical manifest and evidence inventory.
WD-SRC-056	ASSDP	ORIGINAL_SEMANTIC_SOURCE		ASSDP_FORMAL_CURRICULUM	FORMAL_HONDA_TRAINING	Form Dealer Review (1).xlsx	Intermediate	Intermediate/Form Dealer Review (1).xlsx	xlsx	ecec5985765dd690e8a69df438146396294200623f383e7d72c168f311bc3a35	ecec5985765dd690e8a69df438146396294200623f383e7d72c168f311bc3a35	EXACT_HASH_MATCH	sheets	22	sheets	22	YES	Data | Dealer Profile | Target & Forecasting | Map Area | Potensi | Market | Remunerasi | Struk. Org | Act Plan | Sls Tipe | Niguri | Sls SS | Sls SF | H Act. | Ev. BTL | H. ATL | Comp | RO | TTM | Action Plan | rekapan 3 on 3 | TTFU	VERIFIED_ACCESSIBLE	MANIFEST_METADATA_VERIFIED			PUBLIC_SAFE_METADATA	YES	NOT_YET	VERIFIED	NOT_STARTED	NOT_STARTED		Verified from canonical manifest and evidence inventory.
WD-SRC-057	ASSDP	ORIGINAL_SEMANTIC_SOURCE		ASSDP_FORMAL_CURRICULUM	FORMAL_HONDA_TRAINING	H1_Studi Kasus ASSDP Intemediate.pptx	Intermediate	Intermediate/H1_Studi Kasus ASSDP Intemediate.pptx	pptx	d042ea3bea7103a87b0fceb579bb4174da02af7133d55868ca14c8190168980a	d042ea3bea7103a87b0fceb579bb4174da02af7133d55868ca14c8190168980a	EXACT_HASH_MATCH	slides	43	slides	43	YES		VERIFIED_ACCESSIBLE	MANIFEST_METADATA_VERIFIED			PUBLIC_SAFE_METADATA	YES	PARTIAL_SUBSTANTIVE	VERIFIED	NOT_STARTED	NOT_STARTED		Verified from canonical manifest and evidence inventory.
WD-SRC-058	ASSDP	ORIGINAL_SEMANTIC_SOURCE		ASSDP_FORMAL_CURRICULUM	FORMAL_HONDA_TRAINING	HC3_Workshop CRM (4 Sep 2024) (1).pptx	Intermediate	Intermediate/HC3_Workshop CRM (4 Sep 2024) (1).pptx	pptx	8a87a9e7ef2fef7a4a8c0829e04120962a41d4be46f6cedd8ef3668fbe81e9bc	8a87a9e7ef2fef7a4a8c0829e04120962a41d4be46f6cedd8ef3668fbe81e9bc	EXACT_HASH_MATCH	slides	13	slides	13	YES		VERIFIED_ACCESSIBLE	MANIFEST_METADATA_VERIFIED			PUBLIC_SAFE_METADATA	YES	PARTIAL_SUBSTANTIVE	VERIFIED	NOT_STARTED	NOT_STARTED		Verified from canonical manifest and evidence inventory.
WD-SRC-059	ASSDP	ORIGINAL_SEMANTIC_SOURCE		ASSDP_FORMAL_CURRICULUM	FORMAL_HONDA_TRAINING	Materi Day 1 _ Negotiation and Be a Great Problem Solver_for AHM_ASSDP_AI_2Sept2024.pdf	Intermediate	Intermediate/Materi Day 1 _ Negotiation and Be a Great Problem Solver_for AHM_ASSDP_AI_2Sept2024.pdf	pdf	86aabbca4bfcc33042e4a83f17c8e506c69f0c3818e8b445b6ce85024ae1d89a	86aabbca4bfcc33042e4a83f17c8e506c69f0c3818e8b445b6ce85024ae1d89a	EXACT_HASH_MATCH	pages	91	pages	91	YES		VERIFIED_ACCESSIBLE	MANIFEST_METADATA_VERIFIED			PUBLIC_SAFE_METADATA	YES	PARTIAL_SUBSTANTIVE	VERIFIED	NOT_STARTED	NOT_STARTED		Verified from canonical manifest and evidence inventory.
WD-SRC-060	ASSDP	ORIGINAL_SEMANTIC_SOURCE		ASSDP_FORMAL_CURRICULUM	FORMAL_HONDA_TRAINING	Materi Day 2 - ASSDP Intermediate.pdf	Intermediate	Intermediate/Materi Day 2 - ASSDP Intermediate.pdf	pdf	1a5c212b8df58abc23a5d18a562cde7a7f631cd26fe8a888f9843d39a01663b9	1a5c212b8df58abc23a5d18a562cde7a7f631cd26fe8a888f9843d39a01663b9	EXACT_HASH_MATCH	pages	121	pages	121	YES		VERIFIED_ACCESSIBLE	MANIFEST_METADATA_VERIFIED			PUBLIC_SAFE_METADATA	YES	PARTIAL_SUBSTANTIVE	VERIFIED	NOT_STARTED	NOT_STARTED		Verified from canonical manifest and evidence inventory.
WD-SRC-061	ASSDP	ORIGINAL_SEMANTIC_SOURCE		OWNER_APPLIED_PROJECT	OWNER_DIRECT_ARTIFACT	Strategic Winning AT High Through Boosting Brand Awareness.pdf	Intermediate	Intermediate/Strategic Winning AT High Through Boosting Brand Awareness.pdf	pdf	0cc1ae144c2aa12d2bccf696fb816ab586eb8d0e3938c7d05ebfadc2b4dd38a6	0cc1ae144c2aa12d2bccf696fb816ab586eb8d0e3938c7d05ebfadc2b4dd38a6	EXACT_HASH_MATCH	pages	13	pages	13	YES		VERIFIED_ACCESSIBLE	MANIFEST_METADATA_VERIFIED			PUBLIC_SAFE_METADATA	YES	PARTIAL_SUBSTANTIVE	VERIFIED	NOT_STARTED	NOT_STARTED		Verified from canonical manifest and evidence inventory.
WD-SRC-062	DIRECT_UPLOAD	ORIGINAL_SEMANTIC_SOURCE		NOS_2026_CURRENT	CURRENT_OFFICIAL_NETWORK_STANDARD	00. Checklist 2026_Before After Comparison (send MD).xlsx		00. Checklist 2026_Before After Comparison (send MD).xlsx	xlsx	75be6ec2cccba747754c8d447279848c8ff4e49a5ffa47ef6e398995beef1265	75be6ec2cccba747754c8d447279848c8ff4e49a5ffa47ef6e398995beef1265	EXACT_HASH_MATCH	sheets	7	sheets	7	YES	Guidance | H1 Premises | H1 Process | H1 People | H23 Premises | H23 Process | H23 People	VERIFIED_ACCESSIBLE	MANIFEST_METADATA_VERIFIED			PUBLIC_SAFE_METADATA	YES	PARTIAL_SUBSTANTIVE	VERIFIED	NOT_STARTED	NOT_STARTED		Verified from canonical manifest and evidence inventory.
WD-SRC-063	DIRECT_UPLOAD	ORIGINAL_SEMANTIC_SOURCE		NOS_2026_CURRENT	CURRENT_OFFICIAL_NETWORK_STANDARD	01. Checklist 2026_Final - BigWing.xlsx		01. Checklist 2026_Final - BigWing.xlsx	xlsx	60ec085bbdd03795b0c8df53101a528b5e0d301451bdfdd4744b1ea369323015	60ec085bbdd03795b0c8df53101a528b5e0d301451bdfdd4744b1ea369323015	EXACT_HASH_MATCH	sheets	8	sheets	8	YES	Guidance | H1 Premises | H1 Process | H1 People | H23 Premises | H23 Process | H23 People | Result Summary	VERIFIED_ACCESSIBLE	MANIFEST_METADATA_VERIFIED			PUBLIC_SAFE_METADATA	YES	PARTIAL_SUBSTANTIVE	VERIFIED	NOT_STARTED	NOT_STARTED		Verified from canonical manifest and evidence inventory.
WD-SRC-064	DIRECT_UPLOAD	ORIGINAL_SEMANTIC_SOURCE		NOS_2023_HISTORICAL	HISTORICAL_OFFICIAL_REFERENCE	02. Checklist 2023 Regular H123.xlsx		02. Checklist 2023 Regular H123.xlsx	xlsx	68703d69a98823d43a8e0fd60762ff36c7da14cfeb4dd6d5373b4f7fd8682372	68703d69a98823d43a8e0fd60762ff36c7da14cfeb4dd6d5373b4f7fd8682372	EXACT_HASH_MATCH	sheets	8	sheets	8	YES	H1 Premises | H1 People | H1 Process | H23 Premises | H23 People | H23 Process | kriteria | Result Summary	VERIFIED_ACCESSIBLE	MANIFEST_METADATA_VERIFIED			PUBLIC_SAFE_METADATA	YES	NOT_YET	VERIFIED	NOT_STARTED	NOT_STARTED		Verified from canonical manifest and evidence inventory.
WD-SRC-065	DIRECT_UPLOAD	ORIGINAL_SEMANTIC_SOURCE		NOS_2026_CURRENT	CURRENT_OFFICIAL_NETWORK_STANDARD	02. Checklist 2026_Final - Wing.xlsx		02. Checklist 2026_Final - Wing.xlsx	xlsx	fdceb9168f84893981c66f57526e22eea1ea6710f099f16c496d516c67ff7d62	fdceb9168f84893981c66f57526e22eea1ea6710f099f16c496d516c67ff7d62	EXACT_HASH_MATCH	sheets	8	sheets	8	YES	Guidance | H1 Premises | H1 Process | H1 People | H23 Premises | H23 Process | H23 People | Result Summary	VERIFIED_ACCESSIBLE	MANIFEST_METADATA_VERIFIED			PUBLIC_SAFE_METADATA	YES	PARTIAL_SUBSTANTIVE	VERIFIED	NOT_STARTED	NOT_STARTED		Verified from canonical manifest and evidence inventory.
WD-SRC-066	DIRECT_UPLOAD	ORIGINAL_SEMANTIC_SOURCE		NOS_2026_CURRENT	CURRENT_OFFICIAL_NETWORK_STANDARD	03. Checklist 2026_Final - Regular H123.xlsx		03. Checklist 2026_Final - Regular H123.xlsx	xlsx	88e247217ee7f74d47fa2e34ec20dac589e8555c21516d1ccbb1cc5e87d8e0ab	88e247217ee7f74d47fa2e34ec20dac589e8555c21516d1ccbb1cc5e87d8e0ab	EXACT_HASH_MATCH	sheets	8	sheets	8	YES	Guidance | H1 Premises | H1 Process | H1 People | H23 Premises | H23 Process | H23 People | Result Summary	VERIFIED_ACCESSIBLE	MANIFEST_METADATA_VERIFIED			PUBLIC_SAFE_METADATA	YES	PARTIAL_SUBSTANTIVE	VERIFIED	NOT_STARTED	NOT_STARTED		Verified from canonical manifest and evidence inventory.
WD-SRC-067	DIRECT_UPLOAD	ORIGINAL_SEMANTIC_SOURCE		NOS_2026_CURRENT	CURRENT_OFFICIAL_NETWORK_STANDARD	04. Checklist 2026_Final - Regular H1.xlsx		04. Checklist 2026_Final - Regular H1.xlsx	xlsx	d1686a5a48d31f13d946acb03415431eaa9b2a988983787e21da6033132ccbe8	d1686a5a48d31f13d946acb03415431eaa9b2a988983787e21da6033132ccbe8	EXACT_HASH_MATCH	sheets	5	sheets	5	YES	Guidance | H1 Premises | H1 Process | H1 People | Result Summary	VERIFIED_ACCESSIBLE	MANIFEST_METADATA_VERIFIED			PUBLIC_SAFE_METADATA	YES	PARTIAL_SUBSTANTIVE	VERIFIED	NOT_STARTED	NOT_STARTED		Verified from canonical manifest and evidence inventory.
WD-SRC-068	DIRECT_UPLOAD	ORIGINAL_SEMANTIC_SOURCE		NOS_2026_CURRENT	CURRENT_OFFICIAL_NETWORK_STANDARD	05. Checklist 2026_Final - AHASS H23.xlsx		05. Checklist 2026_Final - AHASS H23.xlsx	xlsx	fa2087b9fd36cc44ef813f62e56bc574a86a431352fe28ef85051226bbf44701	fa2087b9fd36cc44ef813f62e56bc574a86a431352fe28ef85051226bbf44701	EXACT_HASH_MATCH	sheets	5	sheets	5	YES	Guidance | H23 Premises | H23 Process | H23 People | Result Summary	VERIFIED_ACCESSIBLE	MANIFEST_METADATA_VERIFIED			PUBLIC_SAFE_METADATA	YES	PARTIAL_SUBSTANTIVE	VERIFIED	NOT_STARTED	NOT_STARTED		Verified from canonical manifest and evidence inventory.
WD-SRC-069	DIRECT_UPLOAD	ORIGINAL_SEMANTIC_SOURCE		NOS_2026_CURRENT	CURRENT_OFFICIAL_NETWORK_STANDARD	06. NOS POS 2026.xlsx		06. NOS POS 2026.xlsx	xlsx	49043501ffd64e19b763f494c834c2e17ea0a9e70f289d01ede875538d625006	49043501ffd64e19b763f494c834c2e17ea0a9e70f289d01ede875538d625006	EXACT_HASH_MATCH	sheets	4	sheets	4	YES	Checklist H1 | Checklist H2 | H1 Format Ceklis | H23 Format Ceklis	VERIFIED_ACCESSIBLE	MANIFEST_METADATA_VERIFIED			PUBLIC_SAFE_METADATA	YES	PARTIAL_SUBSTANTIVE	VERIFIED	NOT_STARTED	NOT_STARTED		Verified from canonical manifest and evidence inventory.
WD-SRC-070	DIRECT_UPLOAD	ORIGINAL_SEMANTIC_SOURCE		NOS_2026_CURRENT	CURRENT_OFFICIAL_NETWORK_STANDARD	07. NOS BTL 2026.xlsx		07. NOS BTL 2026.xlsx	xlsx	f265f03458c498c002aad1221e3546799a0b925e2940a3ebe4b8a9989541983c	f265f03458c498c002aad1221e3546799a0b925e2940a3ebe4b8a9989541983c	EXACT_HASH_MATCH	sheets	2	sheets	2	YES	H1 | H23	VERIFIED_ACCESSIBLE	MANIFEST_METADATA_VERIFIED			PUBLIC_SAFE_METADATA	YES	PARTIAL_SUBSTANTIVE	VERIFIED	NOT_STARTED	NOT_STARTED		Verified from canonical manifest and evidence inventory.
WD-SRC-071	DIRECT_UPLOAD	IDENTICAL_DUPLICATE_ALIAS	WD-SRC-024	NOS_2023_HISTORICAL	HISTORICAL_OFFICIAL_REFERENCE	15. NOS ASSDP.pptx		15. NOS ASSDP.pptx	pptx	51f8ce0041127cbdc2380b1fc96154d988dc966f3277dab7cfbf5bbb67ae940a	51f8ce0041127cbdc2380b1fc96154d988dc966f3277dab7cfbf5bbb67ae940a	EXACT_HASH_MATCH	slides	16	slides	16	YES		VERIFIED_ACCESSIBLE	MANIFEST_METADATA_VERIFIED	Identical content SHA256 match with WD-SRC-024		PUBLIC_SAFE_METADATA	YES	PARTIAL_SUBSTANTIVE	VERIFIED	NOT_STARTED	NOT_STARTED		Verified from canonical manifest and evidence inventory.
WD-SRC-072	DIRECT_UPLOAD	ORIGINAL_SEMANTIC_SOURCE		NOS_2026_CURRENT	CURRENT_OFFICIAL_NETWORK_STANDARD	Checlist NOS 2026 H1 Premises Dealer.xlsx		Checlist NOS 2026 H1 Premises Dealer.xlsx	xlsx	15dda5218cd76d4a62be7e9ccd9767ba8075e5e0cc30f56270cb5d9856cdb18b	15dda5218cd76d4a62be7e9ccd9767ba8075e5e0cc30f56270cb5d9856cdb18b	EXACT_HASH_MATCH	sheets	2	sheets	2	YES	H1 Premises Dealer H123 | H1 Premises Dealer H1	VERIFIED_ACCESSIBLE	MANIFEST_METADATA_VERIFIED			PUBLIC_SAFE_METADATA	YES	PARTIAL_SUBSTANTIVE	VERIFIED	NOT_STARTED	NOT_STARTED		Verified from canonical manifest and evidence inventory.
WD-SRC-073	DIRECT_UPLOAD	ORIGINAL_SEMANTIC_SOURCE		ND_PLAN_RESHAPE_2026	CURRENT_INTERNAL_STRATEGY_REFERENCE	ND Plan & Reshape Review_Sinsen 2026.pptx		ND Plan & Reshape Review_Sinsen 2026.pptx	pptx	8e8f5e9a3b2d8c0aba3cb3f4e1dc0faed3811ddb6d17342202d9c19facb01279	8e8f5e9a3b2d8c0aba3cb3f4e1dc0faed3811ddb6d17342202d9c19facb01279	EXACT_HASH_MATCH	slides	64	slides	64	YES		VERIFIED_ACCESSIBLE	MANIFEST_METADATA_VERIFIED			PUBLIC_SAFE_METADATA	YES	PARTIAL_SUBSTANTIVE	VERIFIED	NOT_STARTED	NOT_STARTED		Verified from canonical manifest and evidence inventory.
WD-SRC-074	DIRECT_UPLOAD	ORIGINAL_SEMANTIC_SOURCE		CHAT_MEMORY_DISCOVERY	DISCOVERY_ONLY	Pasted markdown.md		Pasted markdown.md	md	43f1f2c5e59fa5529468b48f06b8deede685fd7cb4327884cbac175d48f16955	43f1f2c5e59fa5529468b48f06b8deede685fd7cb4327884cbac175d48f16955	EXACT_HASH_MATCH	lines	757	lines	757	YES		VERIFIED_ACCESSIBLE	MANIFEST_METADATA_VERIFIED			PUBLIC_SAFE_METADATA	YES	NOT_YET	VERIFIED	NOT_STARTED	NOT_STARTED		Verified from canonical manifest and evidence inventory.
WD-SRC-075	NOTION	ORIGINAL_SEMANTIC_SOURCE		PRESENTER_OR_OWNER_NOTES	SUPPLEMENTARY	5 Weapon Of Influence 285de854621780b3894bc70ae9edb718.md		5 Weapon Of Influence 285de854621780b3894bc70ae9edb718.md	md	ff09e5179a6e3eb1a00fc33807f3e559caa32fd5cce4924eb3c7013436124de0	ff09e5179a6e3eb1a00fc33807f3e559caa32fd5cce4924eb3c7013436124de0	EXACT_HASH_MATCH	lines	713	lines	713	YES		VERIFIED_ACCESSIBLE	MANIFEST_METADATA_VERIFIED			PUBLIC_SAFE_METADATA	YES	NOT_YET	VERIFIED	NOT_STARTED	NOT_STARTED		Verified from canonical manifest and evidence inventory.
WD-SRC-076	NOTION	ORIGINAL_SEMANTIC_SOURCE		PRESENTER_OR_OWNER_NOTES	SUPPLEMENTARY	9 Minutes 9 Slides 285de85462178075b929e19d2f415573.md		9 Minutes 9 Slides 285de85462178075b929e19d2f415573.md	md	8afde4868a958bcac9518bd26a771ff4a53f5978a33cf1e1af4131578519eefa	8afde4868a958bcac9518bd26a771ff4a53f5978a33cf1e1af4131578519eefa	EXACT_HASH_MATCH	lines	284	lines	284	YES		VERIFIED_ACCESSIBLE	MANIFEST_METADATA_VERIFIED			PUBLIC_SAFE_METADATA	YES	NOT_YET	VERIFIED	NOT_STARTED	NOT_STARTED		Verified from canonical manifest and evidence inventory.
WD-SRC-077	NOTION	ORIGINAL_SEMANTIC_SOURCE		PRESENTER_OR_OWNER_NOTES	SUPPLEMENTARY	AHM efa3ada8accd495faa800193d72c6893.md		AHM efa3ada8accd495faa800193d72c6893.md	md	718b0d9e8c9e08c873173632ae2597fd8e73d616ae69a41e51245828333386f5	718b0d9e8c9e08c873173632ae2597fd8e73d616ae69a41e51245828333386f5	EXACT_HASH_MATCH	lines	972	lines	972	YES		VERIFIED_ACCESSIBLE	MANIFEST_METADATA_VERIFIED			PUBLIC_SAFE_METADATA	YES	NOT_YET	VERIFIED	NOT_STARTED	NOT_STARTED		Verified from canonical manifest and evidence inventory.
WD-SRC-078	NOTION	SECRET_EXCLUSION		SECRET_EXCLUDED	FORBIDDEN	[REDACTED_SECRET_NOTE]		[REDACTED_SECRET_NOTE]	md	[REDACTED]	[REDACTED]	EXACT_HASH_MATCH	lines	6	lines	6	YES		EXCLUDED_BY_SECURITY	MANIFEST_METADATA_VERIFIED			EXCLUDED_SECRET	YES	EXCLUDED	EXCLUDED	EXCLUDED	EXCLUDED		Verified from canonical manifest and evidence inventory.
WD-SRC-079	NOTION	ORIGINAL_SEMANTIC_SOURCE		PRESENTER_OR_OWNER_NOTES	SUPPLEMENTARY	ASSDP Advance 284de854621780dca204c6ec00b7e3ad.md		ASSDP Advance 284de854621780dca204c6ec00b7e3ad.md	md	033b398bd9a2c3c73cec68748540cee5f4c38d5c24b35e04f83eed4a62aef860	033b398bd9a2c3c73cec68748540cee5f4c38d5c24b35e04f83eed4a62aef860	EXACT_HASH_MATCH	lines	202	lines	202	YES		VERIFIED_ACCESSIBLE	MANIFEST_METADATA_VERIFIED			PUBLIC_SAFE_METADATA	YES	NOT_YET	VERIFIED	NOT_STARTED	NOT_STARTED		Verified from canonical manifest and evidence inventory.
WD-SRC-080	NOTION	ORIGINAL_SEMANTIC_SOURCE		PRESENTER_OR_OWNER_NOTES	SUPPLEMENTARY	ASSDP Intermediate f2b38f764c394383a08a8b4f912c8174.md		ASSDP Intermediate f2b38f764c394383a08a8b4f912c8174.md	md	6a571760ab1f4fe15fae03a6ff46f15485538a5bd6b880b0776a3b52ad883f71	6a571760ab1f4fe15fae03a6ff46f15485538a5bd6b880b0776a3b52ad883f71	EXACT_HASH_MATCH	lines	11	lines	11	YES		VERIFIED_ACCESSIBLE	MANIFEST_METADATA_VERIFIED			PUBLIC_SAFE_METADATA	YES	NOT_YET	VERIFIED	NOT_STARTED	NOT_STARTED		Verified from canonical manifest and evidence inventory.
WD-SRC-081	NOTION	ORIGINAL_SEMANTIC_SOURCE		PRESENTER_OR_OWNER_NOTES	SUPPLEMENTARY	BWI 285de8546217800cb9f8c38666c11b67.md		BWI 285de8546217800cb9f8c38666c11b67.md	md	5b4ce82a461bfff88d2926a303a8aa1605c4496ada499d1273b49bfacc437295	5b4ce82a461bfff88d2926a303a8aa1605c4496ada499d1273b49bfacc437295	EXACT_HASH_MATCH	lines	1843	lines	1843	YES		VERIFIED_ACCESSIBLE	MANIFEST_METADATA_VERIFIED			PUBLIC_SAFE_METADATA	YES	NOT_YET	VERIFIED	NOT_STARTED	NOT_STARTED		Verified from canonical manifest and evidence inventory.
WD-SRC-082	NOTION	ORIGINAL_SEMANTIC_SOURCE		PRESENTER_OR_OWNER_NOTES	SUPPLEMENTARY	BWI c68a6699daba4d2bb6ccfff822456f66.md		BWI c68a6699daba4d2bb6ccfff822456f66.md	md	98b656fd0064c071cc7ff6f015eb7aa20f98cb8800955657c0b2daa9e69e4eac	98b656fd0064c071cc7ff6f015eb7aa20f98cb8800955657c0b2daa9e69e4eac	EXACT_HASH_MATCH	lines	1793	lines	1793	YES		VERIFIED_ACCESSIBLE	MANIFEST_METADATA_VERIFIED			PUBLIC_SAFE_METADATA	YES	NOT_YET	VERIFIED	NOT_STARTED	NOT_STARTED		Verified from canonical manifest and evidence inventory.
WD-SRC-083	NOTION	ORIGINAL_SEMANTIC_SOURCE		PRESENTER_OR_OWNER_NOTES	SUPPLEMENTARY	Change Management 286de854621780a4a9acc9ebb345d1db.md		Change Management 286de854621780a4a9acc9ebb345d1db.md	md	066d4270393aecee9e09c13fcf51b90d14d918835d00ca99647fd00e1f084d37	066d4270393aecee9e09c13fcf51b90d14d918835d00ca99647fd00e1f084d37	EXACT_HASH_MATCH	lines	289	lines	289	YES		VERIFIED_ACCESSIBLE	MANIFEST_METADATA_VERIFIED			PUBLIC_SAFE_METADATA	YES	NOT_YET	VERIFIED	NOT_STARTED	NOT_STARTED		Verified from canonical manifest and evidence inventory.
WD-SRC-084	NOTION	ORIGINAL_SEMANTIC_SOURCE		PRESENTER_OR_OWNER_NOTES	SUPPLEMENTARY	Data Analytics 19dde8546217807e8f50f06cff3fb851.md		Data Analytics 19dde8546217807e8f50f06cff3fb851.md	md	03ebf0c69a57bc5bf56a76ab399d98e975041fd27de9fbf7b26e05b37d2c5bca	03ebf0c69a57bc5bf56a76ab399d98e975041fd27de9fbf7b26e05b37d2c5bca	EXACT_HASH_MATCH	lines	1837	lines	1837	YES		VERIFIED_ACCESSIBLE	MANIFEST_METADATA_VERIFIED			PUBLIC_SAFE_METADATA	YES	NOT_YET	VERIFIED	NOT_STARTED	NOT_STARTED		Verified from canonical manifest and evidence inventory.
WD-SRC-085	NOTION	ORIGINAL_SEMANTIC_SOURCE		PRESENTER_OR_OWNER_NOTES	SUPPLEMENTARY	Final Project Presentation 108de85462178023b2e5d7eff76fc8da.md		Final Project Presentation 108de85462178023b2e5d7eff76fc8da.md	md	8281e57ff70dea5cecdf0d46b7f4624aa9d53038255326ffb8bf1cf8f6a65416	8281e57ff70dea5cecdf0d46b7f4624aa9d53038255326ffb8bf1cf8f6a65416	EXACT_HASH_MATCH	lines	1741	lines	1741	YES		VERIFIED_ACCESSIBLE	MANIFEST_METADATA_VERIFIED			PUBLIC_SAFE_METADATA	YES	NOT_YET	VERIFIED	NOT_STARTED	NOT_STARTED		Verified from canonical manifest and evidence inventory.
WD-SRC-086	NOTION	ORIGINAL_SEMANTIC_SOURCE		PRESENTER_OR_OWNER_NOTES	SUPPLEMENTARY	Final Project Presentation Breakthrough Strategy & 160de85462178026b9b6dd149983e583.md		Final Project Presentation Breakthrough Strategy & 160de85462178026b9b6dd149983e583.md	md	09e25b9b05d8ed91fb38c0b7d994532a3533e043cc6a4bdc213b21cab6a4fdba	09e25b9b05d8ed91fb38c0b7d994532a3533e043cc6a4bdc213b21cab6a4fdba	EXACT_HASH_MATCH	lines	75	lines	75	YES		VERIFIED_ACCESSIBLE	MANIFEST_METADATA_VERIFIED			PUBLIC_SAFE_METADATA	YES	NOT_YET	VERIFIED	NOT_STARTED	NOT_STARTED		Verified from canonical manifest and evidence inventory.
WD-SRC-087	NOTION	ORIGINAL_SEMANTIC_SOURCE		PRESENTER_OR_OWNER_NOTES	SUPPLEMENTARY	Focus on Your Customer 286de854621780f0bddfe35c65143096.md		Focus on Your Customer 286de854621780f0bddfe35c65143096.md	md	8131c7bdd8a08ec4bec541f68a380e9079445ecd9679f428466fa5977d6445e3	8131c7bdd8a08ec4bec541f68a380e9079445ecd9679f428466fa5977d6445e3	EXACT_HASH_MATCH	lines	426	lines	426	YES		VERIFIED_ACCESSIBLE	MANIFEST_METADATA_VERIFIED			PUBLIC_SAFE_METADATA	YES	NOT_YET	VERIFIED	NOT_STARTED	NOT_STARTED		Verified from canonical manifest and evidence inventory.
WD-SRC-088	NOTION	ORIGINAL_SEMANTIC_SOURCE		PRESENTER_OR_OWNER_NOTES	SUPPLEMENTARY	How to Good SPV 284de8546217803e8df1e64c534f4725.md		How to Good SPV 284de8546217803e8df1e64c534f4725.md	md	65faca19ab2f9a4ccbc3ba461f98e5f62c6ce0dcb9308e4dac77a797a88284df	65faca19ab2f9a4ccbc3ba461f98e5f62c6ce0dcb9308e4dac77a797a88284df	EXACT_HASH_MATCH	lines	794	lines	794	YES		VERIFIED_ACCESSIBLE	MANIFEST_METADATA_VERIFIED			PUBLIC_SAFE_METADATA	YES	NOT_YET	VERIFIED	NOT_STARTED	NOT_STARTED		Verified from canonical manifest and evidence inventory.
WD-SRC-089	NOTION	ORIGINAL_SEMANTIC_SOURCE		PRESENTER_OR_OWNER_NOTES	SUPPLEMENTARY	Leader as Coach 285de8546217801fb244cc465552a1d9.md		Leader as Coach 285de8546217801fb244cc465552a1d9.md	md	6e69df979b3e64fc5874833b29c17370c47790c984b68c30c4ad8308364bbcd6	6e69df979b3e64fc5874833b29c17370c47790c984b68c30c4ad8308364bbcd6	EXACT_HASH_MATCH	lines	1021	lines	1021	YES		VERIFIED_ACCESSIBLE	MANIFEST_METADATA_VERIFIED			PUBLIC_SAFE_METADATA	YES	NOT_YET	VERIFIED	NOT_STARTED	NOT_STARTED		Verified from canonical manifest and evidence inventory.
WD-SRC-090	NOTION	ORIGINAL_SEMANTIC_SOURCE		PRESENTER_OR_OWNER_NOTES	SUPPLEMENTARY	Network Assisting Program (NAP) 197de854621780fa8940dc8f8705c324.md		Network Assisting Program (NAP) 197de854621780fa8940dc8f8705c324.md	md	4bde2685e7cb9f3ce850f91564ae9024acd8a96b2eec9c4783fef19a5288d7c4	4bde2685e7cb9f3ce850f91564ae9024acd8a96b2eec9c4783fef19a5288d7c4	EXACT_HASH_MATCH	lines	1	lines	1	YES		VERIFIED_ACCESSIBLE	MANIFEST_METADATA_VERIFIED			PUBLIC_SAFE_METADATA	YES	NOT_YET	VERIFIED	NOT_STARTED	NOT_STARTED		Verified from canonical manifest and evidence inventory.
WD-SRC-091	NOTION	ORIGINAL_SEMANTIC_SOURCE		PRESENTER_OR_OWNER_NOTES	SUPPLEMENTARY	NHDP 13cde8546217809fbff8fd050c0ada94.md		NHDP 13cde8546217809fbff8fd050c0ada94.md	md	d251eb02e273e41622e69d8fcaaf61c160bda7aeb0fb44986e558dca637739a4	d251eb02e273e41622e69d8fcaaf61c160bda7aeb0fb44986e558dca637739a4	EXACT_HASH_MATCH	lines	561	lines	561	YES		VERIFIED_ACCESSIBLE	MANIFEST_METADATA_VERIFIED			PUBLIC_SAFE_METADATA	YES	NOT_YET	VERIFIED	NOT_STARTED	NOT_STARTED		Verified from canonical manifest and evidence inventory.
WD-SRC-092	NOTION	ORIGINAL_SEMANTIC_SOURCE		PRESENTER_OR_OWNER_NOTES	SUPPLEMENTARY	NPS 286de854621780b89eadfbf5a9978704.md		NPS 286de854621780b89eadfbf5a9978704.md	md	599b328c1513ccabed3a2d50dd7cc46fd5cce58a1a1e1a354485fb4c666282d0	599b328c1513ccabed3a2d50dd7cc46fd5cce58a1a1e1a354485fb4c666282d0	EXACT_HASH_MATCH	lines	125	lines	125	YES		VERIFIED_ACCESSIBLE	MANIFEST_METADATA_VERIFIED			PUBLIC_SAFE_METADATA	YES	NOT_YET	VERIFIED	NOT_STARTED	NOT_STARTED		Verified from canonical manifest and evidence inventory.
WD-SRC-093	NOTION	ORIGINAL_SEMANTIC_SOURCE		PRESENTER_OR_OWNER_NOTES	SUPPLEMENTARY	Organizational Development 286de85462178012b249c4e93d559cc2.md		Organizational Development 286de85462178012b249c4e93d559cc2.md	md	e341d0590c46d2268e62bd5737b33db79179465a54f724d1d75f3641b301a599	e341d0590c46d2268e62bd5737b33db79179465a54f724d1d75f3641b301a599	EXACT_HASH_MATCH	lines	195	lines	195	YES		VERIFIED_ACCESSIBLE	MANIFEST_METADATA_VERIFIED			PUBLIC_SAFE_METADATA	YES	NOT_YET	VERIFIED	NOT_STARTED	NOT_STARTED		Verified from canonical manifest and evidence inventory.
WD-SRC-094	NOTION	ORIGINAL_SEMANTIC_SOURCE		PRESENTER_OR_OWNER_NOTES	SUPPLEMENTARY	Power of Moments 286de854621780c28241e5e09a463375.md		Power of Moments 286de854621780c28241e5e09a463375.md	md	c2a1ae36b68a10069625382c563007231c29ab7ac4cdf0765d89626f4393402a	c2a1ae36b68a10069625382c563007231c29ab7ac4cdf0765d89626f4393402a	EXACT_HASH_MATCH	lines	558	lines	558	YES		VERIFIED_ACCESSIBLE	MANIFEST_METADATA_VERIFIED			PUBLIC_SAFE_METADATA	YES	NOT_YET	VERIFIED	NOT_STARTED	NOT_STARTED		Verified from canonical manifest and evidence inventory.
WD-SRC-095	NOTION	ORIGINAL_SEMANTIC_SOURCE		PRESENTER_OR_OWNER_NOTES	SUPPLEMENTARY	Presentation in Action 285de854621780f58cbdfb02ae67ffb9.md		Presentation in Action 285de854621780f58cbdfb02ae67ffb9.md	md	b481fc14e86382cab46dac03d2e7c00cb709c78291285e90f9e8b72ae7a2dfe2	b481fc14e86382cab46dac03d2e7c00cb709c78291285e90f9e8b72ae7a2dfe2	EXACT_HASH_MATCH	lines	655	lines	655	YES		VERIFIED_ACCESSIBLE	MANIFEST_METADATA_VERIFIED			PUBLIC_SAFE_METADATA	YES	NOT_YET	VERIFIED	NOT_STARTED	NOT_STARTED		Verified from canonical manifest and evidence inventory.
WD-SRC-096	NOTION	ORIGINAL_SEMANTIC_SOURCE		PRESENTER_OR_OWNER_NOTES	SUPPLEMENTARY	Project Dashboard Sales Power BI 1bdde854621780f881a9e60c65836e63.md		Project Dashboard Sales Power BI 1bdde854621780f881a9e60c65836e63.md	md	02cc3fcfa6f97ce7f89692b01eead007c1789d7aa0d2c602ebbf6a7494fdfe10	02cc3fcfa6f97ce7f89692b01eead007c1789d7aa0d2c602ebbf6a7494fdfe10	EXACT_HASH_MATCH	lines	55	lines	55	YES		VERIFIED_ACCESSIBLE	MANIFEST_METADATA_VERIFIED			PUBLIC_SAFE_METADATA	YES	NOT_YET	VERIFIED	NOT_STARTED	NOT_STARTED		Verified from canonical manifest and evidence inventory.
WD-SRC-097	NOTION	ORIGINAL_SEMANTIC_SOURCE		PRESENTER_OR_OWNER_NOTES	SUPPLEMENTARY	Reshape 317de8546217800a9a63e12937400d72.md		Reshape 317de8546217800a9a63e12937400d72.md	md	11ab36c28f921e2767dedabfccec08e04618d58d3a7914e23480c4504af4d174	11ab36c28f921e2767dedabfccec08e04618d58d3a7914e23480c4504af4d174	EXACT_HASH_MATCH	lines	34	lines	34	YES		VERIFIED_ACCESSIBLE	MANIFEST_METADATA_VERIFIED			PUBLIC_SAFE_METADATA	YES	NOT_YET	VERIFIED	NOT_STARTED	NOT_STARTED		Verified from canonical manifest and evidence inventory.
WD-SRC-098	NOTION	IDENTICAL_DUPLICATE_ALIAS	WD-SRC-078	SECRET_EXCLUDED	FORBIDDEN	[REDACTED_SECRET_NOTE]		[REDACTED_SECRET_NOTE]	md	[REDACTED]	[REDACTED]	EXACT_HASH_MATCH	lines	5	lines	5	YES		EXCLUDED_BY_SECURITY	MANIFEST_METADATA_VERIFIED	Identical content SHA256 match with WD-SRC-078		EXCLUDED_SECRET	YES	EXCLUDED	EXCLUDED	EXCLUDED	EXCLUDED		Verified from canonical manifest and evidence inventory.
WD-SRC-099	NOTION	ORIGINAL_SEMANTIC_SOURCE		PRESENTER_OR_OWNER_NOTES	SUPPLEMENTARY	Skrip 1ddde854621780fca3fbcc02ace2fba6.md		Skrip 1ddde854621780fca3fbcc02ace2fba6.md	md	d5f9944eaeefd2a5f2db6f1e259dd6a60fe7450e3a4cbbeee7165d00ece8ba70	d5f9944eaeefd2a5f2db6f1e259dd6a60fe7450e3a4cbbeee7165d00ece8ba70	EXACT_HASH_MATCH	lines	330	lines	330	YES		VERIFIED_ACCESSIBLE	MANIFEST_METADATA_VERIFIED			PUBLIC_SAFE_METADATA	YES	NOT_YET	VERIFIED	NOT_STARTED	NOT_STARTED		Verified from canonical manifest and evidence inventory.
WD-SRC-100	NOTION	ORIGINAL_SEMANTIC_SOURCE		PRESENTER_OR_OWNER_NOTES	SUPPLEMENTARY	Summary 285de8546217802eb416cee1aca3c29f.md		Summary 285de8546217802eb416cee1aca3c29f.md	md	fd644cc3272e3f85e26c674a13fa80a44fb3eb33f398d84f98d39fa69cda186b	fd644cc3272e3f85e26c674a13fa80a44fb3eb33f398d84f98d39fa69cda186b	EXACT_HASH_MATCH	lines	125	lines	125	YES		VERIFIED_ACCESSIBLE	MANIFEST_METADATA_VERIFIED			PUBLIC_SAFE_METADATA	YES	NOT_YET	VERIFIED	NOT_STARTED	NOT_STARTED		Verified from canonical manifest and evidence inventory.
WD-SRC-101	NOTION	ORIGINAL_SEMANTIC_SOURCE		PRESENTER_OR_OWNER_NOTES	SUPPLEMENTARY	Test 645ef996a2f144229b5cfed41016c9be.md		Test 645ef996a2f144229b5cfed41016c9be.md	md	034ad283878f3636a69581f0b86870564dfd2c0d6366b35cdfeb84e70908084a	034ad283878f3636a69581f0b86870564dfd2c0d6366b35cdfeb84e70908084a	EXACT_HASH_MATCH	lines	234	lines	234	YES		VERIFIED_ACCESSIBLE	MANIFEST_METADATA_VERIFIED			PUBLIC_SAFE_METADATA	YES	NOT_YET	VERIFIED	NOT_STARTED	NOT_STARTED		Verified from canonical manifest and evidence inventory.
WD-SRC-102	NOTION	ORIGINAL_SEMANTIC_SOURCE		PRESENTER_OR_OWNER_NOTES	SUPPLEMENTARY	Training c3ad656f8b4e433b9a918ce04183d397.md		Training c3ad656f8b4e433b9a918ce04183d397.md	md	301147571f2e278802400b99baa0844e5fec6933642c3ccc608509fc4d277c52	301147571f2e278802400b99baa0844e5fec6933642c3ccc608509fc4d277c52	EXACT_HASH_MATCH	lines	20	lines	20	YES		VERIFIED_ACCESSIBLE	MANIFEST_METADATA_VERIFIED			PUBLIC_SAFE_METADATA	YES	NOT_YET	VERIFIED	NOT_STARTED	NOT_STARTED		Verified from canonical manifest and evidence inventory.
WD-SRC-103	NOTION	ORIGINAL_SEMANTIC_SOURCE		PRESENTER_OR_OWNER_NOTES	SUPPLEMENTARY	Work 13fde85462178026a231eeb63ec903ca.md		Work 13fde85462178026a231eeb63ec903ca.md	md	e59461e2f28a01bbe46a9a4d54f730f0413d0d0fb1f6f211f4c02a8fc26c9041	e59461e2f28a01bbe46a9a4d54f730f0413d0d0fb1f6f211f4c02a8fc26c9041	EXACT_HASH_MATCH	lines	17	lines	17	YES		VERIFIED_ACCESSIBLE	MANIFEST_METADATA_VERIFIED			PUBLIC_SAFE_METADATA	YES	NOT_YET	VERIFIED	NOT_STARTED	NOT_STARTED		Verified from canonical manifest and evidence inventory.
WD-SRC-104	NOTION	OUT_OF_SCOPE		OUT_OF_SCOPE	NONE	Working Holiday Visa Aussie 14dde8546217803d994fcc1c0de3cccb.md		Working Holiday Visa Aussie 14dde8546217803d994fcc1c0de3cccb.md	md	[REDACTED]	[REDACTED]	EXACT_HASH_MATCH	lines	1548	lines	1548	YES		EXCLUDED_BY_SCOPE	MANIFEST_METADATA_VERIFIED			OUT_OF_SCOPE	YES	EXCLUDED	VERIFIED	EXCLUDED	EXCLUDED		Excluded from professional WorkDesk scope.
WD-SRC-105	NOTION	ORIGINAL_SEMANTIC_SOURCE		PRESENTER_OR_OWNER_NOTES	SUPPLEMENTARY	Workshop 284de854621780baa650e24357902e1c.md		Workshop 284de854621780baa650e24357902e1c.md	md	6daff53e9c4741c45014675b16d519f67b14e71f703b811db561b648336857b7	6daff53e9c4741c45014675b16d519f67b14e71f703b811db561b648336857b7	EXACT_HASH_MATCH	lines	131	lines	131	YES		VERIFIED_ACCESSIBLE	MANIFEST_METADATA_VERIFIED			PUBLIC_SAFE_METADATA	YES	NOT_YET	VERIFIED	NOT_STARTED	NOT_STARTED		Verified from canonical manifest and evidence inventory.
WD-SRC-106	NOTION	ORIGINAL_SEMANTIC_SOURCE		PRESENTER_OR_OWNER_NOTES	SUPPLEMENTARY	Wrap up materi assdp 284de854621780f489f6d7baf6f0b5e2.md		Wrap up materi assdp 284de854621780f489f6d7baf6f0b5e2.md	md	5d68d15e959798754dcb1f5081aa56943a9305d82f89ee5fcb416e9546e57254	5d68d15e959798754dcb1f5081aa56943a9305d82f89ee5fcb416e9546e57254	EXACT_HASH_MATCH	lines	759	lines	759	YES		VERIFIED_ACCESSIBLE	MANIFEST_METADATA_VERIFIED			PUBLIC_SAFE_METADATA	YES	NOT_YET	VERIFIED	NOT_STARTED	NOT_STARTED		Verified from canonical manifest and evidence inventory.
