source_id	corpus	display_path	extension	size_bytes	sha256	source_class	authority	confidence_role	raw_publication	units_type	units_total	sheet_names	text_chars	semantic_review	canonicalized
WD-SRC-001	ASSDP	Advanced/130. Petunjuk Pelaksanaan Final Project Training ASSDP - Advance 2025.pdf	pdf	1165283	d4b691acf430e6cd33bb5f7ef57e21058479abbb4d9c66840da352a869822230	ASSDP_PROGRAM_GUIDANCE	FORMAL_TRAINING_GUIDANCE	HIGH	DISTILL_PUBLIC_OK_RAW_HOLD	pages	4		0	NOT_YET	NO
WD-SRC-002	ASSDP	Advanced/Materi Training External/ASSDP Advance for AHM_7^09Okt2025.pdf	pdf	13482672	775527ae9e76fc495f5efa5eb91c1c3be21a1aee4f2f3aecaa5f3c1189c17611	EXTERNAL_EXPERT_CURRICULUM	FORMAL_EXTERNAL_TRAINING	HIGH_FOR_THEORY	DISTILL_PUBLIC_OK_RAW_HOLD	pages	152		23213	PARTIAL_SUBSTANTIVE	NO
WD-SRC-003	ASSDP	Advanced/Materi Training External/ASSDP Advance Tanadi Santoso Material.pdf	pdf	22729992	7a9e8f2bf1e8a5792a0fe427368d487765f907f5c714e9ffec46c671124458c3	EXTERNAL_EXPERT_CURRICULUM	FORMAL_EXTERNAL_TRAINING	HIGH_FOR_THEORY	DISTILL_PUBLIC_OK_RAW_HOLD	pages	104		17478	PARTIAL_SUBSTANTIVE	NO
WD-SRC-004	ASSDP	Advanced/Materi Training Internal/Materi - SPV Role - ko PET.pptx	pptx	7430387	69f92faedd189b466a64f1d54b71f9e7ca6418bedaa153f15e2262dcf754db29	ASSDP_FORMAL_CURRICULUM	FORMAL_HONDA_TRAINING	HIGH	DISTILL_PUBLIC_OK_RAW_HOLD	slides	10		2176	PARTIAL_SUBSTANTIVE	NO
WD-SRC-005	ASSDP	Advanced/Materi Training Internal/WRAPUP Materi - ASSDP Advance (RAR).pptx	pptx	16395116	9f0890b20ba163873526f409d267509f95c2f8030d5beba80d8b6f537e6ef2d7	ASSDP_FORMAL_CURRICULUM	FORMAL_HONDA_TRAINING	HIGH	DISTILL_PUBLIC_OK_RAW_HOLD	slides	80		20637	PARTIAL_SUBSTANTIVE	NO
WD-SRC-006	ASSDP	Advanced/SINSEN - Egit Aristo Randas- PENETRASI - ASSDP Advance 2026.pdf	pdf	4462058	450981643f33a85fe1a11f34271ea0c2f29e6082b8e0cd6c5250e54ccfe98f2c	OWNER_APPLIED_PROJECT	OWNER_DIRECT_ARTIFACT	HIGH	DISTILL_PUBLIC_OK_RAW_HOLD	pages	20		16114	PARTIAL_SUBSTANTIVE	NO
WD-SRC-007	ASSDP	Advanced/Tabel MS ASSDP.xlsx	xlsx	14452	c43e08a8a4dcac35b6a198a318f90ccbcfc3fb9e32d7228dce00cfacd0b9ab1a	ASSDP_FORMAL_CURRICULUM	FORMAL_HONDA_TRAINING	HIGH	DISTILL_PUBLIC_OK_RAW_HOLD	sheets	1	Sheet3		NOT_YET	NO
WD-SRC-008	ASSDP	Basic/40. Petunjuk Pelaksanaan Project Training ASSDP 2023 - Tahap 1.pdf	pdf	491658	7e2e0c3dadcc1f7ab1ecc76b0e00fde986144b244822dcfe2ea027384fffd40c	ASSDP_PROGRAM_GUIDANCE	FORMAL_TRAINING_GUIDANCE	HIGH	DISTILL_PUBLIC_OK_RAW_HOLD	pages	3		5048	NOT_YET	NO
WD-SRC-009	ASSDP	Basic/88. Petunjuk Pelaksanaan Project Presentation Training ASSDP #U2013 Tahap 2.pdf	pdf	517157	bae5c1f0e653de55b69a0f17fa254e4ecdaab53e81d67b28fcafc6938d3a9495	ASSDP_PROGRAM_GUIDANCE	FORMAL_TRAINING_GUIDANCE	HIGH	DISTILL_PUBLIC_OK_RAW_HOLD	pages	3		4313	NOT_YET	NO
WD-SRC-010	ASSDP	Basic/88. Petunjuk Pelaksanaan Project Presentation Training ASSDP - Tahap 2.pdf	pdf	517157	bae5c1f0e653de55b69a0f17fa254e4ecdaab53e81d67b28fcafc6938d3a9495	ASSDP_PROGRAM_GUIDANCE	FORMAL_TRAINING_GUIDANCE	HIGH	DISTILL_PUBLIC_OK_RAW_HOLD	pages	3		4313	NOT_YET	NO
WD-SRC-011	ASSDP	Basic/Egit Aristo Randas_Implementation Sales People Additional Incentives for Selected Dealer_ASSDP BASIC2023.pdf	pdf	2254747	1c78d5fc69644a6a4e2210cfcdef05b420715d565cad726f01800f8eb8988585	OWNER_APPLIED_PROJECT	OWNER_DIRECT_ARTIFACT	HIGH	DISTILL_PUBLIC_OK_RAW_HOLD	pages	18		7758	NOT_YET	NO
WD-SRC-012	ASSDP	Basic/Form penilaian presentasi project ASSDP 2023 - Copy.xlsx	xlsx	17406	7a890a884a326f9e38d96ead1ed7d8b13811cdff274b865ddae89de78f2895cd	ASSDP_PROGRAM_GUIDANCE	FORMAL_TRAINING_GUIDANCE	HIGH	DISTILL_PUBLIC_OK_RAW_HOLD	sheets	1	Sheet1		NOT_YET	NO
WD-SRC-013	ASSDP	Basic/Materi BWI/1 2 Interpersonal Skill ASSDP Basic.PDF	pdf	6083462	6ab34629283cc0778290d4907a108576072f9d0eba45443ab83e0d95e4a2ca22	BWI_CURRICULUM	FORMAL_EXTERNAL_TRAINING	HIGH_FOR_THEORY	DISTILL_PUBLIC_OK_RAW_HOLD	pages	40		5966	PARTIAL_SUBSTANTIVE	NO
WD-SRC-014	ASSDP	Basic/Materi BWI/4 Presentation Skill ASSDP Basic.PDF	pdf	9437397	10639600cb873863bd53de16b3aefad42f10d51ed65f5d91f698fbe4b187986b	BWI_CURRICULUM	FORMAL_EXTERNAL_TRAINING	HIGH_FOR_THEORY	DISTILL_PUBLIC_OK_RAW_HOLD	pages	40		4762	PARTIAL_SUBSTANTIVE	NO
WD-SRC-015	ASSDP	Basic/Materi BWI/Setting Goal_Time Management_RCA for AHM ASSDP Basic_7Juni2023.pdf	pdf	2724666	6768f46f2bdd7270ddf89dbdc682b3e4d10360257d56ed6fe49dc86f3cfae3d6	BWI_CURRICULUM	FORMAL_EXTERNAL_TRAINING	HIGH_FOR_THEORY	DISTILL_PUBLIC_OK_RAW_HOLD	pages	47		7488	PARTIAL_SUBSTANTIVE	NO
WD-SRC-016	ASSDP	Basic/Materi BWI/TS AHM ASSDP Basic.pdf	pdf	27270790	7ac65f916f9c92b2cf29e4cdf41825e1dd134a6c7ad4cc8989b7c3fa6b59bbe1	BWI_CURRICULUM	FORMAL_EXTERNAL_TRAINING	HIGH_FOR_THEORY	DISTILL_PUBLIC_OK_RAW_HOLD	pages	137		18511	PARTIAL_SUBSTANTIVE	NO
WD-SRC-017	ASSDP	Basic/Materi Internal/1. ASSDP Channel Management 2023.pptx	pptx	4565590	1e30f6df8d01e28230df42e2ba42583c52dca957ea8009409ebbfe0a851ec9af	ASSDP_FORMAL_CURRICULUM	FORMAL_HONDA_TRAINING	HIGH	DISTILL_PUBLIC_OK_RAW_HOLD	slides	27		4735	PARTIAL_SUBSTANTIVE	NO
WD-SRC-018	ASSDP	Basic/Materi Internal/10. Sales _ Stock Monitoring per Dealer.pptx	pptx	1244294	2dbf823a1b4177c31618df0718ce1fd12b98006034036ca580bda04dd9f293b3	ASSDP_FORMAL_CURRICULUM	FORMAL_HONDA_TRAINING	HIGH	DISTILL_PUBLIC_OK_RAW_HOLD	slides	12		2156	PARTIAL_SUBSTANTIVE	NO
WD-SRC-019	ASSDP	Basic/Materi Internal/11. Analisa Pricing _ FID-BA.pptx	pptx	1049471	7f63c659bbbc529b7679ed7e32baff7bd5ec84e37aa226ffdff3f52ee49df471	ASSDP_FORMAL_CURRICULUM	FORMAL_HONDA_TRAINING	HIGH	DISTILL_PUBLIC_OK_RAW_HOLD	slides	16		5335	PARTIAL_SUBSTANTIVE	NO
WD-SRC-020	ASSDP	Basic/Materi Internal/12. PICA.pptx	pptx	2799172	999dea815f1d9cd08f4464326aff1f034cd35eb1a89ffb75addad2b6174e9390	ASSDP_FORMAL_CURRICULUM	FORMAL_HONDA_TRAINING	HIGH	DISTILL_PUBLIC_OK_RAW_HOLD	slides	31		7518	PARTIAL_SUBSTANTIVE	NO
WD-SRC-021	ASSDP	Basic/Materi Internal/13. KPI Highlight - ASSDP Jun_23.pptx	pptx	4050372	c9ff4f1a3895b84797bf28a9d178fd5e832a3d164c2fe8ea80b9c74d07969ee8	ASSDP_FORMAL_CURRICULUM	FORMAL_HONDA_TRAINING	HIGH	DISTILL_PUBLIC_OK_RAW_HOLD	slides	16		1552	PARTIAL_SUBSTANTIVE	NO
WD-SRC-022	ASSDP	Basic/Materi Internal/14. My Hero - ASSDP 2023.pptx	pptx	10155127	c5e3ba7eb9a94d725c84b02f97478def42ff08dd2ae3b5a2c92e043dcd33f436	ASSDP_FORMAL_CURRICULUM	FORMAL_HONDA_TRAINING	HIGH	DISTILL_PUBLIC_OK_RAW_HOLD	slides	17		6749	PARTIAL_SUBSTANTIVE	NO
WD-SRC-023	ASSDP	Basic/Materi Internal/15. INS ASSDP.pptx	pptx	1083695	db9bbe35b2fff0e2b1b28d54180dccfb52f7c05ddf1ceab6b18ae88db4213275	ASSDP_FORMAL_CURRICULUM	FORMAL_HONDA_TRAINING	HIGH	DISTILL_PUBLIC_OK_RAW_HOLD	slides	12		6516	PARTIAL_SUBSTANTIVE	NO
WD-SRC-024	ASSDP	Basic/Materi Internal/15. NOS ASSDP.pptx	pptx	2945496	51f8ce0041127cbdc2380b1fc96154d988dc966f3277dab7cfbf5bbb67ae940a	ASSDP_FORMAL_CURRICULUM	FORMAL_HONDA_TRAINING	HIGH	DISTILL_PUBLIC_OK_RAW_HOLD	slides	16		5973	PARTIAL	NO
WD-SRC-025	ASSDP	Basic/Materi Internal/15. TTM ASSDP.pptx	pptx	8297188	e4bbe0b94bed97f905abe1a2817fcab537b0bded29f18b685a4ce76f58a202ec	ASSDP_FORMAL_CURRICULUM	FORMAL_HONDA_TRAINING	HIGH	DISTILL_PUBLIC_OK_RAW_HOLD	slides	28		3533	PARTIAL_SUBSTANTIVE	NO
WD-SRC-026	ASSDP	Basic/Materi Internal/2. ASSDP Basic - PDCA.pptx	pptx	2919910	7ed4e6545e05812fbabe943e9a5c23c480fc9d2d8440bf7845b8e0ebf5074612	ASSDP_FORMAL_CURRICULUM	FORMAL_HONDA_TRAINING	HIGH	DISTILL_PUBLIC_OK_RAW_HOLD	slides	10		2989	PARTIAL_SUBSTANTIVE	NO
WD-SRC-027	ASSDP	Basic/Materi Internal/3-6. ASSDP Breakdown target, form dealer review _ TTFU, Targetting _ Forecasting dan komposisi DP .pptx	pptx	4098908	ea8bb19154f7262ad240933b0c0ecffa01e9169207560f2934a54293728ca630	ASSDP_FORMAL_CURRICULUM	FORMAL_HONDA_TRAINING	HIGH	DISTILL_PUBLIC_OK_RAW_HOLD	slides	39		8626	PARTIAL_SUBSTANTIVE	NO
WD-SRC-028	ASSDP	Basic/Materi Internal/7. Demand Management _ Recovery Rate.pptx	pptx	2888307	1faab59cba2c176ac5e500a6deae60da3dcc2aa4afcc28f9461baa02fd15da89	ASSDP_FORMAL_CURRICULUM	FORMAL_HONDA_TRAINING	HIGH	DISTILL_PUBLIC_OK_RAW_HOLD	slides	31		8835	PARTIAL_SUBSTANTIVE	NO
WD-SRC-029	ASSDP	Basic/Materi Internal/8. Management Visit Guidance.pptx	pptx	3042468	07437a9a0267534d7c4075c188b2e9d2075cf5849d053911ed76d287de9a0eb9	ASSDP_FORMAL_CURRICULUM	FORMAL_HONDA_TRAINING	HIGH	DISTILL_PUBLIC_OK_RAW_HOLD	slides	28		9039	PARTIAL_SUBSTANTIVE	NO
WD-SRC-030	ASSDP	Basic/Materi Internal/9. Niguri AHM.pptx	pptx	456287	ae4580ed1d5fee7498c712beb280e11783022579255cf4cc449460f05eeab490	ASSDP_FORMAL_CURRICULUM	FORMAL_HONDA_TRAINING	HIGH	DISTILL_PUBLIC_OK_RAW_HOLD	slides	11		2449	PARTIAL_SUBSTANTIVE	NO
WD-SRC-031	ASSDP	Basic/Materi Internal/Materi/AUM 191023.pdf	pdf	15683444	8ddc1a1e2f997f266da1b197fe168da235b9a69049f14c59c444e233b71fb22f	ASSDP_FORMAL_CURRICULUM	FORMAL_HONDA_TRAINING	HIGH	DISTILL_PUBLIC_OK_RAW_HOLD	pages	15		6927	NOT_YET	NO
WD-SRC-032	ASSDP	Basic/Materi Internal/Materi/FINAL 19-10-2023 ASSDP MD SHARING.pdf	pdf	5413573	b5a7bec8935e7d1dd6a3120da9d9326b9263e568288b6e660c9ff9abb7fa0d4f	ASSDP_FORMAL_CURRICULUM	FORMAL_HONDA_TRAINING	HIGH	DISTILL_PUBLIC_OK_RAW_HOLD	pages	28		18842	NOT_YET	NO
WD-SRC-033	ASSDP	Basic/Materi Internal/Materi/FINAL 19-10-2023 LOL BALI.pdf	pdf	2620045	33e622d42be7464ec14762412f58178b5493a0739b71caabb0f56f7d19318ae0	ASSDP_FORMAL_CURRICULUM	FORMAL_HONDA_TRAINING	HIGH	DISTILL_PUBLIC_OK_RAW_HOLD	pages	16		5844	NOT_YET	NO
WD-SRC-034	ASSDP	Basic/Materi Internal/Materi/FINAL 19-10-2023 SPV AREA SHARING.pdf	pdf	3287888	28670165e9b701aac4d41b287a66b8dcc6b23526594b741528ebfc0628330642	ASSDP_FORMAL_CURRICULUM	FORMAL_HONDA_TRAINING	HIGH	DISTILL_PUBLIC_OK_RAW_HOLD	pages	13		6031	NOT_YET	NO
WD-SRC-035	ASSDP	Basic/Materi Internal/Materi/Leading Change AHM Harris Seminyak Handout.pdf	pdf	13157159	05fe20f34525e3aed384d3b967ab2e27ab1002a445b4ec9e17688ad5b5d2de3f	ASSDP_FORMAL_CURRICULUM	FORMAL_HONDA_TRAINING	HIGH	DISTILL_PUBLIC_OK_RAW_HOLD	pages	55		5903	NOT_YET	NO
WD-SRC-036	ASSDP	Basic/Materi Internal/txt/1. ASSDP Channel Management 2023.txt	txt	12537	006b65e4e4278fd314aef3f8753bb49af4b127b7bfe9e6c6258f7f1f445817e0	ASSDP_FORMAL_CURRICULUM	FORMAL_HONDA_TRAINING	HIGH	DISTILL_PUBLIC_OK_RAW_HOLD	lines	309		12221	NOT_YET	NO
WD-SRC-037	ASSDP	Basic/Materi Internal/txt/10.-Sales-_-Stock-Monitoring-per-Dealer.txt	txt	4660	27800fc5dd31e9be74f23d0d46252c620cc6bce914d58abb3b2edab8e96f659a	ASSDP_FORMAL_CURRICULUM	FORMAL_HONDA_TRAINING	HIGH	DISTILL_PUBLIC_OK_RAW_HOLD	lines	114		4511	NOT_YET	NO
WD-SRC-038	ASSDP	Basic/Materi Internal/txt/11. Analisa Pricing _ FID-BA.txt	txt	5833	20e07f5921819709bb56605d58bbda85fcef82a87aed457874eaa01423086b46	ASSDP_FORMAL_CURRICULUM	FORMAL_HONDA_TRAINING	HIGH	DISTILL_PUBLIC_OK_RAW_HOLD	lines	231		5718	NOT_YET	NO
WD-SRC-039	ASSDP	Basic/Materi Internal/txt/12. PICA.txt	txt	8237	774db657a1374a8ca1982fe9458d63a73f9dba77b4dd07641114d1e23a60ec33	ASSDP_FORMAL_CURRICULUM	FORMAL_HONDA_TRAINING	HIGH	DISTILL_PUBLIC_OK_RAW_HOLD	lines	468		8109	NOT_YET	NO
WD-SRC-040	ASSDP	Basic/Materi Internal/txt/13. KPI Highlight - ASSDP Jun_23.txt	txt	3214	3ed2f37ae8716d47f6e8c5522eee9c37ccf9d9ccb17c12380ee3c9e43f526666	ASSDP_FORMAL_CURRICULUM	FORMAL_HONDA_TRAINING	HIGH	DISTILL_PUBLIC_OK_RAW_HOLD	lines	222		3142	NOT_YET	NO
WD-SRC-041	ASSDP	Basic/Materi Internal/txt/14.-My-Hero-ASSDP-2023.txt	txt	17710	8298f85f441958b588eea4c3eb21fd97eae42d1f70b33b1b4a58539106809050	ASSDP_FORMAL_CURRICULUM	FORMAL_HONDA_TRAINING	HIGH	DISTILL_PUBLIC_OK_RAW_HOLD	lines	304		17373	NOT_YET	NO
WD-SRC-042	ASSDP	Basic/Materi Internal/txt/15.-INS-ASSDP.txt	txt	13745	422a22dc3104fee8e4a19ce1ba5bc4462d322241d80b450edecb2ec04c8785a1	ASSDP_FORMAL_CURRICULUM	FORMAL_HONDA_TRAINING	HIGH	DISTILL_PUBLIC_OK_RAW_HOLD	lines	225		13331	NOT_YET	NO
WD-SRC-043	ASSDP	Basic/Materi Internal/txt/15.-NOS-ASSDP.txt	txt	15620	e6869533f3c7ff4124479d78b6c26630527aa06f772c69caec7015a8659272b8	ASSDP_FORMAL_CURRICULUM	FORMAL_HONDA_TRAINING	HIGH	DISTILL_PUBLIC_OK_RAW_HOLD	lines	263		15292	NOT_YET	NO
WD-SRC-044	ASSDP	Basic/Materi Internal/txt/15.-TTM-ASSDP.txt	txt	24976	92f92f0f8b854387337cbed1e9e6e3416df536595add4ef60369909bcc92f7b0	ASSDP_FORMAL_CURRICULUM	FORMAL_HONDA_TRAINING	HIGH	DISTILL_PUBLIC_OK_RAW_HOLD	lines	349		24618	NOT_YET	NO
WD-SRC-045	ASSDP	Basic/Materi Internal/txt/2. ASSDP Basic - PDCA.txt	txt	5869	7384cf5e21f8d0e14f64186f8d043a56589755fdaf9c3491bb907288ac7dc689	ASSDP_FORMAL_CURRICULUM	FORMAL_HONDA_TRAINING	HIGH	DISTILL_PUBLIC_OK_RAW_HOLD	lines	133		5711	NOT_YET	NO
WD-SRC-046	ASSDP	Basic/Materi Internal/txt/3-6. ASSDP Breakdown target, form dealer review _ TTFU, Targetting _ Forecasting dan komposisi DP .txt	txt	9349	7e92d1a9527d7efd1cb74c0d412600c237fb2b5f3f07ae6e65b5e1d44f4870ce	ASSDP_FORMAL_CURRICULUM	FORMAL_HONDA_TRAINING	HIGH	DISTILL_PUBLIC_OK_RAW_HOLD	lines	494		9301	NOT_YET	NO
WD-SRC-047	ASSDP	Basic/Materi Internal/txt/7.-Demand-Management-_-Recovery-Rate.txt	txt	32074	d53f29feb0940a6f466ade075b5b9e70a7b81723719a01fbf0ecebabe5f983e8	ASSDP_FORMAL_CURRICULUM	FORMAL_HONDA_TRAINING	HIGH	DISTILL_PUBLIC_OK_RAW_HOLD	lines	545		31256	NOT_YET	NO
WD-SRC-048	ASSDP	Basic/Materi Internal/txt/8.-Management-Visit-Guidance.txt	txt	12356	428680ca9970d534e9102dbe9209cdeb7c9e931b2f10b9190c008c039c864abe	ASSDP_FORMAL_CURRICULUM	FORMAL_HONDA_TRAINING	HIGH	DISTILL_PUBLIC_OK_RAW_HOLD	lines	280		11687	NOT_YET	NO
WD-SRC-049	ASSDP	Basic/Materi Internal/txt/9.-Niguri-AHM.txt	txt	4729	93d1f189f9d9996347123074e9660379c0e522dc880c39e5fcf35f69a1aefb95	ASSDP_FORMAL_CURRICULUM	FORMAL_HONDA_TRAINING	HIGH	DISTILL_PUBLIC_OK_RAW_HOLD	lines	111		4589	NOT_YET	NO
WD-SRC-050	ASSDP	Basic/Materi Project ASSDP.pptx	pptx	10845101	8da630403a2e6949a5be43be1e0bdd28608471059f9e2a613a186242b2bc273a	ASSDP_FORMAL_CURRICULUM	FORMAL_HONDA_TRAINING	HIGH	DISTILL_PUBLIC_OK_RAW_HOLD	slides	101		24126	NOT_YET	NO
WD-SRC-051	ASSDP	Basic/Project ASSDP Level Basic Tahap 1 by Egit Aristo Randas.pdf	pdf	4761575	971fc6b70b601fd2f018acc8d81ef07f7b85c882892de19ae4c341010bf05cff	OWNER_APPLIED_PROJECT	OWNER_DIRECT_ARTIFACT	HIGH	DISTILL_PUBLIC_OK_RAW_HOLD	pages	20		10402	NOT_YET	NO
WD-SRC-052	ASSDP	Intermediate/118. Petunjuk Pelaksanaan Final Project Training ASSDP Intermediate (1).pdf	pdf	131963	eedbf2b05f8c3e156e873b5da3026466802320194f1508a751d638d4954c58a4	ASSDP_PROGRAM_GUIDANCE	FORMAL_TRAINING_GUIDANCE	HIGH	DISTILL_PUBLIC_OK_RAW_HOLD	pages	2		3984	NOT_YET	NO
WD-SRC-053	ASSDP	Intermediate/ASSDP Intemediate 2024 (1).pdf	pdf	4169602	67947cff21f53b74aa19b8d82f76c4edc7ac654973c6e0a586de282e99e65fd9	ASSDP_FORMAL_CURRICULUM	FORMAL_HONDA_TRAINING	HIGH	DISTILL_PUBLIC_OK_RAW_HOLD	pages	5		155	NOT_YET	NO
WD-SRC-054	ASSDP	Intermediate/ASSDP INTERMEDIATE CLOSING.pptx	pptx	195877	dc34837182340254a5bcbaa00744081590d11516219d27167f9a2d36ef97a91b	ASSDP_FORMAL_CURRICULUM	FORMAL_HONDA_TRAINING	HIGH	DISTILL_PUBLIC_OK_RAW_HOLD	slides	4		517	NOT_YET	NO
WD-SRC-055	ASSDP	Intermediate/Business Case ASSDP (1).xlsx	xlsx	40392	31c065b9c5b1cad5d13177a8b651ed7db7d2aba0a66c6401311e2aa8a467b895	ASSDP_FORMAL_CURRICULUM	FORMAL_HONDA_TRAINING	HIGH	DISTILL_PUBLIC_OK_RAW_HOLD	sheets	6	Guide | Market | Forecasting | Target per Tipe | Target per Dealer | Activity		NOT_YET	NO
WD-SRC-056	ASSDP	Intermediate/Form Dealer Review (1).xlsx	xlsx	3680067	ecec5985765dd690e8a69df438146396294200623f383e7d72c168f311bc3a35	ASSDP_FORMAL_CURRICULUM	FORMAL_HONDA_TRAINING	HIGH	DISTILL_PUBLIC_OK_RAW_HOLD	sheets	22	Data | Dealer Profile | Target & Forecasting | Map Area | Potensi | Market | Remunerasi | Struk. Org | Act Plan | Sls Tipe | Niguri | Sls SS | Sls SF | H Act. | Ev. BTL | H. ATL | Comp | RO | TTM | Action Plan | rekapan 3 on 3 | TTFU		NOT_YET	NO
WD-SRC-057	ASSDP	Intermediate/H1_Studi Kasus ASSDP Intemediate.pptx	pptx	15084954	d042ea3bea7103a87b0fceb579bb4174da02af7133d55868ca14c8190168980a	ASSDP_FORMAL_CURRICULUM	FORMAL_HONDA_TRAINING	HIGH	DISTILL_PUBLIC_OK_RAW_HOLD	slides	43		7900	PARTIAL_SUBSTANTIVE	NO
WD-SRC-058	ASSDP	Intermediate/HC3_Workshop CRM (4 Sep 2024) (1).pptx	pptx	3434813	8a87a9e7ef2fef7a4a8c0829e04120962a41d4be46f6cedd8ef3668fbe81e9bc	ASSDP_FORMAL_CURRICULUM	FORMAL_HONDA_TRAINING	HIGH	DISTILL_PUBLIC_OK_RAW_HOLD	slides	13		9739	PARTIAL_SUBSTANTIVE	NO
WD-SRC-059	ASSDP	Intermediate/Materi Day 1 _ Negotiation and Be a Great Problem Solver_for AHM_ASSDP_AI_2Sept2024.pdf	pdf	4401738	86aabbca4bfcc33042e4a83f17c8e506c69f0c3818e8b445b6ce85024ae1d89a	ASSDP_FORMAL_CURRICULUM	FORMAL_HONDA_TRAINING	HIGH	DISTILL_PUBLIC_OK_RAW_HOLD	pages	91		16607	PARTIAL_SUBSTANTIVE	NO
WD-SRC-060	ASSDP	Intermediate/Materi Day 2 - ASSDP Intermediate.pdf	pdf	6406881	1a5c212b8df58abc23a5d18a562cde7a7f631cd26fe8a888f9843d39a01663b9	ASSDP_FORMAL_CURRICULUM	FORMAL_HONDA_TRAINING	HIGH	DISTILL_PUBLIC_OK_RAW_HOLD	pages	121		6812	PARTIAL_SUBSTANTIVE	NO
WD-SRC-061	ASSDP	Intermediate/Strategic Winning AT High Through Boosting Brand Awareness.pdf	pdf	3917113	0cc1ae144c2aa12d2bccf696fb816ab586eb8d0e3938c7d05ebfadc2b4dd38a6	OWNER_APPLIED_PROJECT	OWNER_DIRECT_ARTIFACT	HIGH	DISTILL_PUBLIC_OK_RAW_HOLD	pages	13		15534	PARTIAL_SUBSTANTIVE	NO
WD-SRC-062	DIRECT_UPLOAD	00. Checklist 2026_Before After Comparison (send MD).xlsx	xlsx	450310	75be6ec2cccba747754c8d447279848c8ff4e49a5ffa47ef6e398995beef1265	NOS_2026_CURRENT	CURRENT_OFFICIAL_NETWORK_STANDARD	VERY_HIGH	DISTILL_PUBLIC_OK_RAW_HOLD	sheets	7	Guidance | H1 Premises | H1 Process | H1 People | H23 Premises | H23 Process | H23 People		PARTIAL_SUBSTANTIVE	NO
WD-SRC-063	DIRECT_UPLOAD	01. Checklist 2026_Final - BigWing.xlsx	xlsx	284721	60ec085bbdd03795b0c8df53101a528b5e0d301451bdfdd4744b1ea369323015	NOS_2026_CURRENT	CURRENT_OFFICIAL_NETWORK_STANDARD	VERY_HIGH	DISTILL_PUBLIC_OK_RAW_HOLD	sheets	8	Guidance | H1 Premises | H1 Process | H1 People | H23 Premises | H23 Process | H23 People | Result Summary		PARTIAL_SUBSTANTIVE	NO
WD-SRC-064	DIRECT_UPLOAD	02. Checklist 2023 Regular H123.xlsx	xlsx	7092796	68703d69a98823d43a8e0fd60762ff36c7da14cfeb4dd6d5373b4f7fd8682372	NOS_2023_HISTORICAL	HISTORICAL_OFFICIAL_REFERENCE	HIGH_HISTORICAL	DISTILL_PUBLIC_OK_RAW_HOLD	sheets	8	H1 Premises | H1 People | H1 Process | H23 Premises | H23 People | H23 Process | kriteria | Result Summary		NOT_YET	NO
WD-SRC-065	DIRECT_UPLOAD	02. Checklist 2026_Final - Wing.xlsx	xlsx	273500	fdceb9168f84893981c66f57526e22eea1ea6710f099f16c496d516c67ff7d62	NOS_2026_CURRENT	CURRENT_OFFICIAL_NETWORK_STANDARD	VERY_HIGH	DISTILL_PUBLIC_OK_RAW_HOLD	sheets	8	Guidance | H1 Premises | H1 Process | H1 People | H23 Premises | H23 Process | H23 People | Result Summary		PARTIAL_SUBSTANTIVE	NO
WD-SRC-066	DIRECT_UPLOAD	03. Checklist 2026_Final - Regular H123.xlsx	xlsx	331853	88e247217ee7f74d47fa2e34ec20dac589e8555c21516d1ccbb1cc5e87d8e0ab	NOS_2026_CURRENT	CURRENT_OFFICIAL_NETWORK_STANDARD	VERY_HIGH	DISTILL_PUBLIC_OK_RAW_HOLD	sheets	8	Guidance | H1 Premises | H1 Process | H1 People | H23 Premises | H23 Process | H23 People | Result Summary		PARTIAL_SUBSTANTIVE	NO
WD-SRC-067	DIRECT_UPLOAD	04. Checklist 2026_Final - Regular H1.xlsx	xlsx	182936	d1686a5a48d31f13d946acb03415431eaa9b2a988983787e21da6033132ccbe8	NOS_2026_CURRENT	CURRENT_OFFICIAL_NETWORK_STANDARD	VERY_HIGH	DISTILL_PUBLIC_OK_RAW_HOLD	sheets	5	Guidance | H1 Premises | H1 Process | H1 People | Result Summary		PARTIAL_SUBSTANTIVE	NO
WD-SRC-068	DIRECT_UPLOAD	05. Checklist 2026_Final - AHASS H23.xlsx	xlsx	175772	fa2087b9fd36cc44ef813f62e56bc574a86a431352fe28ef85051226bbf44701	NOS_2026_CURRENT	CURRENT_OFFICIAL_NETWORK_STANDARD	VERY_HIGH	DISTILL_PUBLIC_OK_RAW_HOLD	sheets	5	Guidance | H23 Premises | H23 Process | H23 People | Result Summary		PARTIAL_SUBSTANTIVE	NO
WD-SRC-069	DIRECT_UPLOAD	06. NOS POS 2026.xlsx	xlsx	46280	49043501ffd64e19b763f494c834c2e17ea0a9e70f289d01ede875538d625006	NOS_2026_CURRENT	CURRENT_OFFICIAL_NETWORK_STANDARD	VERY_HIGH	DISTILL_PUBLIC_OK_RAW_HOLD	sheets	4	Checklist H1 | Checklist H2 | H1 Format Ceklis | H23 Format Ceklis		PARTIAL_SUBSTANTIVE	NO
WD-SRC-070	DIRECT_UPLOAD	07. NOS BTL 2026.xlsx	xlsx	111279	f265f03458c498c002aad1221e3546799a0b925e2940a3ebe4b8a9989541983c	NOS_2026_CURRENT	CURRENT_OFFICIAL_NETWORK_STANDARD	VERY_HIGH	DISTILL_PUBLIC_OK_RAW_HOLD	sheets	2	H1 | H23		PARTIAL_SUBSTANTIVE	NO
WD-SRC-071	DIRECT_UPLOAD	15. NOS ASSDP.pptx	pptx	2945496	51f8ce0041127cbdc2380b1fc96154d988dc966f3277dab7cfbf5bbb67ae940a	NOS_2023_HISTORICAL	HISTORICAL_OFFICIAL_REFERENCE	HIGH_HISTORICAL	DISTILL_PUBLIC_OK_RAW_HOLD	slides	16		5973	PARTIAL_SUBSTANTIVE	NO
WD-SRC-072	DIRECT_UPLOAD	Checlist NOS 2026 H1 Premises Dealer.xlsx	xlsx	113717	15dda5218cd76d4a62be7e9ccd9767ba8075e5e0cc30f56270cb5d9856cdb18b	NOS_2026_CURRENT	CURRENT_OFFICIAL_NETWORK_STANDARD	VERY_HIGH	DISTILL_PUBLIC_OK_RAW_HOLD	sheets	2	H1 Premises Dealer H123 | H1 Premises Dealer H1		PARTIAL_SUBSTANTIVE	NO
WD-SRC-073	DIRECT_UPLOAD	ND Plan & Reshape Review_Sinsen 2026.pptx	pptx	40411827	8e8f5e9a3b2d8c0aba3cb3f4e1dc0faed3811ddb6d17342202d9c19facb01279	ND_PLAN_RESHAPE_2026	CURRENT_INTERNAL_STRATEGY_REFERENCE	VERY_HIGH	DISTILL_PUBLIC_OK_RAW_HOLD	slides	64		25950	PARTIAL_SUBSTANTIVE	NO
WD-SRC-074	DIRECT_UPLOAD	Pasted markdown.md	md	10629	43f1f2c5e59fa5529468b48f06b8deede685fd7cb4327884cbac175d48f16955	CHAT_MEMORY_DISCOVERY	DISCOVERY_ONLY	LOW	DISTILL_ONLY_AFTER_OWNER_CONFIRMATION	lines	757		10609	NOT_YET	NO
WD-SRC-075	NOTION	5 Weapon Of Influence 285de854621780b3894bc70ae9edb718.md	md	36034	ff09e5179a6e3eb1a00fc33807f3e559caa32fd5cce4924eb3c7013436124de0	PRESENTER_OR_OWNER_NOTES	SUPPLEMENTARY	LOW_TO_MEDIUM	DISTILL_AFTER_RECONCILIATION_RAW_HOLD	lines	713		35542	NOT_YET	NO
WD-SRC-076	NOTION	9 Minutes 9 Slides 285de85462178075b929e19d2f415573.md	md	12699	8afde4868a958bcac9518bd26a771ff4a53f5978a33cf1e1af4131578519eefa	PRESENTER_OR_OWNER_NOTES	SUPPLEMENTARY	LOW_TO_MEDIUM	DISTILL_AFTER_RECONCILIATION_RAW_HOLD	lines	284		12470	NOT_YET	NO
WD-SRC-077	NOTION	AHM efa3ada8accd495faa800193d72c6893.md	md	111177	718b0d9e8c9e08c873173632ae2597fd8e73d616ae69a41e51245828333386f5	PRESENTER_OR_OWNER_NOTES	SUPPLEMENTARY	LOW_TO_MEDIUM	DISTILL_AFTER_RECONCILIATION_RAW_HOLD	lines	972		111157	NOT_YET	NO
WD-SRC-078	NOTION	[REDACTED_SECRET_NOTE]	md	112	[REDACTED]	SECRET_EXCLUDED	FORBIDDEN	EXCLUDE	NEVER_PUBLISH_RAW	lines	6		112	EXCLUDED	NO
WD-SRC-079	NOTION	ASSDP Advance 284de854621780dca204c6ec00b7e3ad.md	md	10330	033b398bd9a2c3c73cec68748540cee5f4c38d5c24b35e04f83eed4a62aef860	PRESENTER_OR_OWNER_NOTES	SUPPLEMENTARY	LOW_TO_MEDIUM	DISTILL_AFTER_RECONCILIATION_RAW_HOLD	lines	202		10304	NOT_YET	NO
WD-SRC-080	NOTION	ASSDP Intermediate f2b38f764c394383a08a8b4f912c8174.md	md	332	6a571760ab1f4fe15fae03a6ff46f15485538a5bd6b880b0776a3b52ad883f71	PRESENTER_OR_OWNER_NOTES	SUPPLEMENTARY	LOW_TO_MEDIUM	DISTILL_AFTER_RECONCILIATION_RAW_HOLD	lines	11		332	NOT_YET	NO
WD-SRC-081	NOTION	BWI 285de8546217800cb9f8c38666c11b67.md	md	102824	5b4ce82a461bfff88d2926a303a8aa1605c4496ada499d1273b49bfacc437295	PRESENTER_OR_OWNER_NOTES	SUPPLEMENTARY	LOW_TO_MEDIUM	DISTILL_AFTER_RECONCILIATION_RAW_HOLD	lines	1843		102055	NOT_YET	NO
WD-SRC-082	NOTION	BWI c68a6699daba4d2bb6ccfff822456f66.md	md	71966	98b656fd0064c071cc7ff6f015eb7aa20f98cb8800955657c0b2daa9e69e4eac	PRESENTER_OR_OWNER_NOTES	SUPPLEMENTARY	LOW_TO_MEDIUM	DISTILL_AFTER_RECONCILIATION_RAW_HOLD	lines	1793		71899	NOT_YET	NO
WD-SRC-083	NOTION	Change Management 286de854621780a4a9acc9ebb345d1db.md	md	17698	066d4270393aecee9e09c13fcf51b90d14d918835d00ca99647fd00e1f084d37	PRESENTER_OR_OWNER_NOTES	SUPPLEMENTARY	LOW_TO_MEDIUM	DISTILL_AFTER_RECONCILIATION_RAW_HOLD	lines	289		17500	NOT_YET	NO
WD-SRC-084	NOTION	Data Analytics 19dde8546217807e8f50f06cff3fb851.md	md	173523	03ebf0c69a57bc5bf56a76ab399d98e975041fd27de9fbf7b26e05b37d2c5bca	PRESENTER_OR_OWNER_NOTES	SUPPLEMENTARY	LOW_TO_MEDIUM	DISTILL_AFTER_RECONCILIATION_RAW_HOLD	lines	1837		173022	NOT_YET	NO
WD-SRC-085	NOTION	Final Project Presentation 108de85462178023b2e5d7eff76fc8da.md	md	90659	8281e57ff70dea5cecdf0d46b7f4624aa9d53038255326ffb8bf1cf8f6a65416	PRESENTER_OR_OWNER_NOTES	SUPPLEMENTARY	LOW_TO_MEDIUM	DISTILL_AFTER_RECONCILIATION_RAW_HOLD	lines	1741		90556	NOT_YET	NO
WD-SRC-086	NOTION	Final Project Presentation Breakthrough Strategy & 160de85462178026b9b6dd149983e583.md	md	3750	09e25b9b05d8ed91fb38c0b7d994532a3533e043cc6a4bdc213b21cab6a4fdba	PRESENTER_OR_OWNER_NOTES	SUPPLEMENTARY	LOW_TO_MEDIUM	DISTILL_AFTER_RECONCILIATION_RAW_HOLD	lines	75		3750	NOT_YET	NO
WD-SRC-087	NOTION	Focus on Your Customer 286de854621780f0bddfe35c65143096.md	md	24927	8131c7bdd8a08ec4bec541f68a380e9079445ecd9679f428466fa5977d6445e3	PRESENTER_OR_OWNER_NOTES	SUPPLEMENTARY	LOW_TO_MEDIUM	DISTILL_AFTER_RECONCILIATION_RAW_HOLD	lines	426		24691	NOT_YET	NO
WD-SRC-088	NOTION	How to Good SPV 284de8546217803e8df1e64c534f4725.md	md	41551	65faca19ab2f9a4ccbc3ba461f98e5f62c6ce0dcb9308e4dac77a797a88284df	PRESENTER_OR_OWNER_NOTES	SUPPLEMENTARY	LOW_TO_MEDIUM	DISTILL_AFTER_RECONCILIATION_RAW_HOLD	lines	794		41297	NOT_YET	NO
WD-SRC-089	NOTION	Leader as Coach 285de8546217801fb244cc465552a1d9.md	md	44651	6e69df979b3e64fc5874833b29c17370c47790c984b68c30c4ad8308364bbcd6	PRESENTER_OR_OWNER_NOTES	SUPPLEMENTARY	LOW_TO_MEDIUM	DISTILL_AFTER_RECONCILIATION_RAW_HOLD	lines	1021		44019	NOT_YET	NO
WD-SRC-090	NOTION	Network Assisting Program (NAP) 197de854621780fa8940dc8f8705c324.md	md	33	4bde2685e7cb9f3ce850f91564ae9024acd8a96b2eec9c4783fef19a5288d7c4	PRESENTER_OR_OWNER_NOTES	SUPPLEMENTARY	LOW_TO_MEDIUM	DISTILL_AFTER_RECONCILIATION_RAW_HOLD	lines	1		33	NOT_YET	NO
WD-SRC-091	NOTION	NHDP 13cde8546217809fbff8fd050c0ada94.md	md	43829	d251eb02e273e41622e69d8fcaaf61c160bda7aeb0fb44986e558dca637739a4	PRESENTER_OR_OWNER_NOTES	SUPPLEMENTARY	LOW_TO_MEDIUM	DISTILL_AFTER_RECONCILIATION_RAW_HOLD	lines	561		43467	NOT_YET	NO
WD-SRC-092	NOTION	NPS 286de854621780b89eadfbf5a9978704.md	md	7508	599b328c1513ccabed3a2d50dd7cc46fd5cce58a1a1e1a354485fb4c666282d0	PRESENTER_OR_OWNER_NOTES	SUPPLEMENTARY	LOW_TO_MEDIUM	DISTILL_AFTER_RECONCILIATION_RAW_HOLD	lines	125		7356	NOT_YET	NO
WD-SRC-093	NOTION	Organizational Development 286de85462178012b249c4e93d559cc2.md	md	10077	e341d0590c46d2268e62bd5737b33db79179465a54f724d1d75f3641b301a599	PRESENTER_OR_OWNER_NOTES	SUPPLEMENTARY	LOW_TO_MEDIUM	DISTILL_AFTER_RECONCILIATION_RAW_HOLD	lines	195		9981	NOT_YET	NO
WD-SRC-094	NOTION	Power of Moments 286de854621780c28241e5e09a463375.md	md	29734	c2a1ae36b68a10069625382c563007231c29ab7ac4cdf0765d89626f4393402a	PRESENTER_OR_OWNER_NOTES	SUPPLEMENTARY	LOW_TO_MEDIUM	DISTILL_AFTER_RECONCILIATION_RAW_HOLD	lines	558		29358	NOT_YET	NO
WD-SRC-095	NOTION	Presentation in Action 285de854621780f58cbdfb02ae67ffb9.md	md	24220	b481fc14e86382cab46dac03d2e7c00cb709c78291285e90f9e8b72ae7a2dfe2	PRESENTER_OR_OWNER_NOTES	SUPPLEMENTARY	LOW_TO_MEDIUM	DISTILL_AFTER_RECONCILIATION_RAW_HOLD	lines	655		23896	NOT_YET	NO
WD-SRC-096	NOTION	Project Dashboard Sales Power BI 1bdde854621780f881a9e60c65836e63.md	md	2842	02cc3fcfa6f97ce7f89692b01eead007c1789d7aa0d2c602ebbf6a7494fdfe10	PRESENTER_OR_OWNER_NOTES	SUPPLEMENTARY	LOW_TO_MEDIUM	DISTILL_AFTER_RECONCILIATION_RAW_HOLD	lines	55		2842	NOT_YET	NO
WD-SRC-097	NOTION	Reshape 317de8546217800a9a63e12937400d72.md	md	2361	11ab36c28f921e2767dedabfccec08e04618d58d3a7914e23480c4504af4d174	PRESENTER_OR_OWNER_NOTES	SUPPLEMENTARY	LOW_TO_MEDIUM	DISTILL_AFTER_RECONCILIATION_RAW_HOLD	lines	34		2359	NOT_YET	NO
WD-SRC-098	NOTION	[REDACTED_SECRET_NOTE]	md	79	[REDACTED]	SECRET_EXCLUDED	FORBIDDEN	EXCLUDE	NEVER_PUBLISH_RAW	lines	5		79	EXCLUDED	NO
WD-SRC-099	NOTION	Skrip 1ddde854621780fca3fbcc02ace2fba6.md	md	19335	d5f9944eaeefd2a5f2db6f1e259dd6a60fe7450e3a4cbbeee7165d00ece8ba70	PRESENTER_OR_OWNER_NOTES	SUPPLEMENTARY	LOW_TO_MEDIUM	DISTILL_AFTER_RECONCILIATION_RAW_HOLD	lines	330		19319	NOT_YET	NO
WD-SRC-100	NOTION	Summary 285de8546217802eb416cee1aca3c29f.md	md	5450	fd644cc3272e3f85e26c674a13fa80a44fb3eb33f398d84f98d39fa69cda186b	PRESENTER_OR_OWNER_NOTES	SUPPLEMENTARY	LOW_TO_MEDIUM	DISTILL_AFTER_RECONCILIATION_RAW_HOLD	lines	125		5428	NOT_YET	NO
WD-SRC-101	NOTION	Test 645ef996a2f144229b5cfed41016c9be.md	md	8730	034ad283878f3636a69581f0b86870564dfd2c0d6366b35cdfeb84e70908084a	PRESENTER_OR_OWNER_NOTES	SUPPLEMENTARY	LOW_TO_MEDIUM	DISTILL_AFTER_RECONCILIATION_RAW_HOLD	lines	234		8730	NOT_YET	NO
WD-SRC-102	NOTION	Training c3ad656f8b4e433b9a918ce04183d397.md	md	736	301147571f2e278802400b99baa0844e5fec6933642c3ccc608509fc4d277c52	PRESENTER_OR_OWNER_NOTES	SUPPLEMENTARY	LOW_TO_MEDIUM	DISTILL_AFTER_RECONCILIATION_RAW_HOLD	lines	20		732	NOT_YET	NO
WD-SRC-103	NOTION	Work 13fde85462178026a231eeb63ec903ca.md	md	624	e59461e2f28a01bbe46a9a4d54f730f0413d0d0fb1f6f211f4c02a8fc26c9041	PRESENTER_OR_OWNER_NOTES	SUPPLEMENTARY	LOW_TO_MEDIUM	DISTILL_AFTER_RECONCILIATION_RAW_HOLD	lines	17		624	NOT_YET	NO
WD-SRC-104	NOTION	Working Holiday Visa Aussie 14dde8546217803d994fcc1c0de3cccb.md	md	59094	[REDACTED]	OUT_OF_SCOPE	NONE	EXCLUDE	DO_NOT_INGEST	lines	1548		58633	EXCLUDED	NO
WD-SRC-105	NOTION	Workshop 284de854621780baa650e24357902e1c.md	md	8693	6daff53e9c4741c45014675b16d519f67b14e71f703b811db561b648336857b7	PRESENTER_OR_OWNER_NOTES	SUPPLEMENTARY	LOW_TO_MEDIUM	DISTILL_AFTER_RECONCILIATION_RAW_HOLD	lines	131		8663	NOT_YET	NO
WD-SRC-106	NOTION	Wrap up materi assdp 284de854621780f489f6d7baf6f0b5e2.md	md	33095	5d68d15e959798754dcb1f5081aa56943a9305d82f89ee5fcb416e9546e57254	PRESENTER_OR_OWNER_NOTES	SUPPLEMENTARY	LOW_TO_MEDIUM	DISTILL_AFTER_RECONCILIATION_RAW_HOLD	lines	759		32829	NOT_YET	NO
