family	relative_path	filename	extension	bytes	sha256	input_type	privacy_class	pii_risk
BUSINESS_MEMORY	1. D-READY_Dealer_View_Template_V8_Lightweight_Fixed (Ada Master Data jg di dalam nya).xlsx	1. D-READY_Dealer_View_Template_V8_Lightweight_Fixed (Ada Master Data jg di dalam nya).xlsx	xlsx	3122735	7291c9f20bae43bf3002882a9044ad39be7c1d7caac4c1c3b9fbff9dd17d0212	CURRENT_BUSINESS_DATA	PRIVATE_SENSITIVE	MEDIUM
BUSINESS_MEMORY	MAPPING RING 2022/Peta Batanghari.xlsx	Peta Batanghari.xlsx	xlsx	8753176	dfdab4ff844183d8ca843681da4056ee3938625c1076cc9d2c2b5b54fa62272d	HISTORICAL_CONTEXT	PRIVATE_SENSITIVE	LOW
BUSINESS_MEMORY	MAPPING RING 2022/Peta Bungo.xlsx	Peta Bungo.xlsx	xlsx	10148348	66329a592a3c1d023f114c82fe47a3ce814221d134809233178c8fb300aaf4d7	HISTORICAL_CONTEXT	PRIVATE_SENSITIVE	LOW
BUSINESS_MEMORY	MAPPING RING 2022/Peta Kota Jambi.xlsx	Peta Kota Jambi.xlsx	xlsx	1384236	ba209c6ea64663b74d6d37e83048601680e1adb11382bd5083d463c6102e25b6	HISTORICAL_CONTEXT	PRIVATE_SENSITIVE	LOW
BUSINESS_MEMORY	MAPPING RING 2022/Peta Merangin.xlsx	Peta Merangin.xlsx	xlsx	9846394	980a4c294b6930a71f3ad1a7b5f6803af3f212b06b5fc6f87eeb4608d3bfe095	HISTORICAL_CONTEXT	PRIVATE_SENSITIVE	LOW
BUSINESS_MEMORY	MAPPING RING 2022/Peta Muaro Jambi.xlsx	Peta Muaro Jambi.xlsx	xlsx	12064810	bfc8e6596414f15b1a38d8c2f7465fd063f544400d2ca5d7e65e80ff2d62a5fe	HISTORICAL_CONTEXT	PRIVATE_SENSITIVE	LOW
BUSINESS_MEMORY	MAPPING RING 2022/Peta Sarolangun.xlsx	Peta Sarolangun.xlsx	xlsx	8072965	f7d08fde979030087a49e8cb6d395ab0fcbae0f15bf9a5767bfde32bf5a84127	HISTORICAL_CONTEXT	PRIVATE_SENSITIVE	LOW
BUSINESS_MEMORY	MAPPING RING 2022/Peta TJB.xlsx	Peta TJB.xlsx	xlsx	8053929	d792e7d3386b7b2b36525775970df00fa08a3dfdebf1567da86e97b44f3157b8	HISTORICAL_CONTEXT	PRIVATE_SENSITIVE	LOW
BUSINESS_MEMORY	MAPPING RING 2022/Peta TJT.xlsx	Peta TJT.xlsx	xlsx	3173627	c7e339c643e8e4d749ebfeea3ce0344493d9a15d6c944439a9ab92873e689e85	HISTORICAL_CONTEXT	PRIVATE_SENSITIVE	LOW
BUSINESS_MEMORY	MAPPING RING 2022/Peta Tebo.xlsx	Peta Tebo.xlsx	xlsx	8840624	034aeb3340eb2369a191fc650bf27387aa034272a564a2f12cc4cf8328909bf3	HISTORICAL_CONTEXT	PRIVATE_SENSITIVE	LOW
BUSINESS_MEMORY	MAPPING RING 2022/Summary Pembagian Ring.xlsx	Summary Pembagian Ring.xlsx	xlsx	17479	3ba5e8ccae1020cea5a3d31318312dddc21ac33cb64095f73f4e4f7acd5807d1	HISTORICAL_CONTEXT	PRIVATE_SENSITIVE	LOW
BUSINESS_MEMORY	Market/12. POLREG PER KECAMATAN PER KELURAHAN PER SEGMENT 2023.xlsx	12. POLREG PER KECAMATAN PER KELURAHAN PER SEGMENT 2023.xlsx	xlsx	6874175	1161e4438989262e48b535376853c2190b097d65fc7d5fa5609551bf4254920a	CURRENT_BUSINESS_DATA	PRIVATE_SENSITIVE	LOW
BUSINESS_MEMORY	Market/12. POLREG PER KECAMATAN PER SEGMENT 2021.xlsx	12. POLREG PER KECAMATAN PER SEGMENT 2021.xlsx	xlsx	923598	9e57b3df50bbecccd1e773f67db4071e402c45ac76734f2f95c944250500a2cb	CURRENT_BUSINESS_DATA	PRIVATE_SENSITIVE	LOW
BUSINESS_MEMORY	Market/12. POLREG PER KECAMATAN PER SEGMENT 2022.xlsx	12. POLREG PER KECAMATAN PER SEGMENT 2022.xlsx	xlsx	933204	2803c7d157dd1c7c37b60ff32c2d63e30b2288bab9c991bcf8d650326b07afc8	CURRENT_BUSINESS_DATA	PRIVATE_SENSITIVE	LOW
BUSINESS_MEMORY	Market/POLREG PER KECAMATAN PER KELURAHAN PER SEGMENT 2024.xlsx	POLREG PER KECAMATAN PER KELURAHAN PER SEGMENT 2024.xlsx	xlsx	6860480	cc60f9fb0d0f9dd1fa3b78948e4051eed7a9fe36f55ffc97041286691e06c505	CURRENT_BUSINESS_DATA	PRIVATE_SENSITIVE	LOW
BUSINESS_MEMORY	Market/POLREG PER KECAMATAN PER KELURAHAN PER SEGMENT 2025.xlsx	POLREG PER KECAMATAN PER KELURAHAN PER SEGMENT 2025.xlsx	xlsx	7095031	ec49d3edb252d1859cd2ecadce9800496fc57a0280b38d2cd43e57ef823f1840	CURRENT_BUSINESS_DATA	PRIVATE_SENSITIVE	LOW
BUSINESS_MEMORY	Market/POLREG PER KECAMATAN PER KELURAHAN PER SEGMENT 2026.xlsx	POLREG PER KECAMATAN PER KELURAHAN PER SEGMENT 2026.xlsx	xlsx	6075555	175b7fff1b8830f1c9f39ce81f1a2f1a4c73fbd780d4d5de71c0d89820b2d245	CURRENT_BUSINESS_DATA	PRIVATE_SENSITIVE	LOW
BUSINESS_MEMORY	Market/SINSEN_EVALPOLREG+MSPERKAB_DEC 2024.xlsx	SINSEN_EVALPOLREG+MSPERKAB_DEC 2024.xlsx	xlsx	2365879	12f0a0d9f901a44ad12b9fe38d3bbc1c955d53c4134ede36ed091204dd42f008	CURRENT_BUSINESS_DATA	PRIVATE_SENSITIVE	LOW
BUSINESS_MEMORY	Market/SINSEN_EVALPOLREG+MSPERKAB_DEC 2025.xlsx	SINSEN_EVALPOLREG+MSPERKAB_DEC 2025.xlsx	xlsx	2556401	11f6340a4c5321a7f7c881c0a2f3bf4a3a23bdff3f398591d5f1394ce8aa2c13	CURRENT_BUSINESS_DATA	PRIVATE_SENSITIVE	LOW
BUSINESS_MEMORY	Market/SINSEN_EVALPOLREG+MSPERKAB_JUN 2026.xlsx	SINSEN_EVALPOLREG+MSPERKAB_JUN 2026.xlsx	xlsx	2310862	e0ee714d60baf2520037155f413d64e30629ce1cb16cce3296f07a94467ea107	CURRENT_BUSINESS_DATA	PRIVATE_SENSITIVE	LOW
BUSINESS_MEMORY	Retail Sales/Record Sales 2008-2025.xlsx	Record Sales 2008-2025.xlsx	xlsx	238070	687d856182c9111a84ae97aaa088dedb2f82db5054a0d614ee9f240f08fabee5	CURRENT_BUSINESS_DATA	PRIVATE_SENSITIVE	MEDIUM
BUSINESS_MEMORY	Retail Sales/SSU 2024.xlsx	SSU 2024.xlsx	xlsx	89802144	31af415f9137dc59c6a22c9dfea0a6869610d53f1de45b33d14162b3912ea380	CURRENT_BUSINESS_DATA	PRIVATE_SENSITIVE	HIGH
BUSINESS_MEMORY	Retail Sales/SSU 2025.xlsx	SSU 2025.xlsx	xlsx	39996554	38e05002d23a6b275b6380bd78e991b8152b70e790c46e7ee543d5bae3891450	CURRENT_BUSINESS_DATA	PRIVATE_SENSITIVE	HIGH
BUSINESS_MEMORY	Retail Sales/SSU.2026.xlsx	SSU.2026.xlsx	xlsx	41577207	a9ff25cd2286e285865cf5d79d9d0e77f6f3dd81d874dfd3a61554a04c99f0c3	CURRENT_BUSINESS_DATA	PRIVATE_SENSITIVE	HIGH
BUSINESS_MEMORY	Retail Sales/Tabel Sales Summary 2017.xlsx	Tabel Sales Summary 2017.xlsx	xlsx	15343591	113dd4c0805242fe122db138d21aa6d75af18c4e6f149b3df9a13efff666bfdb	CURRENT_BUSINESS_DATA	PRIVATE_SENSITIVE	MEDIUM
BUSINESS_MEMORY	Retail Sales/Tabel Sales Summary 2018.xlsx	Tabel Sales Summary 2018.xlsx	xlsx	34347180	227e91f033a72a83a3c4a2d6f158db52bf4380f6a92fce344591ac34a516f598	CURRENT_BUSINESS_DATA	PRIVATE_SENSITIVE	MEDIUM
BUSINESS_MEMORY	Retail Sales/Tabel Sales Summary 2019.xlsx	Tabel Sales Summary 2019.xlsx	xlsx	26501028	7b71be51c47e778e23083d8c90b816ca49ed2ab50e395902af43e4933ff4ff65	CURRENT_BUSINESS_DATA	PRIVATE_SENSITIVE	MEDIUM
BUSINESS_MEMORY	Retail Sales/Tabel Sales Summary 2020.xlsx	Tabel Sales Summary 2020.xlsx	xlsx	14082093	f69fa1def6d4fa884cc687709d0244d27829b2c14894b80e237949983fd98291	CURRENT_BUSINESS_DATA	PRIVATE_SENSITIVE	MEDIUM
BUSINESS_MEMORY	Retail Sales/Tabel Sales Summary 2021.xlsx	Tabel Sales Summary 2021.xlsx	xlsx	18858703	0fa5683297ea4f9158da1fa6c009698ca769ad1f0163d3fc9e05634f7d51b6b9	CURRENT_BUSINESS_DATA	PRIVATE_SENSITIVE	MEDIUM
BUSINESS_MEMORY	Retail Sales/Tabel Sales Summary 2022.xlsx	Tabel Sales Summary 2022.xlsx	xlsx	16155986	f2091628e8a5e20a061bbb079955cc0af0518a606edb55ba2f97f948904fa889	CURRENT_BUSINESS_DATA	PRIVATE_SENSITIVE	MEDIUM
BUSINESS_MEMORY	Retail Sales/Tabel Sales Summary 2023.xlsx	Tabel Sales Summary 2023.xlsx	xlsx	32331090	428f9e7a3e97dffebd6a2be814bd5a2e395ae120c03e1cc8b3ad4aa875fdc6fd	CURRENT_BUSINESS_DATA	PRIVATE_SENSITIVE	MEDIUM
BUSINESS_MEMORY	StokMD - 2026-08-06T080446.204.xls	StokMD - 2026-08-06T080446.204.xls	xls	839774	653b4a90b93feca020da111f53e1c205e19c50f2b60cba953ee0ed5738cb9dba	CURRENT_BUSINESS_DATA	PRIVATE_SENSITIVE	MEDIUM
BUSINESS_MEMORY	Stok_per_no_mesin_dealer - 2026-08-06T080342.480.xls	Stok_per_no_mesin_dealer - 2026-08-06T080342.480.xls	xls	3367056	433f163aa95da88d361a8955566563c4241f2b68bb139e5ca4c2325c1a9f280e	CURRENT_BUSINESS_DATA	PRIVATE_SENSITIVE	MEDIUM
MSW_2026	2026/1. Jan/1. PL SMH 1 periode 1-31 Januari 2026.jpg	1. PL SMH 1 periode 1-31 Januari 2026.jpg	jpg	1253231	f50b879dd4ad7241e4e570956b9c2fe85cbda34e294035880fcd04e8f0fea80b	CURRENT_BUSINESS_DATA	PRIVATE_COMMERCIAL	LOW
MSW_2026	2026/1. Jan/1. PL SMH 2 periode 1-31 Januari 2026.jpg	1. PL SMH 2 periode 1-31 Januari 2026.jpg	jpg	1015404	5ce11983684f6fef57c8665da3ba0f396457a87348314af6d70a64f99abfde02	CURRENT_BUSINESS_DATA	PRIVATE_COMMERCIAL	LOW
MSW_2026	2026/1. Jan/1. PL SMH periode 1-31 Januari 2026.xlsx	1. PL SMH periode 1-31 Januari 2026.xlsx	xlsx	763598	77f41fbd0a1f3481c55a58a8fe0c41336a0057685e4cdb63949abf71061a0881	CURRENT_BUSINESS_DATA	PRIVATE_COMMERCIAL	LOW
MSW_2026	2026/1. Jan/2. PL SMH Accessories periode 1-31 Januari 2026.jpg	2. PL SMH Accessories periode 1-31 Januari 2026.jpg	jpg	1302094	82c9311832eb3c0280dfdbe6c339c59d4122b1dfa5720046991730ff4c2082ef	CURRENT_BUSINESS_DATA	PRIVATE_COMMERCIAL	LOW
MSW_2026	2026/1. Jan/2. PL SMH Accessories periode 1-31 Januari 2026.xlsx	2. PL SMH Accessories periode 1-31 Januari 2026.xlsx	xlsx	232139	ade37e48c5af07417f2f6bf10e9ae0138db6e1d8e9dcc3eff945cd312add65cd	CURRENT_BUSINESS_DATA	PRIVATE_COMMERCIAL	LOW
MSW_2026	2026/1. Jan/3. PL Premium 1 periode 1-31 Januari 2026.jpg	3. PL Premium 1 periode 1-31 Januari 2026.jpg	jpg	546138	0e396b1b73d1538bee71d42fdd28e5e7e01d9651d6a3eb18033f3ddbb4b38b83	CURRENT_BUSINESS_DATA	PRIVATE_COMMERCIAL	LOW
MSW_2026	2026/1. Jan/3. PL Premium 2 periode 1-31 Januari 2026.jpg	3. PL Premium 2 periode 1-31 Januari 2026.jpg	jpg	609361	c1c5ed8cb384ecd23aeec5249014c242dd17aa1612d81fa137d89980c33b50f0	CURRENT_BUSINESS_DATA	PRIVATE_COMMERCIAL	LOW
MSW_2026	2026/1. Jan/3. PL Premium periode 1-31 Januari 2026.xlsx	3. PL Premium periode 1-31 Januari 2026.xlsx	xlsx	416807	652761d017320cc9b13c1299153bf644a399abf61f8e268d30c04253b92936b7	CURRENT_BUSINESS_DATA	PRIVATE_COMMERCIAL	LOW
MSW_2026	2026/1. Jan/4. PL Run Out Periode 1-31 Januari 2026.jpg	4. PL Run Out Periode 1-31 Januari 2026.jpg	jpg	574390	89a56783b3193912e4fc460e2111617985e377ed146e4eee7985dee47a5c0bfa	CURRENT_BUSINESS_DATA	PRIVATE_COMMERCIAL	LOW
MSW_2026	2026/1. Jan/4. PL Run Out Periode 1-31 Januari 2026.xlsx	4. PL Run Out Periode 1-31 Januari 2026.xlsx	xlsx	59030	b9da1ba4a8d89fcdb54c345c3509e31394db7c9f19e9f9ae84b852e15fc36f06	CURRENT_BUSINESS_DATA	PRIVATE_COMMERCIAL	LOW
MSW_2026	2026/1. Jan/5. PL EV periode 1-31 Januari 2026.jpg	5. PL EV periode 1-31 Januari 2026.jpg	jpg	465145	368ddcf31ae3a20598ccc363c8bc687ba31449424117af4e1927f602a0a27147	CURRENT_BUSINESS_DATA	PRIVATE_COMMERCIAL	LOW
MSW_2026	2026/1. Jan/5. PL EV periode 1-31 Januari 2026.xlsx	5. PL EV periode 1-31 Januari 2026.xlsx	xlsx	309288	b8fd09a8382b52adbff3e1b005470b0ac19b9cf80f8d31e06bdf6d463367e7c1	CURRENT_BUSINESS_DATA	PRIVATE_COMMERCIAL	LOW
MSW_2026	2026/1. Jan/6. PL Khusus EM1 reguler periode 1-31 Januari 2026.jpg	6. PL Khusus EM1 reguler periode 1-31 Januari 2026.jpg	jpg	332609	4235a8ca0a0b415fb639b85ddab3a177cfcd627d7853a43e4fd7d95c85b0c968	CURRENT_BUSINESS_DATA	PRIVATE_COMMERCIAL	LOW
MSW_2026	2026/1. Jan/6. PL Khusus EM1 reguler periode 1-31 Januari 2026.xlsx	6. PL Khusus EM1 reguler periode 1-31 Januari 2026.xlsx	xlsx	334524	a908f53e3290d3d6f3733bfb28b5b8fddd5a149e2481b5fe6bb4ad2a8b7793a8	CURRENT_BUSINESS_DATA	PRIVATE_COMMERCIAL	LOW
MSW_2026	2026/1. Jan/7. PL New Vario 125 Series Periode 1-31 Januari 2026.jpg	7. PL New Vario 125 Series Periode 1-31 Januari 2026.jpg	jpg	388834	7fe9361c7b08a33758506e58cb482d965ec3fcc4706b0138b34b0df72467d8c5	CURRENT_BUSINESS_DATA	PRIVATE_COMMERCIAL	LOW
MSW_2026	2026/1. Jan/7. PL New Vario 125 Series Periode 1-31 Januari 2026.xlsx	7. PL New Vario 125 Series Periode 1-31 Januari 2026.xlsx	xlsx	533406	afb8be629524201817b111f1828e8695f639fe88b929755018ee40d9da26c73a	CURRENT_BUSINESS_DATA	PRIVATE_COMMERCIAL	LOW
MSW_2026	2026/1. Jan/8. MSW (Marketing Secret Weapon) periode 1-31 Januari 2026.jpeg	8. MSW (Marketing Secret Weapon) periode 1-31 Januari 2026.jpeg	jpeg	827299	8bd47fcbbaaa5ec25782b324c5b154f37a520cd7a50356e65e5754181019ef80	CURRENT_BUSINESS_DATA	PRIVATE_COMMERCIAL	LOW
MSW_2026	2026/1. Jan/Revisi/1. Update PL SMH 1 periode 3-31 Januari 2026.jpg	1. Update PL SMH 1 periode 3-31 Januari 2026.jpg	jpg	1250312	baa25a91a262a0ec4533e71bd44a957a2f881dbc1813a3c8c00a6b6ca237783a	CURRENT_BUSINESS_DATA	PRIVATE_COMMERCIAL	LOW
MSW_2026	2026/1. Jan/Revisi/1. Update PL SMH 2 periode 3-31 Januari 2026.jpg	1. Update PL SMH 2 periode 3-31 Januari 2026.jpg	jpg	1016224	aaedc249ebf0e7b87fea9a437dbade3c43d35e6d145e9ba255914b674f4c2622	CURRENT_BUSINESS_DATA	PRIVATE_COMMERCIAL	LOW
MSW_2026	2026/1. Jan/Revisi/1. Update PL SMH periode 3-31 Januari 2026.xlsx	1. Update PL SMH periode 3-31 Januari 2026.xlsx	xlsx	762486	821fd3161d7668c395e5e1afc9d5a00a197152fd858375dda503e696c211ea66	CURRENT_BUSINESS_DATA	PRIVATE_COMMERCIAL	LOW
MSW_2026	2026/1. Jan/Revisi/2. Update PL SMH Accessories periode 3-31 Januari 2026.jpg	2. Update PL SMH Accessories periode 3-31 Januari 2026.jpg	jpg	1300121	bc3b9b8bcd784f42e171c6ab72c3e367ca5c7fd9abe788b87c4a28ebd25e60f6	CURRENT_BUSINESS_DATA	PRIVATE_COMMERCIAL	LOW
MSW_2026	2026/1. Jan/Revisi/2. Update PL SMH Accessories periode 3-31 Januari 2026.xlsx	2. Update PL SMH Accessories periode 3-31 Januari 2026.xlsx	xlsx	230814	2ead2f6151aedcae0014d8cf2a5d9874fd41392a1c19b7a8a19c6430fc9a0725	CURRENT_BUSINESS_DATA	PRIVATE_COMMERCIAL	LOW
MSW_2026	2026/1. Jan/Revisi/3. Update PL Premium 1 periode 3-31 Januari 2026.jpg	3. Update PL Premium 1 periode 3-31 Januari 2026.jpg	jpg	515353	4d2faba65e7eadcf05374f39029806ea4e608f72d917be3fd4a1e040382856b8	CURRENT_BUSINESS_DATA	PRIVATE_COMMERCIAL	LOW
MSW_2026	2026/1. Jan/Revisi/3. Update PL Premium 2 periode 3-31 Januari 2026.jpg	3. Update PL Premium 2 periode 3-31 Januari 2026.jpg	jpg	626552	e6a4e2da8efa2614e0ee47da076297f3ea645348f993a3f797776fc7406d9a28	CURRENT_BUSINESS_DATA	PRIVATE_COMMERCIAL	LOW
MSW_2026	2026/1. Jan/Revisi/3. Update PL Premium periode 3-31 Januari 2026.xlsx	3. Update PL Premium periode 3-31 Januari 2026.xlsx	xlsx	417523	44e40db4d8ac90d4b6c6f50aba985d3a57a3921d795e7cd9a472e67adc135c6b	CURRENT_BUSINESS_DATA	PRIVATE_COMMERCIAL	LOW
MSW_2026	2026/1. Jan/Revisi/4. Update PL Run Out Periode 3-31 Januari 2026.jpg	4. Update PL Run Out Periode 3-31 Januari 2026.jpg	jpg	653868	33c443f5f7e10eec8412a6585e3402c01dcdaef85d68097a78347f9586eec640	CURRENT_BUSINESS_DATA	PRIVATE_COMMERCIAL	LOW
MSW_2026	2026/1. Jan/Revisi/4. Update PL Run Out Periode 3-31 Januari 2026.xlsx	4. Update PL Run Out Periode 3-31 Januari 2026.xlsx	xlsx	60603	53745fde5b965d1f92268847d42142787851a09ba33a9e2918df35f9189c22df	CURRENT_BUSINESS_DATA	PRIVATE_COMMERCIAL	LOW
MSW_2026	2026/1. Jan/Revisi/7. Update PL New Vario 125 Series Periode 3-31 Januari 2026.jpg	7. Update PL New Vario 125 Series Periode 3-31 Januari 2026.jpg	jpg	400122	7de0cc081087156c90ac17b2cb520df5237b3f5b0862a8b04dcade268cda1ca3	CURRENT_BUSINESS_DATA	PRIVATE_COMMERCIAL	LOW
MSW_2026	2026/1. Jan/Revisi/7. Update PL New Vario 125 Series Periode 3-31 Januari 2026.xlsx	7. Update PL New Vario 125 Series Periode 3-31 Januari 2026.xlsx	xlsx	552321	a225d7def6d11381f2cbe7d1f7316a139dea685fd81351d132c85b48d9dd53e2	CURRENT_BUSINESS_DATA	PRIVATE_COMMERCIAL	LOW
MSW_2026	2026/1. Jan.jpeg	1. Jan.jpeg	jpeg	827299	8bd47fcbbaaa5ec25782b324c5b154f37a520cd7a50356e65e5754181019ef80	CURRENT_BUSINESS_DATA	PRIVATE_COMMERCIAL	LOW
MSW_2026	2026/2. Feb/Juklak feb 26/007 - Juklak Program Sales Support Periode Februari 2026_Dealer.pdf	007 - Juklak Program Sales Support Periode Februari 2026_Dealer.pdf	pdf	1185391	ac157c36930fdef6dfe3441b34d90b46df9bb189a64a878e912407fbd7c98058	CURRENT_BUSINESS_DATA	PRIVATE_COMMERCIAL	LOW
MSW_2026	2026/2. Feb/Juklak feb 26/009 - Form Lamp. BAST program Voucher EM1 e Series & CUV e Series periode Februari 2026.xlsx	009 - Form Lamp. BAST program Voucher EM1 e Series & CUV e Series periode Februari 2026.xlsx	xlsx	21957	5404a348b48641ddcaf089cbb12cb82df565f6300b7d6f4dd2a36161beb1169e	CURRENT_BUSINESS_DATA	PRIVATE_COMMERCIAL	LOW
MSW_2026	2026/2. Feb/Juklak feb 26/009 - Juklak Program Sales Support Motor EV Periode Februari 2026_Dealer.pdf	009 - Juklak Program Sales Support Motor EV Periode Februari 2026_Dealer.pdf	pdf	850585	073e85ff54de3e2fe50d230d39c2e7a8513c04cebad1257b617ce777298ebf86	CURRENT_BUSINESS_DATA	PRIVATE_COMMERCIAL	LOW
MSW_2026	2026/2. Feb/Juklak feb 26/011 - Form Lamp. BAST program Special Gift Honda periode Februari 2026.xlsx	011 - Form Lamp. BAST program Special Gift Honda periode Februari 2026.xlsx	xlsx	26206	e444d31d475f307ae11fa353581fb5cd2ce593eab514d764b7a36523e9a4bbaf	CURRENT_BUSINESS_DATA	PRIVATE_COMMERCIAL	LOW
MSW_2026	2026/2. Feb/Juklak feb 26/011 - Juklak Program Special Gift Honda Periode 1-28 Februari 2026.pdf	011 - Juklak Program Special Gift Honda Periode 1-28 Februari 2026.pdf	pdf	1200032	e4786c844e0c738ae8e5c964830415c9d773a1691e4fe991c7213522e4f15ec4	CURRENT_BUSINESS_DATA	PRIVATE_COMMERCIAL	LOW
MSW_2026	2026/2. Feb/Juklak feb 26/012 - Form Surat Informasi Syarat Klaim yang belum terpenuhi.docx	012 - Form Surat Informasi Syarat Klaim yang belum terpenuhi.docx	docx	17847	1bbc49951a061cc9c02bd2306199661c8603ff74549352f3a1e1ca84e34f5a09	CURRENT_BUSINESS_DATA	PRIVATE_COMMERCIAL	LOW
MSW_2026	2026/2. Feb/Juklak feb 26/012 - Form Surat Konfirmasi penjualan yang tidak mengikuti program periode Februari 2026.docx	012 - Form Surat Konfirmasi penjualan yang tidak mengikuti program periode Februari 2026.docx	docx	16753	21ed33f7e7254592a8430774868531b96cd23b52a6e69df31661459f22342fda	CURRENT_BUSINESS_DATA	PRIVATE_COMMERCIAL	LOW
MSW_2026	2026/2. Feb/Juklak feb 26/012 - Juklak Tata Cara Klaim Periode Februari 2026.pdf	012 - Juklak Tata Cara Klaim Periode Februari 2026.pdf	pdf	2110266	dffd29f644464c1292fc249cdeb2f1bae3815bdf5a29924550522fbb9633df27	CURRENT_BUSINESS_DATA	PRIVATE_COMMERCIAL	LOW
MSW_2026	2026/2. Feb/Juklak feb 26.zip	Juklak feb 26.zip	zip	4460898	dd84d5c6f693673e97375eb1cdb0cf9b9c7403017a980c75fa8833e3b5dfd41d	CURRENT_BUSINESS_DATA	PRIVATE_COMMERCIAL	LOW
MSW_2026	2026/2. Feb/msw feb 26/1. PL SMH 1 periode 1-28 Februari 2026.jpg	1. PL SMH 1 periode 1-28 Februari 2026.jpg	jpg	1325987	97f6bac1c1a4e96ed73db6a4be124d81018ec69343be70c190ff56315df5904c	CURRENT_BUSINESS_DATA	PRIVATE_COMMERCIAL	LOW
MSW_2026	2026/2. Feb/msw feb 26/1. PL SMH 2 periode 1-28 Februari 2026.jpg	1. PL SMH 2 periode 1-28 Februari 2026.jpg	jpg	1017345	ad10de1fe59deac3bc581cf917a9e09051fa3ccccc99c24be8904634f9dd3438	CURRENT_BUSINESS_DATA	PRIVATE_COMMERCIAL	LOW
MSW_2026	2026/2. Feb/msw feb 26/1. PL SMH periode 1-28 Februari 2026.xlsx	1. PL SMH periode 1-28 Februari 2026.xlsx	xlsx	1011668	0a30bb39e36721868a8a6e39f13855967ec9bdeacc394c789a72c0437c294170	CURRENT_BUSINESS_DATA	PRIVATE_COMMERCIAL	LOW
MSW_2026	2026/2. Feb/msw feb 26/2. PL SMH Accessories periode 1-28 Februari 2026.jpg	2. PL SMH Accessories periode 1-28 Februari 2026.jpg	jpg	1343978	5f5ebc89ac7160d2f9e9380e461f164464f7b1dc76f11a387e72fefd8b1ef830	CURRENT_BUSINESS_DATA	PRIVATE_COMMERCIAL	LOW
MSW_2026	2026/2. Feb/msw feb 26/2. PL SMH Accessories periode 1-28 Februari 2026.xlsx	2. PL SMH Accessories periode 1-28 Februari 2026.xlsx	xlsx	291408	c9c4ec1afbf3ca9c76c31dd3f32eba0eaa0011b62da31daf46574560e5c90ef9	CURRENT_BUSINESS_DATA	PRIVATE_COMMERCIAL	LOW
MSW_2026	2026/2. Feb/msw feb 26/3. PL Premium 1 periode 1-28 Februari 2026.jpg	3. PL Premium 1 periode 1-28 Februari 2026.jpg	jpg	541698	4a508d86b720d2127eee0467d243b026017ac72364f4dc20290667467283412a	CURRENT_BUSINESS_DATA	PRIVATE_COMMERCIAL	LOW
MSW_2026	2026/2. Feb/msw feb 26/3. PL Premium 2 periode 1-28 Februari 2026.jpg	3. PL Premium 2 periode 1-28 Februari 2026.jpg	jpg	609739	e9b8f14b0eb2b0c1a9bb3b15a4a516e8f240a8034f9c56bfaa7d5aa3251fb6e7	CURRENT_BUSINESS_DATA	PRIVATE_COMMERCIAL	LOW
MSW_2026	2026/2. Feb/msw feb 26/3. PL Premium periode 1-28 Februari 2026.xlsx	3. PL Premium periode 1-28 Februari 2026.xlsx	xlsx	417416	9cb55165856d6a66685cae094ca41f3e03944c6e2e523a127cb0b6f0ed9ec635	CURRENT_BUSINESS_DATA	PRIVATE_COMMERCIAL	LOW
MSW_2026	2026/2. Feb/msw feb 26/4. PL Run Out Periode 1-28 Februari 2026.jpg	4. PL Run Out Periode 1-28 Februari 2026.jpg	jpg	661390	58bf0363212bba2298d56532b8a491bbcea2a8e1869fb5cdcff33a0f505040fe	CURRENT_BUSINESS_DATA	PRIVATE_COMMERCIAL	LOW
MSW_2026	2026/2. Feb/msw feb 26/4. PL Run Out Periode 1-28 Februari 2026.xlsx	4. PL Run Out Periode 1-28 Februari 2026.xlsx	xlsx	61150	06ab3deff9a7661e9123ca4a53db28e8e9618199dce61faa0042e0de33dbc1a9	CURRENT_BUSINESS_DATA	PRIVATE_COMMERCIAL	LOW
MSW_2026	2026/2. Feb/msw feb 26/5. PL EV periode 1-28 Februari 2026.jpg	5. PL EV periode 1-28 Februari 2026.jpg	jpg	467377	8c5dcf009bd9c60ab580c2a499fc0b76f4b8d5b99fb003480e063da986358edf	CURRENT_BUSINESS_DATA	PRIVATE_COMMERCIAL	LOW
MSW_2026	2026/2. Feb/msw feb 26/5. PL EV periode 1-28 Februari 2026.xlsx	5. PL EV periode 1-28 Februari 2026.xlsx	xlsx	311488	857d5575d1bc8ab237e28026deca8812e5dc62fd44e6d48be1ebc934c86eaf0e	CURRENT_BUSINESS_DATA	PRIVATE_COMMERCIAL	LOW
MSW_2026	2026/2. Feb/msw feb 26/6. PL Khusus EM1 reguler periode 1-28 Februari 2026.jpg	6. PL Khusus EM1 reguler periode 1-28 Februari 2026.jpg	jpg	338186	6de60a97416e004cbc9e30b0d64a2af6b87c2650611273f0cf504a6131dc4649	CURRENT_BUSINESS_DATA	PRIVATE_COMMERCIAL	LOW
MSW_2026	2026/2. Feb/msw feb 26/6. PL Khusus EM1 reguler periode 1-28 Februari 2026.xlsx	6. PL Khusus EM1 reguler periode 1-28 Februari 2026.xlsx	xlsx	344195	b51942229ea21d6d2d63fee9b4ecd205c8b6a19a2ce692c704605a460b12265f	CURRENT_BUSINESS_DATA	PRIVATE_COMMERCIAL	LOW
MSW_2026	2026/2. Feb/msw feb 26/7. MSW (Marketing Secret Weapon) periode 1-28 Februari 2026.jpeg	7. MSW (Marketing Secret Weapon) periode 1-28 Februari 2026.jpeg	jpeg	867087	7b73a77f532eb5de8dd2267f4fa3e1656825c24efa2e5106b9fa4ca029c45e4f	CURRENT_BUSINESS_DATA	PRIVATE_COMMERCIAL	LOW
MSW_2026	2026/2. Feb/msw feb 26.zip	msw feb 26.zip	zip	9481793	01bc8d6ab9b00abf6ec410e156c8528ee8aa42ba222e06c0f915f152f323d595	CURRENT_BUSINESS_DATA	PRIVATE_COMMERCIAL	LOW
MSW_2026	2026/3. Mar/Juklak/013 - Juklak Program Sales Support Periode Maret 2026_Dealer.pdf	013 - Juklak Program Sales Support Periode Maret 2026_Dealer.pdf	pdf	1206040	2bb6d1c0e7e6329b360dc8d9824a33480e56eb475dcdcf423b5b7a2e2116eb42	CURRENT_BUSINESS_DATA	PRIVATE_COMMERCIAL	LOW
MSW_2026	2026/3. Mar/Juklak/015 - Form Lamp. BAST program Voucher EM1 e Series & CUV e Series periode Maret 2026.xlsx	015 - Form Lamp. BAST program Voucher EM1 e Series & CUV e Series periode Maret 2026.xlsx	xlsx	22378	6aa11da8ef6ae8be0ef1b6ab01891816951a8d4a7e30caeb72f0128c0d28ad30	CURRENT_BUSINESS_DATA	PRIVATE_COMMERCIAL	LOW
MSW_2026	2026/3. Mar/Juklak/015 - Juklak Program Sales Support Motor EV Periode Maret 2026_Dealer.pdf	015 - Juklak Program Sales Support Motor EV Periode Maret 2026_Dealer.pdf	pdf	871674	aa0fb119a1d2720edee492b5d8c94c6fc5fe396b9934991746780e9802c30a2e	CURRENT_BUSINESS_DATA	PRIVATE_COMMERCIAL	LOW
MSW_2026	2026/3. Mar/Juklak/017 - Form Lamp. BAST program Special Gift Honda periode Maret 2026.xlsx	017 - Form Lamp. BAST program Special Gift Honda periode Maret 2026.xlsx	xlsx	20575	095dd54dd8d62f39f402d6ce4d06723966469db88b59d63bf1deab5dc6eeaabb	CURRENT_BUSINESS_DATA	PRIVATE_COMMERCIAL	LOW
MSW_2026	2026/3. Mar/Juklak/017 - Juklak Program Special Gift Honda Periode Maret 2026.pdf	017 - Juklak Program Special Gift Honda Periode Maret 2026.pdf	pdf	838094	c4a90bce5be57b7c996537f718d4e872a59b0a9c4631595f09c883e9ad2806d7	CURRENT_BUSINESS_DATA	PRIVATE_COMMERCIAL	LOW
MSW_2026	2026/3. Mar/Juklak/018 - Form Surat Informasi Syarat Klaim yang belum terpenuhi.docx	018 - Form Surat Informasi Syarat Klaim yang belum terpenuhi.docx	docx	17923	5e95f9b83e3d0004c4e0ea2335cfb4a2f448a33faf3a6f8a7a4357c96ca6a18a	CURRENT_BUSINESS_DATA	PRIVATE_COMMERCIAL	LOW
MSW_2026	2026/3. Mar/Juklak/018 - Form Surat Konfirmasi penjualan yang tidak mengikuti program periode Maret 2026.docx	018 - Form Surat Konfirmasi penjualan yang tidak mengikuti program periode Maret 2026.docx	docx	16790	1e4adb3d5e296cb9a42edd6e294911574f9f3aa5247af45c157e271e02e2e234	CURRENT_BUSINESS_DATA	PRIVATE_COMMERCIAL	LOW
MSW_2026	2026/3. Mar/Juklak/018 - Juklak Tata Cara Klaim Periode Maret 2026.pdf	018 - Juklak Tata Cara Klaim Periode Maret 2026.pdf	pdf	2210179	edc4605931716ce6b9e87653acfb4bff5ec7699a45fd1e740bf6930889135b3f	CURRENT_BUSINESS_DATA	PRIVATE_COMMERCIAL	LOW
MSW_2026	2026/3. Mar/Juklak/03. Data ID Sales Program Maret 2026.xlsx	03. Data ID Sales Program Maret 2026.xlsx	xlsx	16871	2fc6ce00d9efc7aced94534678b6913918192f40f31166929100a35e4bbd6b9e	CURRENT_BUSINESS_DATA	PRIVATE_COMMERCIAL	LOW
MSW_2026	2026/3. Mar/PL/1. PL SMH 1 periode 1-31 Maret 2026.jpg	1. PL SMH 1 periode 1-31 Maret 2026.jpg	jpg	1401778	8c1cb557f8de46327298849cbbe0004cb3d40cca3057842e08339b6abb342132	CURRENT_BUSINESS_DATA	PRIVATE_COMMERCIAL	LOW
MSW_2026	2026/3. Mar/PL/1. PL SMH 2 periode 1-31 Maret 2026.jpg	1. PL SMH 2 periode 1-31 Maret 2026.jpg	jpg	1101458	afc857328b3cb83ac7ebe2965b5e66b2d2e0956a125a162facb7ba7665396fe5	CURRENT_BUSINESS_DATA	PRIVATE_COMMERCIAL	LOW
MSW_2026	2026/3. Mar/PL/1. PL SMH periode 1-31 Maret 2026.xlsx	1. PL SMH periode 1-31 Maret 2026.xlsx	xlsx	1209196	957b6b873449ec85c3aab060956e07dce4500dc26b05d8b635635fdaa2b180ef	CURRENT_BUSINESS_DATA	PRIVATE_COMMERCIAL	LOW
MSW_2026	2026/3. Mar/PL/2. PL SMH Accessories periode 1-31 Maret 2026.jpg	2. PL SMH Accessories periode 1-31 Maret 2026.jpg	jpg	1419366	e0dc88f9e83c4051e974575df25b4dc9fbace1ed8529fbd24c5c9ac54653a917	CURRENT_BUSINESS_DATA	PRIVATE_COMMERCIAL	LOW
MSW_2026	2026/3. Mar/PL/2. PL SMH Accessories periode 1-31 Maret 2026.xlsx	2. PL SMH Accessories periode 1-31 Maret 2026.xlsx	xlsx	843244	5b3ed1f5f2aa61a73953a2d4594cd0a969300f622df477d6163fadb79f98c61e	CURRENT_BUSINESS_DATA	PRIVATE_COMMERCIAL	LOW
MSW_2026	2026/3. Mar/PL/3. PL Premium 1 periode 1-31 Maret 2026.jpg	3. PL Premium 1 periode 1-31 Maret 2026.jpg	jpg	535218	19bddaa0ba9c5dc614bcc398bbca3e9b35d49bb84c062a8f5726a53aef224abf	CURRENT_BUSINESS_DATA	PRIVATE_COMMERCIAL	LOW
MSW_2026	2026/3. Mar/PL/3. PL Premium 2 periode 1-31 Maret 2026.jpg	3. PL Premium 2 periode 1-31 Maret 2026.jpg	jpg	646134	a81f47759628641a609737cf86d828fc7054fd8116d46a898392ea2df7c10a28	CURRENT_BUSINESS_DATA	PRIVATE_COMMERCIAL	LOW
MSW_2026	2026/3. Mar/PL/3. PL Premium periode 1-31 Maret 2026.xlsx	3. PL Premium periode 1-31 Maret 2026.xlsx	xlsx	417434	b62f6cf76f52495a65dcb10628486ad091efe8300a7aa3df1588e3508ce3efde	CURRENT_BUSINESS_DATA	PRIVATE_COMMERCIAL	LOW
MSW_2026	2026/3. Mar/PL/4. PL Run Out Periode 1-31 Maret 2026.jpg	4. PL Run Out Periode 1-31 Maret 2026.jpg	jpg	528930	f733e3e09652bc91e4c856a59964fb9b9fcd757b085b94e120d38230db13786d	CURRENT_BUSINESS_DATA	PRIVATE_COMMERCIAL	LOW
MSW_2026	2026/3. Mar/PL/4. PL Run Out Periode 1-31 Maret 2026.xlsx	4. PL Run Out Periode 1-31 Maret 2026.xlsx	xlsx	20107	343dfca79c4300d47a9c078dfb71773c29a37eaecba1f1e58de8501978adfb91	CURRENT_BUSINESS_DATA	PRIVATE_COMMERCIAL	LOW
MSW_2026	2026/3. Mar/PL/5. PL EV periode 1-31 Maret 2026.jpg	5. PL EV periode 1-31 Maret 2026.jpg	jpg	537003	39c5ddcd6d4a864c098bd4d34a66e740a1037bd7979e9e273e67f47e92a11a3f	CURRENT_BUSINESS_DATA	PRIVATE_COMMERCIAL	LOW
MSW_2026	2026/3. Mar/PL/5. PL EV periode 1-31 Maret 2026.xlsx	5. PL EV periode 1-31 Maret 2026.xlsx	xlsx	405124	4ca30806a7c66c1eba0c734d9b1a2528d30dee9f289b84b920b65590787dea11	CURRENT_BUSINESS_DATA	PRIVATE_COMMERCIAL	LOW
MSW_2026	2026/3. Mar/PL/6. PL Khusus EM1 reguler periode 1-31 Maret 2026.jpg	6. PL Khusus EM1 reguler periode 1-31 Maret 2026.jpg	jpg	375634	b5321afadf3bfe82dd76f2c58b3e4430d22f0a00d640547b4d542e1c6e51dba4	CURRENT_BUSINESS_DATA	PRIVATE_COMMERCIAL	LOW
MSW_2026	2026/3. Mar/PL/6. PL Khusus EM1 reguler periode 1-31 Maret 2026.xlsx	6. PL Khusus EM1 reguler periode 1-31 Maret 2026.xlsx	xlsx	404082	644da2fad1b16924c2dd7b3c4afea8c085fec1741578d3ed60356af238fdd344	CURRENT_BUSINESS_DATA	PRIVATE_COMMERCIAL	LOW
MSW_2026	2026/3. Mar/PL/7. MSW (Marketing Secret Weapon) periode 1-31 Maret 2026.jpeg	7. MSW (Marketing Secret Weapon) periode 1-31 Maret 2026.jpeg	jpeg	808384	0c159c367921299082dc91cd0b352c1e6e68fa807ff36df0f842cc9fed556908	CURRENT_BUSINESS_DATA	PRIVATE_COMMERCIAL	LOW
MSW_2026	2026/4. Apr/Juklak/019 - Juklak Program Sales Support Periode April 2026_Dealer.pdf	019 - Juklak Program Sales Support Periode April 2026_Dealer.pdf	pdf	579760	e9566d30844d685093d57fa9fb6cbf5e86ee36be26f67995bca273b312fdd790	CURRENT_BUSINESS_DATA	PRIVATE_COMMERCIAL	LOW
MSW_2026	2026/4. Apr/Juklak/021 - Form Lamp. BAST program Voucher EM1 e Series & CUV e Series periode April 2026.xlsx	021 - Form Lamp. BAST program Voucher EM1 e Series & CUV e Series periode April 2026.xlsx	xlsx	24863	b0dddd9e80c131143bd76e24ce432c92d3f516cae49164ba650389b711a06226	CURRENT_BUSINESS_DATA	PRIVATE_COMMERCIAL	LOW
MSW_2026	2026/4. Apr/Juklak/021 - Juklak Program Sales Support Motor EV Periode April 2026_Dealer.pdf	021 - Juklak Program Sales Support Motor EV Periode April 2026_Dealer.pdf	pdf	556725	fd6f8bfbf4e03b4c816274d2e7c8c03aa5a4456f6507ec3220865f3fef0c2595	CURRENT_BUSINESS_DATA	PRIVATE_COMMERCIAL	LOW
MSW_2026	2026/4. Apr/Juklak/023 - Form Lamp. BAST program Special Gift Honda periode April 2026.xlsx	023 - Form Lamp. BAST program Special Gift Honda periode April 2026.xlsx	xlsx	25238	a7e1b7bafe06aba90f8b9975773cdf0534ac2f40cb14f5db32f9dc3f75036c32	CURRENT_BUSINESS_DATA	PRIVATE_COMMERCIAL	LOW
MSW_2026	2026/4. Apr/Juklak/023 - Juklak Program Special Gift Honda Periode April 2026.pdf	023 - Juklak Program Special Gift Honda Periode April 2026.pdf	pdf	422842	9664af2ecc477b67100a8f308c6e732eea64e5823ec5030c35d9a3fe1ad46f31	CURRENT_BUSINESS_DATA	PRIVATE_COMMERCIAL	LOW
MSW_2026	2026/4. Apr/Juklak/024 - Form Surat Informasi Syarat Klaim yang belum terpenuhi periode April 2026.docx	024 - Form Surat Informasi Syarat Klaim yang belum terpenuhi periode April 2026.docx	docx	17274	98046aa08572d6b26404f43715ea0694f5345ffacb2c2e46210e1b6080088e88	CURRENT_BUSINESS_DATA	PRIVATE_COMMERCIAL	LOW
MSW_2026	2026/4. Apr/Juklak/024 - Form Surat Konfirmasi penjualan yang tidak mengikuti program periode April 2026.docx	024 - Form Surat Konfirmasi penjualan yang tidak mengikuti program periode April 2026.docx	docx	16952	036dc600156970bd470ae9c8539d5787f9037930b5f3030905391794ef6282cb	CURRENT_BUSINESS_DATA	PRIVATE_COMMERCIAL	LOW
MSW_2026	2026/4. Apr/Juklak/024 - Juklak Tata Cara Klaim Periode April 2026.pdf	024 - Juklak Tata Cara Klaim Periode April 2026.pdf	pdf	458390	889d156344a5034c549c772081d1b92f3b0bedcb515c0114279f0b5f078b485d	CURRENT_BUSINESS_DATA	PRIVATE_COMMERCIAL	LOW
MSW_2026	2026/4. Apr/Juklak/04. Data ID Sales Program April 2026.xlsx	04. Data ID Sales Program April 2026.xlsx	xlsx	18011	d8584a8a32b93251b69f2acafaad0609462e0656e3b68be8af06697236cc811e	CURRENT_BUSINESS_DATA	PRIVATE_COMMERCIAL	LOW
MSW_2026	2026/4. Apr/PL/1. PL SMH 1 periode 4-30 April 2026.jpg	1. PL SMH 1 periode 4-30 April 2026.jpg	jpg	1238289	3087d1842066b10440abeb893e5e78409faa3c845e373fc8fc5087e33efb5691	CURRENT_BUSINESS_DATA	PRIVATE_COMMERCIAL	LOW
MSW_2026	2026/4. Apr/PL/1. PL SMH 2 periode 4-30 April 2026.jpg	1. PL SMH 2 periode 4-30 April 2026.jpg	jpg	1317333	94e7bd185ecce94aaf58394ece97e2f90551aea3a16f97b65fa855f8af0b7617	CURRENT_BUSINESS_DATA	PRIVATE_COMMERCIAL	LOW
MSW_2026	2026/4. Apr/PL/1. PL SMH 3 periode 4-30 April 2026.jpg	1. PL SMH 3 periode 4-30 April 2026.jpg	jpg	1109710	0bffd599dc2bd50ef8f90f4400528a62c864e53e91e177228a0a9add3c018ff9	CURRENT_BUSINESS_DATA	PRIVATE_COMMERCIAL	LOW
MSW_2026	2026/4. Apr/PL/1. Update PL SMH periode 4-30 April 2026.xlsx	1. Update PL SMH periode 4-30 April 2026.xlsx	xlsx	1275716	4a7bf94561c410565f04da604d086e0bfe04833271040588f39f2114a4cd1c43	CURRENT_BUSINESS_DATA	PRIVATE_COMMERCIAL	LOW
MSW_2026	2026/4. Apr/PL/2. PL Premium 1 periode 4-30 April 2026.jpg	2. PL Premium 1 periode 4-30 April 2026.jpg	jpg	525217	ae0ed4f35bb0e5b73085b418cc7d2c1d09557fd7a4e24ca1943506f2f00d5057	CURRENT_BUSINESS_DATA	PRIVATE_COMMERCIAL	LOW
MSW_2026	2026/4. Apr/PL/2. PL Premium 2 periode 4-30 April 2026.jpg	2. PL Premium 2 periode 4-30 April 2026.jpg	jpg	644227	0696e1403919a7de005dfb9b491986ca57bedf7ab2569e9cbe14484ed670c507	CURRENT_BUSINESS_DATA	PRIVATE_COMMERCIAL	LOW
MSW_2026	2026/4. Apr/PL/2. Update PL Premium periode 4-30 April 2026.xlsx	2. Update PL Premium periode 4-30 April 2026.xlsx	xlsx	417799	f367558974b92426cb49bc828309e5f5672f41fb096433a1076afda2ec9911f4	CURRENT_BUSINESS_DATA	PRIVATE_COMMERCIAL	LOW
MSW_2026	2026/4. Apr/PL/3. Update PL Run Out Periode 1-30 April 2026.jpg	3. Update PL Run Out Periode 1-30 April 2026.jpg	jpg	633233	531913b36135c3679c24ce5d9c4b43a27ea21c88e3ed9d2d542f7021b740ec4f	CURRENT_BUSINESS_DATA	PRIVATE_COMMERCIAL	LOW
MSW_2026	2026/4. Apr/PL/3. Update PL Run Out Periode 1-30 April 2026.xlsx	3. Update PL Run Out Periode 1-30 April 2026.xlsx	xlsx	61816	96db2722f77104c4f02638ce4566e841f8ec3e76f37aedf8fa5155f5af6c8195	CURRENT_BUSINESS_DATA	PRIVATE_COMMERCIAL	LOW
MSW_2026	2026/4. Apr/PL/4. PL EV periode 1-30 April 2026.jpg	4. PL EV periode 1-30 April 2026.jpg	jpg	483880	96e8fda71d216b98350a1c15c3cf4b3f63e1d6edc42a3db802d8c184487f801a	CURRENT_BUSINESS_DATA	PRIVATE_COMMERCIAL	LOW
MSW_2026	2026/4. Apr/PL/4. PL EV periode 1-30 April 2026.xlsx	4. PL EV periode 1-30 April 2026.xlsx	xlsx	328878	7fb47f2910a2ea9aec0b69baaea1cfe65b723b972a5aa838ce68fab9f780ee24	CURRENT_BUSINESS_DATA	PRIVATE_COMMERCIAL	LOW
MSW_2026	2026/4. Apr/PL/5. PL Stylo 160 MMC Series Periode 4-30 April 2026.xlsx	5. PL Stylo 160 MMC Series Periode 4-30 April 2026.xlsx	xlsx	689896	5c8271b2294b13a8583a4d21a8c94b687ee8a03f5353fd29ed1533deafa00621	CURRENT_BUSINESS_DATA	PRIVATE_COMMERCIAL	LOW
MSW_2026	2026/4. Apr/PL/5. PL Stylo MMC Series Periode 4-30 April 2026.jpg	5. PL Stylo MMC Series Periode 4-30 April 2026.jpg	jpg	527219	64a9d9caaf78a1e6f1e061bd6b6c3ece2d8cd42de27a3a4f4aca4c34879f8da5	CURRENT_BUSINESS_DATA	PRIVATE_COMMERCIAL	LOW
MSW_2026	2026/4. Apr/PL/6. Update MSW (Marketing Secret Weapon) periode 4-30 April 2026.png	6. Update MSW (Marketing Secret Weapon) periode 4-30 April 2026.png	png	2704393	62d02e1cb01dca60b985ea6a7b0121f1b179dc294430020871019557d9243c58	CURRENT_BUSINESS_DATA	PRIVATE_COMMERCIAL	LOW
MSW_2026	2026/4. Apr/PL/PL SMH Periode 1-3 April 2026/1. PL SMH 1 periode 1-30 April 2026.jpg	1. PL SMH 1 periode 1-30 April 2026.jpg	jpg	1339808	fae7c85fc1ba1f0cbc44213855b071ecd540d37d366b7741a9f3cbe8d5d02c23	CURRENT_BUSINESS_DATA	PRIVATE_COMMERCIAL	LOW
MSW_2026	2026/4. Apr/PL/PL SMH Periode 1-3 April 2026/1. PL SMH 2 periode 1-30 April 2026.jpg	1. PL SMH 2 periode 1-30 April 2026.jpg	jpg	1024985	e4bc8b37df0d3c4722e1d83835c9896fe06109671fcb2cf1ddabfc81d3dca2fb	CURRENT_BUSINESS_DATA	PRIVATE_COMMERCIAL	LOW
MSW_2026	2026/4. Apr/PL/PL SMH Periode 1-3 April 2026/1. PL SMH periode 1-30 April 2026.xlsx	1. PL SMH periode 1-30 April 2026.xlsx	xlsx	1063718	3cc7febe7cf639980ba56f98cd278c09085b335f93cdf278f10f3a0ff93b435a	CURRENT_BUSINESS_DATA	PRIVATE_COMMERCIAL	LOW
MSW_2026	2026/4. Apr/PL/PL SMH Periode 1-3 April 2026/2. PL SMH Accessories periode 1-30 April 2026.jpg	2. PL SMH Accessories periode 1-30 April 2026.jpg	jpg	1352407	74dc95124b5f8c1061c65d962d8fb00d6acbfd057bb9d3f37e3f7dee7c878556	CURRENT_BUSINESS_DATA	PRIVATE_COMMERCIAL	LOW
MSW_2026	2026/4. Apr/PL/PL SMH Periode 1-3 April 2026/2. PL SMH Accessories periode 1-30 April 2026.xlsx	2. PL SMH Accessories periode 1-30 April 2026.xlsx	xlsx	278908	6869efecc65fb74866f5d291316220efc55bbff55db49f5948704eb6f45d7296	CURRENT_BUSINESS_DATA	PRIVATE_COMMERCIAL	LOW
MSW_2026	2026/4. Apr/PL/PL SMH Periode 1-3 April 2026/3. PL Premium 1 periode 1-30 April 2026.jpg	3. PL Premium 1 periode 1-30 April 2026.jpg	jpg	533607	f554e1baff50826bb7fbe6591eee83dcb56cb6a76199444c176b87f33c555d2d	CURRENT_BUSINESS_DATA	PRIVATE_COMMERCIAL	LOW
MSW_2026	2026/4. Apr/PL/PL SMH Periode 1-3 April 2026/3. PL Premium 2 periode 1-30 April 2026.jpg	3. PL Premium 2 periode 1-30 April 2026.jpg	jpg	644735	cfdf3bdd2d1376a17cde7e1057ac45d9afa64f08dadc1a8852f8f7bb6b331dd0	CURRENT_BUSINESS_DATA	PRIVATE_COMMERCIAL	LOW
MSW_2026	2026/4. Apr/PL/PL SMH Periode 1-3 April 2026/3. PL Premium periode 1-30 April 2026.xlsx	3. PL Premium periode 1-30 April 2026.xlsx	xlsx	417746	7c2aae0ee1874e7b01ac87c675bef61632ced0e5b189390b3b43146bbcd54303	CURRENT_BUSINESS_DATA	PRIVATE_COMMERCIAL	LOW
MSW_2026	2026/4. Apr/PL/PL SMH Periode 1-3 April 2026/4. PL Run Out Periode 1-30 April 2026.jpg	4. PL Run Out Periode 1-30 April 2026.jpg	jpg	332865	1d57655d66a3b976113923bceb7d97383a613da74625558550c1240dca5f4425	CURRENT_BUSINESS_DATA	PRIVATE_COMMERCIAL	LOW
MSW_2026	2026/4. Apr/PL/PL SMH Periode 1-3 April 2026/4. PL Run Out Periode 1-30 April 2026.xlsx	4. PL Run Out Periode 1-30 April 2026.xlsx	xlsx	18946	6a8fe11788f0310d1a91ba82ff1c91de8fe5bf64e99bc5aed903ffb33fd362d7	CURRENT_BUSINESS_DATA	PRIVATE_COMMERCIAL	LOW
MSW_2026	2026/4. Apr/PL/PL SMH Periode 1-3 April 2026/6. MSW (Marketing Secret Weapon) periode 1-30 April 2026.jpeg	6. MSW (Marketing Secret Weapon) periode 1-30 April 2026.jpeg	jpeg	718667	d013f41e033b4a8aff3dd626e3579ec761d15b9f8939cb22d962c70becc9d446	CURRENT_BUSINESS_DATA	PRIVATE_COMMERCIAL	LOW
MSW_2026	2026/5. Mei/Juklak/032 - Juklak Program Sales Support Periode Mei 2026_Dealer.pdf	032 - Juklak Program Sales Support Periode Mei 2026_Dealer.pdf	pdf	1368460	9c0bdffa9a582b809ae0537e6e9399a02b3e7ca1ae6d261241e843120c00c0bb	CURRENT_BUSINESS_DATA	PRIVATE_COMMERCIAL	LOW
MSW_2026	2026/5. Mei/Juklak/034 - Form Lamp. BAST program Voucher EM1 e Series & CUV e Series periode Mei 2026.xlsx	034 - Form Lamp. BAST program Voucher EM1 e Series & CUV e Series periode Mei 2026.xlsx	xlsx	24883	1cf8b8708537f75ae1472effe72740074014089f4d648f3bf66c9d5fc0bd742b	CURRENT_BUSINESS_DATA	PRIVATE_COMMERCIAL	LOW
MSW_2026	2026/5. Mei/Juklak/034 - Juklak Program Sales Support Motor EV Periode Mei 2026_Dealer.pdf	034 - Juklak Program Sales Support Motor EV Periode Mei 2026_Dealer.pdf	pdf	1624072	173d712fb55d32a205d0b6db49e5a58f6bbcc530181026101f3d460722e1bebf	CURRENT_BUSINESS_DATA	PRIVATE_COMMERCIAL	LOW
MSW_2026	2026/5. Mei/Juklak/036 - Form Lamp. BAST program Special Gift Honda periode Mei 2026.xlsx	036 - Form Lamp. BAST program Special Gift Honda periode Mei 2026.xlsx	xlsx	25210	9235fa4883dbfcdb371f8db21bc8bff2e242053803c38da416336373e77754f3	CURRENT_BUSINESS_DATA	PRIVATE_COMMERCIAL	LOW
MSW_2026	2026/5. Mei/Juklak/036 - Juklak Program Special Gift Honda Periode Mei 2026.pdf	036 - Juklak Program Special Gift Honda Periode Mei 2026.pdf	pdf	1425504	0d8f699eb1f9b2f9eb20b92c59887913fa3d6b9c3448b670e765590b99218242	CURRENT_BUSINESS_DATA	PRIVATE_COMMERCIAL	LOW
MSW_2026	2026/5. Mei/Juklak/037 - Form Surat Informasi Syarat Klaim yang belum terpenuhi periode Mei 2026.docx	037 - Form Surat Informasi Syarat Klaim yang belum terpenuhi periode Mei 2026.docx	docx	17283	07310b87dd0380bef5a8a249cdc65f0d9cbc29d0257f1332a4548fa77a668638	CURRENT_BUSINESS_DATA	PRIVATE_COMMERCIAL	LOW
MSW_2026	2026/5. Mei/Juklak/037 - Form Surat Konfirmasi penjualan yang tidak mengikuti program periode Mei 2026.docx	037 - Form Surat Konfirmasi penjualan yang tidak mengikuti program periode Mei 2026.docx	docx	16805	44bed2dad10f0202381c18cbcf0b34179b2220a5b77ef04097b936e4df0dbd10	CURRENT_BUSINESS_DATA	PRIVATE_COMMERCIAL	LOW
MSW_2026	2026/5. Mei/Juklak/037 - Juklak Tata Cara Klaim Periode Mei 2026.pdf	037 - Juklak Tata Cara Klaim Periode Mei 2026.pdf	pdf	2831338	ba1dccee7f4af303c6039506311d0d435feefb121f391b79a8d2106618c2b323	CURRENT_BUSINESS_DATA	PRIVATE_COMMERCIAL	LOW
MSW_2026	2026/5. Mei/Juklak/05. Data ID Sales Program Mei 2026.xlsx	05. Data ID Sales Program Mei 2026.xlsx	xlsx	17820	be53bc3f40f529a7ffdb5e6b7c4f86ffced8a11ca4dcc858f8df04b1db9f9183	CURRENT_BUSINESS_DATA	PRIVATE_COMMERCIAL	LOW
MSW_2026	2026/5. Mei/MSW/1. PL SMH 1 periode 1-31 Mei 2026.jpg	1. PL SMH 1 periode 1-31 Mei 2026.jpg	jpg	1338189	1c372d293d6c7041842a1faa86a83a331a0673ceea0777c31bc4fd05260c57bd	CURRENT_BUSINESS_DATA	PRIVATE_COMMERCIAL	LOW
MSW_2026	2026/5. Mei/MSW/1. PL SMH 2 periode 1-31 Mei 2026.jpg	1. PL SMH 2 periode 1-31 Mei 2026.jpg	jpg	1027211	dc8340a89dde24667b4f15aedd6813182aadba14e7c3ecb4cf9f9273f54e0f5c	CURRENT_BUSINESS_DATA	PRIVATE_COMMERCIAL	LOW
MSW_2026	2026/5. Mei/MSW/1. PL SMH periode 1-31 Mei 2026.xlsx	1. PL SMH periode 1-31 Mei 2026.xlsx	xlsx	1018268	7183d9bd50589c542d738496fee1d500e8bbe2b882e53f97cf90312f79e5b559	CURRENT_BUSINESS_DATA	PRIVATE_COMMERCIAL	LOW
MSW_2026	2026/5. Mei/MSW/2. PL SMH Accessories periode 1-31 Mei 2026.jpg	2. PL SMH Accessories periode 1-31 Mei 2026.jpg	jpg	1354204	b80e838f9b813f73607a37c053e78ff09fcbde8bfe4d7c7a74c8b35339f96eb7	CURRENT_BUSINESS_DATA	PRIVATE_COMMERCIAL	LOW
MSW_2026	2026/5. Mei/MSW/2. PL SMH Accessories periode 1-31 Mei 2026.xlsx	2. PL SMH Accessories periode 1-31 Mei 2026.xlsx	xlsx	290221	abead6df5971dbc0793b6283927612e9ae972ad55e2c49166120d68f23a07b00	CURRENT_BUSINESS_DATA	PRIVATE_COMMERCIAL	LOW
MSW_2026	2026/5. Mei/MSW/3. PL Run Out Periode 1-31 Mei 2026.jpg	3. PL Run Out Periode 1-31 Mei 2026.jpg	jpg	610636	17a388fa4b913c2af3004aea52181817e1bec009510eab16a0fbcb4706003866	CURRENT_BUSINESS_DATA	PRIVATE_COMMERCIAL	LOW
MSW_2026	2026/5. Mei/MSW/3. PL Run Out Periode 1-31 Mei 2026.xlsx	3. PL Run Out Periode 1-31 Mei 2026.xlsx	xlsx	21531	493503ffe489e6a63a7c5458c0833a952dd42bb425ef0a3b7de89b57e8beca35	CURRENT_BUSINESS_DATA	PRIVATE_COMMERCIAL	LOW
MSW_2026	2026/5. Mei/MSW/4. PL Premium 1 periode 1-31 Mei 2026.jpg	4. PL Premium 1 periode 1-31 Mei 2026.jpg	jpg	534387	3b3fae3d34bec4be250f76c337857a69c41b8b486172ed7ed9f18b71fdb9b0a0	CURRENT_BUSINESS_DATA	PRIVATE_COMMERCIAL	LOW
MSW_2026	2026/5. Mei/MSW/4. PL Premium 2 periode 1-31 Mei 2026.jpg	4. PL Premium 2 periode 1-31 Mei 2026.jpg	jpg	612842	d0f28a42d6354b96e295a40562dce2cee0fe98650c395639b5b928dcbc9bb60c	CURRENT_BUSINESS_DATA	PRIVATE_COMMERCIAL	LOW
MSW_2026	2026/5. Mei/MSW/4. PL Premium periode 1-31 Mei 2026.xlsx	4. PL Premium periode 1-31 Mei 2026.xlsx	xlsx	417809	2354bf41c4d2fd989e77e4b7728e60aaa0d77d027ba82673bf045ecd835a2790	CURRENT_BUSINESS_DATA	PRIVATE_COMMERCIAL	LOW
MSW_2026	2026/5. Mei/MSW/5. PL EV periode 1-31 Mei 2026.jpg	5. PL EV periode 1-31 Mei 2026.jpg	jpg	503829	3040a65650b4a07c9902bafc6bcfad9d9f25abf023d60096abd7593f172e77fe	CURRENT_BUSINESS_DATA	PRIVATE_COMMERCIAL	LOW
MSW_2026	2026/5. Mei/MSW/5. PL EV periode 1-31 Mei 2026.xlsx	5. PL EV periode 1-31 Mei 2026.xlsx	xlsx	373053	adc5a81f3eada7ce70ed31591ce032aa714358de0b9479ecbb57af626eb2c0d5	CURRENT_BUSINESS_DATA	PRIVATE_COMMERCIAL	LOW
MSW_2026	2026/5. Mei/MSW/6. MSW (Marketing Secret Weapon) periode 1-31 Mei 2026.jpeg	6. MSW (Marketing Secret Weapon) periode 1-31 Mei 2026.jpeg	jpeg	778298	c0f83be6dd53d429b6e44a3a87a31995327b7d517e69ca9ef942bd09bd8f8f45	CURRENT_BUSINESS_DATA	PRIVATE_COMMERCIAL	LOW
MSW_2026	2026/6. Juni/Juklak/041 - Juklak Program Sales Support Periode Juni 2026_Dealer.pdf	041 - Juklak Program Sales Support Periode Juni 2026_Dealer.pdf	pdf	582457	5735cbf36ddf47505c1f9516e8ddd697aaca3f4dee698f4cdc65c912d355fd1d	CURRENT_BUSINESS_DATA	PRIVATE_COMMERCIAL	LOW
MSW_2026	2026/6. Juni/Juklak/043 - Form Surat Konfirmasi penjualan yang tidak mengikuti program periode Juni 2026.docx	043 - Form Surat Konfirmasi penjualan yang tidak mengikuti program periode Juni 2026.docx	docx	16817	07d57d985da62e62aaa969d28630d59b9e12c18f71f551c249c77abaf6589fa2	CURRENT_BUSINESS_DATA	PRIVATE_COMMERCIAL	LOW
MSW_2026	2026/6. Juni/Juklak/043 - Juklak Tata Cara Klaim Periode Juni 2026.pdf	043 - Juklak Tata Cara Klaim Periode Juni 2026.pdf	pdf	500828	d610aec9f9f1aeac72b89d357ef697b466c73889f5e2b62113ba64ddbaecce7d	CURRENT_BUSINESS_DATA	PRIVATE_COMMERCIAL	LOW
MSW_2026	2026/6. Juni/Juklak/06. Data ID Sales Program Juni 2026.xlsx	06. Data ID Sales Program Juni 2026.xlsx	xlsx	17667	4433a9bdfadef61887ef614637e9735bde1175a3cefba200ac0bba6f25ea9999	CURRENT_BUSINESS_DATA	PRIVATE_COMMERCIAL	LOW
MSW_2026	2026/6. Juni/MSW/045 - Juklak program khusus tipe EM1 e Series periode 13-30 Juni 2026_Finco.pdf	045 - Juklak program khusus tipe EM1 e Series periode 13-30 Juni 2026_Finco.pdf	pdf	713591	8f01c73fd45576b73e711d2523093f19f04eea948bb674b286522ce250394c43	CURRENT_BUSINESS_DATA	PRIVATE_COMMERCIAL	LOW
MSW_2026	2026/6. Juni/MSW/1. PL SMH 1 periode 1-30 Juni 2026.jpg	1. PL SMH 1 periode 1-30 Juni 2026.jpg	jpg	1299335	36c3b3ba70de88a75137d40114ab750fb39d003c6091b23d36de3ae56ba1c1f9	CURRENT_BUSINESS_DATA	PRIVATE_COMMERCIAL	LOW
MSW_2026	2026/6. Juni/MSW/1. PL SMH 2 periode 1-30 Juni 2026.jpg	1. PL SMH 2 periode 1-30 Juni 2026.jpg	jpg	924029	d1d253d2103c836893653bfb4c02249aa272fa5557f3708e837777b8961d8cef	CURRENT_BUSINESS_DATA	PRIVATE_COMMERCIAL	LOW
MSW_2026	2026/6. Juni/MSW/1. PL SMH periode 1-30 Juni 2026.xlsx	1. PL SMH periode 1-30 Juni 2026.xlsx	xlsx	990719	34582cda01fb2ed8b24596e593e900ec3a76fe78c1de882485296fa37c6857d6	CURRENT_BUSINESS_DATA	PRIVATE_COMMERCIAL	LOW
MSW_2026	2026/6. Juni/MSW/2. PL SMH Accessories periode 1-30 Juni 2026.jpg	2. PL SMH Accessories periode 1-30 Juni 2026.jpg	jpg	1328074	23e175666c594413db45876e1c5540136fc14ae8e4bacc79a66cdeca1b6ace74	CURRENT_BUSINESS_DATA	PRIVATE_COMMERCIAL	LOW
MSW_2026	2026/6. Juni/MSW/2. PL SMH Accessories periode 1-30 Juni 2026.xlsx	2. PL SMH Accessories periode 1-30 Juni 2026.xlsx	xlsx	273025	98e9bf45d38c68b50d3b1b73fa984040ead4697b9b7ca012d7d101daf3f00d03	CURRENT_BUSINESS_DATA	PRIVATE_COMMERCIAL	LOW
MSW_2026	2026/6. Juni/MSW/3. PL Run Out Periode 1-30 Juni 2026.jpg	3. PL Run Out Periode 1-30 Juni 2026.jpg	jpg	530951	33810503b68a426c52fdc912e6974bc99b622b6affe55eb8de06adcb8b623da1	CURRENT_BUSINESS_DATA	PRIVATE_COMMERCIAL	LOW
MSW_2026	2026/6. Juni/MSW/3. PL Run Out Periode 1-30 Juni 2026.xlsx	3. PL Run Out Periode 1-30 Juni 2026.xlsx	xlsx	20574	b93472da56987b537b1245f83dc15dc5487e51979431e0126a4e59fc12d9e402	CURRENT_BUSINESS_DATA	PRIVATE_COMMERCIAL	LOW
MSW_2026	2026/6. Juni/MSW/4. PL Premium 1 periode 1-30 Juni 2026.jpg	4. PL Premium 1 periode 1-30 Juni 2026.jpg	jpg	534755	5e23b05f579dcb704afb29ccf112e76dab59b1dba8338bf6971fb78279e0ae85	CURRENT_BUSINESS_DATA	PRIVATE_COMMERCIAL	LOW
MSW_2026	2026/6. Juni/MSW/4. PL Premium 2 periode 1-30 Juni 2026.jpg	4. PL Premium 2 periode 1-30 Juni 2026.jpg	jpg	616926	510909db586b3bddc3eefce2baad003e350875897cf960fb1c9474a37535e2ca	CURRENT_BUSINESS_DATA	PRIVATE_COMMERCIAL	LOW
MSW_2026	2026/6. Juni/MSW/4. PL Premium periode 1-30 Juni 2026.xlsx	4. PL Premium periode 1-30 Juni 2026.xlsx	xlsx	418209	8f5afe08d8e010cdfee7290656519fcb70b610875c8de73c841ef1f0ef49d368	CURRENT_BUSINESS_DATA	PRIVATE_COMMERCIAL	LOW
MSW_2026	2026/6. Juni/MSW/5. PL EV periode 1-30 Juni 2026.jpg	5. PL EV periode 1-30 Juni 2026.jpg	jpg	468785	49659fa551864b87fccd1d937f9593290a43aa2880cf1de51c6c1c67c8ac5b91	CURRENT_BUSINESS_DATA	PRIVATE_COMMERCIAL	LOW
MSW_2026	2026/6. Juni/MSW/5. PL EV periode 1-30 Juni 2026.xlsx	5. PL EV periode 1-30 Juni 2026.xlsx	xlsx	302803	74db5d8acbd12073f0c31ad79d373be5321ce6dad43dfbab28b30c51c805344f	CURRENT_BUSINESS_DATA	PRIVATE_COMMERCIAL	LOW
MSW_2026	2026/6. Juni/MSW/6. MSW (Marketing Secret Weapon) periode 1-30 Juni 2026.jpeg	6. MSW (Marketing Secret Weapon) periode 1-30 Juni 2026.jpeg	jpeg	742594	3e45cc461a93ca266c04f7b12b91928bbef2539fe059e90acd443c223db420fe	CURRENT_BUSINESS_DATA	PRIVATE_COMMERCIAL	LOW
MSW_2026	2026/6. Juni/MSW/7. PL EM1 periode 13-30 Juni 2026.jpg	7. PL EM1 periode 13-30 Juni 2026.jpg	jpg	453608	dcbe83d6bf7c560f77059fced35f3fb0d52309cd86850a0b02aa208e257994bb	CURRENT_BUSINESS_DATA	PRIVATE_COMMERCIAL	LOW
MSW_2026	2026/7. Juli/JUKLAK/046 - Juklak Program Sales Support Periode Juli 2026_Dealer.pdf	046 - Juklak Program Sales Support Periode Juli 2026_Dealer.pdf	pdf	588283	06afbff400fcbff01067786b0c453630c5a9b2bc8990d41573543cb329ed0e0f	CURRENT_BUSINESS_DATA	PRIVATE_COMMERCIAL	LOW
MSW_2026	2026/7. Juli/JUKLAK/048 - Form Lamp. BAST program Special Gift Honda periode Juli 2026.xlsx	048 - Form Lamp. BAST program Special Gift Honda periode Juli 2026.xlsx	xlsx	25313	3850240b0cde2afa2b237461419d720426597890f71d36aee2f5efac253f101d	CURRENT_BUSINESS_DATA	PRIVATE_COMMERCIAL	LOW
MSW_2026	2026/7. Juli/JUKLAK/048 - Juklak Program Special Gift Honda Periode Juli 2026.pdf	048 - Juklak Program Special Gift Honda Periode Juli 2026.pdf	pdf	605510	423d849c807e59d89f6fffc763bd6367083686afd7ec03994c175dad86270f63	CURRENT_BUSINESS_DATA	PRIVATE_COMMERCIAL	LOW
MSW_2026	2026/7. Juli/JUKLAK/049 - Form Surat Informasi Syarat Klaim yang belum terpenuhi periode Juli 2026.docx	049 - Form Surat Informasi Syarat Klaim yang belum terpenuhi periode Juli 2026.docx	docx	17337	4b565b3e2dcddf9992cf3e3a735156580afc5624e3b9dfc6c3e989a272e16ee6	CURRENT_BUSINESS_DATA	PRIVATE_COMMERCIAL	LOW
MSW_2026	2026/7. Juli/JUKLAK/049 - Form Surat Konfirmasi penjualan yang tidak mengikuti program periode Juli 2026.docx	049 - Form Surat Konfirmasi penjualan yang tidak mengikuti program periode Juli 2026.docx	docx	16853	8c2f1d10b4074bf1701951a4bfe80cdf9a25ec17af8ed56eae08af56285da7cf	CURRENT_BUSINESS_DATA	PRIVATE_COMMERCIAL	LOW
MSW_2026	2026/7. Juli/JUKLAK/049 - Juklak Tata Cara Klaim Periode Juli 2026.pdf	049 - Juklak Tata Cara Klaim Periode Juli 2026.pdf	pdf	514437	afbd1453be8376f3d03ee93f679021a4bf2fd62c7b20e0c9c5ce29193acf513b	CURRENT_BUSINESS_DATA	PRIVATE_COMMERCIAL	LOW
MSW_2026	2026/7. Juli/JUKLAK/07. Data ID Sales Program Juli 2026.xlsx	07. Data ID Sales Program Juli 2026.xlsx	xlsx	20403	aa75c09d878eb13e00a9432eee19f634a7e87bc9d335cad4b08abc2d4f1c3b50	CURRENT_BUSINESS_DATA	PRIVATE_COMMERCIAL	LOW
MSW_2026	2026/7. Juli/MSW/1. PL SMH 1 periode 2-31 Juli 2026.jpg	1. PL SMH 1 periode 2-31 Juli 2026.jpg	jpg	1254125	68155c8b2c0dfbd4dccfe90db81c832a50eebd17ca2a51e90dfbab6e44c21f82	CURRENT_BUSINESS_DATA	PRIVATE_COMMERCIAL	LOW
MSW_2026	2026/7. Juli/MSW/1. PL SMH 2 periode 2-31 Juli 2026.jpg	1. PL SMH 2 periode 2-31 Juli 2026.jpg	jpg	891115	825b342b62536a0e67401b806c1bc6269cafdbc5bf1a121dad714f24ca90fb50	CURRENT_BUSINESS_DATA	PRIVATE_COMMERCIAL	LOW
MSW_2026	2026/7. Juli/MSW/1. PL SMH periode 2-31 Juli 2026.xlsx	1. PL SMH periode 2-31 Juli 2026.xlsx	xlsx	931392	48314c3fc33558b22e8597e88dce56f99dd23c200a2cf2e9fbb86eff909af37c	CURRENT_BUSINESS_DATA	PRIVATE_COMMERCIAL	LOW
MSW_2026	2026/7. Juli/MSW/2. PL SMH Accessories periode 2-31 Juli 2026.jpg	2. PL SMH Accessories periode 2-31 Juli 2026.jpg	jpg	1298833	da5b07fccd02ddb0fbd048d3f31a43346ca0e1b2721929cb7b66cff7e04c6d49	CURRENT_BUSINESS_DATA	PRIVATE_COMMERCIAL	LOW
MSW_2026	2026/7. Juli/MSW/2. PL SMH Accessories periode 2-31 Juli 2026.xlsx	2. PL SMH Accessories periode 2-31 Juli 2026.xlsx	xlsx	347464	bbe96a3217940d34fa8ffab921897f93db594510604939a4112f50ec12da1041	CURRENT_BUSINESS_DATA	PRIVATE_COMMERCIAL	LOW
MSW_2026	2026/7. Juli/MSW/3. Update PL BeAT MMC & New Vario Evo 160 Series Periode 3-31 Juli 2026.jpg	3. Update PL BeAT MMC & New Vario Evo 160 Series Periode 3-31 Juli 2026.jpg	jpg	878198	7de4db29cc0e4bb17483ac30486f91fba6b72a55bc7cb1e8921ab2c90c33c067	CURRENT_BUSINESS_DATA	PRIVATE_COMMERCIAL	LOW
MSW_2026	2026/7. Juli/MSW/3. Update PL BeAT MMC & New Vario Evo 160 Series Periode 3-31 Juli 2026.xlsx	3. Update PL BeAT MMC & New Vario Evo 160 Series Periode 3-31 Juli 2026.xlsx	xlsx	843295	8c30d120162a388d53961c429b4e24289a6795eb98a97d207d81146a066753ba	CURRENT_BUSINESS_DATA	PRIVATE_COMMERCIAL	LOW
MSW_2026	2026/7. Juli/MSW/5. PL Premium 1 periode 1-31 Juli 2026.jpg	5. PL Premium 1 periode 1-31 Juli 2026.jpg	jpg	542404	c9fd6ee9ec9ae2367335d777f87f0030adb380d4e2b048f919701a9f182a15bd	CURRENT_BUSINESS_DATA	PRIVATE_COMMERCIAL	LOW
MSW_2026	2026/7. Juli/MSW/5. PL Premium 2 periode 1-31 Juli 2026.jpg	5. PL Premium 2 periode 1-31 Juli 2026.jpg	jpg	636109	1317dae36567901db56cc195bc84afe1e620b050b601a7ad266c6c7bf3b3b004	CURRENT_BUSINESS_DATA	PRIVATE_COMMERCIAL	LOW
MSW_2026	2026/7. Juli/MSW/5. PL Premium periode 1-31 Juli 2026.xlsx	5. PL Premium periode 1-31 Juli 2026.xlsx	xlsx	418011	8e5796128a353d25ae98b1df3cd3bbdd8c42d3736086ea5d8fd06e2c779e7dd5	CURRENT_BUSINESS_DATA	PRIVATE_COMMERCIAL	LOW
MSW_2026	2026/7. Juli/MSW/6. PL EV periode 1-31 Juli 2026.jpg	6. PL EV periode 1-31 Juli 2026.jpg	jpg	489279	2bf76f8559f066103bb36775c408a292c462d3a5dc4b491943e61f51a7c11a93	CURRENT_BUSINESS_DATA	PRIVATE_COMMERCIAL	LOW
MSW_2026	2026/7. Juli/MSW/6. PL EV periode 1-31 Juli 2026.xlsx	6. PL EV periode 1-31 Juli 2026.xlsx	xlsx	345186	678271c04891f82894a080508a51be454c0a505754b1720bf0ee8e5c44230b38	CURRENT_BUSINESS_DATA	PRIVATE_COMMERCIAL	LOW
MSW_2026	2026/7. Juli/MSW/7. MSW (Marketing Secret Weapon) periode 2-31 Juli 2026.jpg	7. MSW (Marketing Secret Weapon) periode 2-31 Juli 2026.jpg	jpg	1216698	c0d190ef02db69bafe11adb41a7bad75c57ab002860760760b4ad55177f4b91e	CURRENT_BUSINESS_DATA	PRIVATE_COMMERCIAL	LOW
MSW_2026	2026/7. Juli/MSW/PL SMH Periode 1 Juli 2026 (TIDAK BERLAKU)/1. PL SMH 1 periode 1-31 Juli 2026.jpg	1. PL SMH 1 periode 1-31 Juli 2026.jpg	jpg	1307169	93321d9fa6d59fb67833b5f3d7ae54c95c9884139d4ef4bd1ecf02f72f93b6d8	CURRENT_BUSINESS_DATA	PRIVATE_COMMERCIAL	LOW
MSW_2026	2026/7. Juli/MSW/PL SMH Periode 1 Juli 2026 (TIDAK BERLAKU)/1. PL SMH 2 periode 1-31 Juli 2026.jpg	1. PL SMH 2 periode 1-31 Juli 2026.jpg	jpg	895461	c3fa606ff9fff720e26a4345d4b912bd26f9017d7d25c88ae98c79fe34c9fb90	CURRENT_BUSINESS_DATA	PRIVATE_COMMERCIAL	LOW
MSW_2026	2026/7. Juli/MSW/PL SMH Periode 1 Juli 2026 (TIDAK BERLAKU)/1. PL SMH periode 1-31 Juli 2026.xlsx	1. PL SMH periode 1-31 Juli 2026.xlsx	xlsx	919407	e2c852df6d3563c72cf6b94c99d6d98d16c0e2d39dd37d746d2b34c5f6321d3c	CURRENT_BUSINESS_DATA	PRIVATE_COMMERCIAL	LOW
MSW_2026	2026/7. Juli/MSW/PL SMH Periode 1 Juli 2026 (TIDAK BERLAKU)/2. PL SMH Accessories periode 1-31 Juli 2026.jpg	2. PL SMH Accessories periode 1-31 Juli 2026.jpg	jpg	1310135	b88db4cbdb7aa025d1ad685fcf132ad19ae8dc1a0fc0ffbac71ea59a4a64df8d	CURRENT_BUSINESS_DATA	PRIVATE_COMMERCIAL	LOW
MSW_2026	2026/7. Juli/MSW/PL SMH Periode 1 Juli 2026 (TIDAK BERLAKU)/2. PL SMH Accessories periode 1-31 Juli 2026.xlsx	2. PL SMH Accessories periode 1-31 Juli 2026.xlsx	xlsx	317594	c7031a6c649bc4fe65c75e96a796292b9f1c7060e1458577cfe4923764618975	CURRENT_BUSINESS_DATA	PRIVATE_COMMERCIAL	LOW
MSW_2026	2026/7. Juli/MSW/PL SMH Periode 1 Juli 2026 (TIDAK BERLAKU)/3. PL New Vario Evo 160 periode 1-31 Juli 2026.jpg	3. PL New Vario Evo 160 periode 1-31 Juli 2026.jpg	jpg	410346	c01ad63edd0da3dbe09825791d9c9ceac69e333e470e09e5b40be90e6ae5c82a	CURRENT_BUSINESS_DATA	PRIVATE_COMMERCIAL	LOW
MSW_2026	2026/7. Juli/MSW/PL SMH Periode 1 Juli 2026 (TIDAK BERLAKU)/3. PL New Vario Evo 160 periode 1-31 Juli 2026.xlsx	3. PL New Vario Evo 160 periode 1-31 Juli 2026.xlsx	xlsx	626251	96771885fc14cbf806e8d4d2938526baeaa07abdef9b8963a298164656387104	CURRENT_BUSINESS_DATA	PRIVATE_COMMERCIAL	LOW
MSW_2026	2026/7. Juli/MSW/PL SMH Periode 1 Juli 2026 (TIDAK BERLAKU)/7. MSW (Marketing Secret Weapon) periode 1-31 Juli 2026.png	7. MSW (Marketing Secret Weapon) periode 1-31 Juli 2026.png	png	1880384	63cc71049c60c94df6bb795b1638fc1397a45a9372055cd27d316c90cb3a9679	CURRENT_BUSINESS_DATA	PRIVATE_COMMERCIAL	LOW
MSW_2026	2026/8. Agu/Juklak/056 - Juklak Program Sales Support Periode Agustus 2026_Dealer.pdf	056 - Juklak Program Sales Support Periode Agustus 2026_Dealer.pdf	pdf	1469043	0fab08a636f7e5132911f2825ac3e0867c28de82972b52d563c8d7819d0da966	CURRENT_BUSINESS_DATA	PRIVATE_COMMERCIAL	LOW
MSW_2026	2026/8. Agu/Juklak/058 - Form Lamp. BAST program Special Gift Honda periode Agustus 2026.xlsx	058 - Form Lamp. BAST program Special Gift Honda periode Agustus 2026.xlsx	xlsx	25251	4448fc94e499ec405412610dbac00f08d5f013c44c64228a4ee3c21f521c02db	CURRENT_BUSINESS_DATA	PRIVATE_COMMERCIAL	LOW
MSW_2026	2026/8. Agu/Juklak/058 - Juklak Program Special Gift Honda Periode Agustus 2026.pdf	058 - Juklak Program Special Gift Honda Periode Agustus 2026.pdf	pdf	1051320	fc6e51fe7508d8df37a9d35ffad1210215c1c0f2f7ab949f884e8b0daa8c18b7	CURRENT_BUSINESS_DATA	PRIVATE_COMMERCIAL	LOW
MSW_2026	2026/8. Agu/Juklak/059 - Form Surat Informasi Syarat Klaim yang belum terpenuhi periode Agustus 2026.docx	059 - Form Surat Informasi Syarat Klaim yang belum terpenuhi periode Agustus 2026.docx	docx	17346	d7519072848f507bf26c045c3fdc5b376be8a5c8f78760d3eb3c0dbf4d81ebc0	CURRENT_BUSINESS_DATA	PRIVATE_COMMERCIAL	LOW
MSW_2026	2026/8. Agu/Juklak/059 - Form Surat Konfirmasi penjualan yang tidak mengikuti program periode Agustus 2026.docx	059 - Form Surat Konfirmasi penjualan yang tidak mengikuti program periode Agustus 2026.docx	docx	16850	fb1dea2752581389d4ec08d86e3a54120bbca27942d65870e8cb73a3f1fe1d01	CURRENT_BUSINESS_DATA	PRIVATE_COMMERCIAL	LOW
MSW_2026	2026/8. Agu/Juklak/059 - Juklak Tata Cara Klaim Periode Agustus 2026.pdf	059 - Juklak Tata Cara Klaim Periode Agustus 2026.pdf	pdf	1861117	8fd6792ea543784d00d83206a64f5ab8c3cd9c9ff02f81ee722388c3e23a2f58	CURRENT_BUSINESS_DATA	PRIVATE_COMMERCIAL	LOW
MSW_2026	2026/8. Agu/Juklak/08. Data ID Sales Program Agustus 2026.xlsx	08. Data ID Sales Program Agustus 2026.xlsx	xlsx	20288	48be5ddb25649000ecb7a58f1f45ad326a5b2e17033fcce7eabfb5045a5907b0	CURRENT_BUSINESS_DATA	PRIVATE_COMMERCIAL	LOW
MSW_2026	2026/8. Agu/MSW PL/1. PL SMH 1 periode Agustus 2026.jpg	1. PL SMH 1 periode Agustus 2026.jpg	jpg	1234356	bc0097bf006af625f6a94fc0ab99773dc59fdfc414d0fb1019db768e3005fc11	CURRENT_BUSINESS_DATA	PRIVATE_COMMERCIAL	LOW
MSW_2026	2026/8. Agu/MSW PL/1. PL SMH 2 periode Agustus 2026.jpg	1. PL SMH 2 periode Agustus 2026.jpg	jpg	856614	90d592c044c1ae7ea4956e03cee0bc64330248d3494e84930949ab3f2c58111a	CURRENT_BUSINESS_DATA	PRIVATE_COMMERCIAL	LOW
MSW_2026	2026/8. Agu/MSW PL/1. PL SMH periode Agustus 2026.xlsx	1. PL SMH periode Agustus 2026.xlsx	xlsx	787813	6c3ce48cf01faf1ee29bc0e5af2b7cd1a2299813be8b5a8fcc80e5f40d1a5af8	CURRENT_BUSINESS_DATA	PRIVATE_COMMERCIAL	LOW
MSW_2026	2026/8. Agu/MSW PL/2. PL SMH Accessories periode Agustus 2026.jpg	2. PL SMH Accessories periode Agustus 2026.jpg	jpg	1286450	4f9a03d66e5c49277996583d33961db62d38722e940fc5931f513ce9a6073ff8	CURRENT_BUSINESS_DATA	PRIVATE_COMMERCIAL	LOW
MSW_2026	2026/8. Agu/MSW PL/2. PL SMH Accessories periode Agustus 2026.xlsx	2. PL SMH Accessories periode Agustus 2026.xlsx	xlsx	305628	566e95a14d038a2784abb9b051e66e4a28a870ebbe473a3c4edd0a54e4b812ab	CURRENT_BUSINESS_DATA	PRIVATE_COMMERCIAL	LOW
MSW_2026	2026/8. Agu/MSW PL/3. PL BeAT MMC Agustus 2026.jpg	3. PL BeAT MMC Agustus 2026.jpg	jpg	604092	a08868b3d3809798d7feacc437b9bbc91dbb7320df844706d91eae262c728c92	CURRENT_BUSINESS_DATA	PRIVATE_COMMERCIAL	LOW
MSW_2026	2026/8. Agu/MSW PL/3. PL BeAT MMC Agustus 2026.xlsx	3. PL BeAT MMC Agustus 2026.xlsx	xlsx	346096	485009d939e3d758e7fb9eeade4261ae23f152f8666c8e8902e899afc5e9349f	CURRENT_BUSINESS_DATA	PRIVATE_COMMERCIAL	LOW
MSW_2026	2026/8. Agu/MSW PL/5. PL Premium 1 periode Agustus 2026.jpg	5. PL Premium 1 periode Agustus 2026.jpg	jpg	532748	9233a47991d4ffa06f293ba615dea184fe0cfaf728ce438c7f61fbeff0f2ac46	CURRENT_BUSINESS_DATA	PRIVATE_COMMERCIAL	LOW
MSW_2026	2026/8. Agu/MSW PL/5. PL Premium 2 periode Agustus 2026.jpg	5. PL Premium 2 periode Agustus 2026.jpg	jpg	620122	3358682d15cb9498dcc52fc5132fe44a706439e062a3002de56a14856c4095ca	CURRENT_BUSINESS_DATA	PRIVATE_COMMERCIAL	LOW
MSW_2026	2026/8. Agu/MSW PL/5. PL Premium periode Agustus 2026.xlsx	5. PL Premium periode Agustus 2026.xlsx	xlsx	417399	aeabeb1338ddf02b684dbbf77d094d4fd253000151f09c4385be09a9e8f38e87	CURRENT_BUSINESS_DATA	PRIVATE_COMMERCIAL	LOW
MSW_2026	2026/8. Agu/MSW PL/6. PL EV periode Agustus 2026.jpg	6. PL EV periode Agustus 2026.jpg	jpg	462832	f884786a5f0c54948976a3e89df2b69b3b9d8a8da71cfd042d97e919a907d62c	CURRENT_BUSINESS_DATA	PRIVATE_COMMERCIAL	LOW
MSW_2026	2026/8. Agu/MSW PL/6. PL EV periode Agustus 2026.xlsx	6. PL EV periode Agustus 2026.xlsx	xlsx	291730	c326d0f89b64fd6032b62788bbf942b0a83500bd880a0d8491ad4af0689811be	CURRENT_BUSINESS_DATA	PRIVATE_COMMERCIAL	LOW
MSW_2026	2026/8. Agu/MSW PL/7. MSW (Marketing Secret Weapon) periode Agustus 2026.jpeg	7. MSW (Marketing Secret Weapon) periode Agustus 2026.jpeg	jpeg	624779	f637e457ee20cd6488f5fd8cf8e61b1ec627782c92515d9d38d9cb6f81a590a4	CURRENT_BUSINESS_DATA	PRIVATE_COMMERCIAL	LOW
